market_name,district_name,state,commodity,variety,grade,price_date,modal_price,price_lag_1,price_lag_3,price_lag_7,price_lag_14,price_lag_30,price_change_3d,price_change_7d,price_change_14d,price_change_30d,rolling_mean_7d,rolling_mean_30d,rolling_std_7d,rolling_std_30d,price_vs_ma7,price_vs_ma30,month,day_of_week,crash
Konch,Jalaun (Orai),Uttar Pradesh,Brinjal,Round/Long,FAQ,2024-09-29,1700.0,1700.0,1800.0,1850.0,1500.0,1900.0,-0.0555555555555555,-0.081081081081081,0.1333333333333333,-0.1052631578947368,1716.6666666666667,1652.0833333333333,51.63977794943232,104.75558163677113,-0.0097087378640776,0.0290037831021439,9,6,0
Konch,Jalaun (Orai),Uttar Pradesh,Banana,Banana - Ripe,Medium,2024-09-29,2500.0,2300.0,2300.0,2200.0,2400.0,2300.0,0.0869565217391303,0.1363636363636364,0.0416666666666667,0.0869565217391303,2283.333333333333,2322.9166666666665,116.9045194450012,77.98991945265699,0.0948905109489051,0.0762331838565022,9,6,0
Maudaha,Hamirpur,Uttar Pradesh,Banana,Banana - Ripe,Medium,2024-10-06,2250.0,2150.0,2150.0,2350.0,2050.0,2050.0,0.0465116279069768,-0.0425531914893616,0.0975609756097561,0.0975609756097561,2200.0,2114.705882352941,57.73502691896263,116.94644324747676,0.0227272727272727,0.0639777468706537,10,6,0
Konch,Jalaun (Orai),Uttar Pradesh,Green Chilli,Green Chilly,FAQ,2024-10-21,2500.0,2490.0,4480.0,3000.0,3600.0,3500.0,-0.4419642857142857,-0.1666666666666666,-0.3055555555555556,-0.2857142857142857,2890.0,3185.7894736842104,888.8475684840455,544.6845752816095,-0.1349480968858131,-0.2152651577730051,10,0,0
Mehta,Amritsar,Punjab,Brinjal,Arkasheela Mattigulla,FAQ,2024-10-24,2000.0,1500.0,3000.0,2500.0,2000.0,2500.0,-0.3333333333333333,-0.1999999999999999,0.0,-0.1999999999999999,2166.6666666666665,2410.0,763.7626158259733,608.1849134012517,-0.0769230769230768,-0.1701244813278007,10,3,1
Shahkot,Jalandhar,Punjab,Green Chilli,Other,FAQ,2024-11-01,1100.0,1100.0,1400.0,1400.0,1500.0,1300.0,-0.2142857142857143,-0.2142857142857143,-0.2666666666666667,-0.1538461538461538,1133.3333333333333,1362.5,163.29931618554522,233.4523505985755,-0.0294117647058822,-0.1926605504587155,11,4,0
Varanasi,Varanasi,Uttar Pradesh,Brinjal,Arkasheela Mattigulla,FAQ,2024-11-03,2180.0,2200.0,2250.0,2225.0,2200.0,1980.0,-0.031111111111111,-0.0202247191011235,-0.009090909090909,0.101010101010101,2207.5,2183.4210526315787,29.86078811194826,97.34036263971086,-0.0124575311438278,-0.0015668313848378,11,6,0
Bewar,Mainpuri,Uttar Pradesh,Garlic,Garlic,FAQ,2024-11-03,20000.0,18000.0,18000.0,18500.0,18000.0,13000.0,0.1111111111111111,0.0810810810810811,0.1111111111111111,0.5384615384615385,18666.666666666668,17884.615384615383,1154.700538379251,938.8345202485132,0.0714285714285714,0.1182795698924732,11,6,0
Muktsar,Muktsar,Punjab,Banana,Banana - Ripe,Large,2024-11-10,2500.0,2500.0,2800.0,2200.0,3000.0,2200.0,-0.1071428571428571,0.1363636363636364,-0.1666666666666666,0.1363636363636364,2600.0,2625.0,173.20508075688772,237.8884383296273,-0.0384615384615384,-0.0476190476190476,11,6,0
Gangoh,Saharanpur,Uttar Pradesh,Garlic,Garlic,FAQ,2024-11-11,20200.0,20500.0,20500.0,20500.0,20500.0,20000.0,-0.0146341463414634,-0.0146341463414634,-0.0146341463414634,0.01,20400.0,20510.0,173.20508075688772,133.37718577106935,-0.0098039215686274,-0.01511457825451,11,0,1
Banur,Mohali,Punjab,Brinjal,Other,FAQ,2024-11-12,2000.0,2000.0,2300.0,2000.0,2000.0,2000.0,-0.1304347826086956,0.0,0.0,0.0,2160.0,2285.714285714286,151.65750888103102,759.7932049483692,-0.074074074074074,-0.125,11,1,0
Kuthuparambu,Kannur,Kerala,Brinjal,Brinjal,FAQ,2024-11-14,4000.0,4000.0,6000.0,6000.0,6000.0,5000.0,-0.3333333333333333,-0.3333333333333333,-0.3333333333333333,-0.1999999999999999,4500.0,5390.909090909091,1000.0,719.7281834197232,-0.1111111111111111,-0.2580101180438449,11,3,0
Dhariwal,Gurdaspur,Punjab,Green Chilli,Green Chilly,FAQ,2024-11-15,1500.0,1600.0,1700.0,1600.0,1500.0,1400.0,-0.1176470588235294,-0.0625,0.0,0.0714285714285714,1566.6666666666667,1588.235294117647,57.73502691896261,111.14378604524316,-0.0425531914893617,-0.0555555555555555,11,4,0
Ajnala,Amritsar,Punjab,Brinjal,Brinjal,FAQ,2024-11-21,1750.0,1950.0,1750.0,1950.0,1950.0,1800.0,0.0,-0.1025641025641025,-0.1025641025641025,-0.0277777777777777,1840.0,1852.5,102.469507659596,92.44486265649878,-0.0489130434782608,-0.0553306342780026,11,3,0
Ajnala,Amritsar,Punjab,Green Chilli,Green Chilly,FAQ,2024-11-21,3650.0,3900.0,3650.0,3900.0,1350.0,3500.0,0.0,-0.0641025641025641,1.7037037037037035,0.0428571428571429,3720.0,3552.5,175.35677916750183,546.1528126237583,-0.0188172043010752,0.0274454609429979,11,3,0
Paliakala,Lakhimpur,Uttar Pradesh,Banana,Banana - Ripe,Medium,2024-11-27,2830.0,2820.0,2900.0,2860.0,2980.0,2960.0,-0.0241379310344828,-0.0104895104895105,-0.0503355704697986,-0.0439189189189189,2823.333333333333,2850.0,5.773502691896192,27.386127875259525,0.0023612750885477,-0.0070175438596491,11,2,0
Maur,Bhatinda,Punjab,Banana,Banana - Ripe,Medium,2024-11-28,3200.0,3200.0,3200.0,3200.0,4100.0,2900.0,0.0,0.0,-0.2195121951219512,0.1034482758620689,3200.0,3400.0,0.0,349.284983931459,0.0,-0.0588235294117647,11,3,0
Puwaha,Shahjahanpur,Uttar Pradesh,Banana,Banana - Ripe,Medium,2024-11-29,2800.0,2800.0,2800.0,2700.0,2800.0,2800.0,0.0,0.0370370370370369,0.0,0.0,2833.333333333333,2766.6666666666665,57.73502691896549,55.20017050272136,-0.011764705882353,0.0120481927710844,11,4,0
Shahkot,Jalandhar,Punjab,Brinjal,Other,FAQ,2024-12-03,1400.0,1500.0,1400.0,1400.0,1500.0,1600.0,0.0,0.0,-0.0666666666666666,-0.125,1375.0,1377.7777777777778,125.83057392117917,143.71358589653897,0.018181818181818,0.0161290322580645,12,1,0
Bindki,Fatehpur,Uttar Pradesh,Brinjal,Round/Long,FAQ,2024-12-04,1580.0,1550.0,1530.0,1410.0,1610.0,2230.0,0.0326797385620916,0.1205673758865248,-0.0186335403726708,-0.2914798206278026,1556.6666666666667,1539.4736842105262,20.816659994661308,60.32077992887351,0.0149892933618842,0.0263247863247864,12,2,1
Itawa,Kota,Rajasthan,Garlic,Garlic,FAQ,2024-12-13,17900.0,18100.0,17309.0,22000.0,23950.0,17800.0,0.0341440868912126,-0.1863636363636364,-0.2526096033402922,0.0056179775280897,17077.25,21628.6875,1424.969093232082,3241.265323270117,0.0481781317249556,-0.1723954585778725,12,4,0
Sultanpur,Amethi,Uttar Pradesh,Garlic,Garlic,FAQ,2024-12-17,19300.0,18600.0,18600.0,18900.0,17670.0,15800.0,0.0376344086021505,0.0211640211640211,0.0922467458970006,0.2215189873417722,18724.0,18188.260869565216,325.3920712002661,638.7676499885567,0.0307626575518051,0.0611239930198648,12,1,0
Abohar,Fazilka,Punjab,Brinjal,Brinjal,FAQ,2024-12-18,1700.0,1900.0,1900.0,3000.0,1700.0,1800.0,-0.1052631578947368,-0.4333333333333333,0.0,-0.0555555555555555,1800.0,1995.4166666666667,100.00000000000028,344.20830329991475,-0.0555555555555555,-0.1480476091041971,12,2,0
Sabalgarh(F&V),Morena,Madhya Pradesh,Brinjal,Other,FAQ,2024-12-23,475.0,475.0,675.0,550.0,475.0,625.0,-0.2962962962962963,-0.1363636363636363,0.0,-0.24,480.0,491.4285714285714,8.660254037844387,108.01404060136387,-0.0104166666666666,-0.0334302325581395,12,0,0
Malerkotla,Sangrur,Punjab,Brinjal,Arkasheela Mattigulla,FAQ,2024-12-25,1700.0,1700.0,1700.0,1500.0,1800.0,1500.0,0.0,0.1333333333333333,-0.0555555555555555,0.1333333333333333,1660.0,1494.7368421052631,89.44271909999159,252.70466778990664,0.0240963855421687,0.1373239436619717,12,2,0
Sailana,Ratlam,Madhya Pradesh,Garlic,Desi,FAQ,2024-12-27,19000.0,17050.0,16200.0,24100.0,21510.0,19000.0,0.1728395061728396,-0.2116182572614108,-0.1166899116689911,0.0,18353.33333333333,19395.0,1128.7308507050448,2459.5121467478007,0.0352342898656012,-0.0203660737303428,12,4,1
Paliakala,Lakhimpur,Uttar Pradesh,Green Chilli,Green Chilly,FAQ,2024-12-30,2650.0,2730.0,2720.0,3060.0,3740.0,4330.0,-0.025735294117647,-0.1339869281045751,-0.2914438502673797,-0.3879907621247113,2696.6666666666665,2846.0,41.633319989322594,160.36070452436962,-0.0173053152039553,-0.0688685874912157,12,0,0
Gopiganj,Bhadohi(Sant Ravi Nagar),Uttar Pradesh,Brinjal,Arkasheela Mattigulla,FAQ,2025-01-03,1600.0,1640.0,1660.0,1620.0,1720.0,1830.0,-0.036144578313253,-0.0123456790123457,-0.0697674418604651,-0.1256830601092896,1630.0,1646.428571428571,26.457513110645905,49.22010816342805,-0.0184049079754601,-0.0281995661605205,1,4,0
Gopiganj,Bhadohi(Sant Ravi Nagar),Uttar Pradesh,Garlic,Average,FAQ,2025-01-03,20530.0,20540.0,20700.0,19140.0,18760.0,16400.0,-0.0082125603864734,0.0726227795193312,0.0943496801705756,0.2518292682926828,20590.0,20213.75,77.88880963698615,672.9240564241234,-0.0029140359397765,0.0156452909529405,1,4,0
Samrala,Ludhiana,Punjab,Brinjal,Other,FAQ,2025-01-03,1200.0,1200.0,1300.0,1300.0,1700.0,1800.0,-0.0769230769230768,-0.0769230769230768,-0.2941176470588235,-0.3333333333333333,1250.0,1488.235294117647,54.772255750516585,236.86059439356023,-0.04,-0.1936758893280632,1,4,0
Moga,Moga,Punjab,Brinjal,Other,FAQ,2025-01-04,2000.0,1800.0,1800.0,2300.0,2800.0,1600.0,0.1111111111111111,-0.1304347826086956,-0.2857142857142857,0.25,1666.6666666666667,2367.5,416.3331998932264,454.8785262948895,0.1999999999999999,-0.1552270327349525,1,5,0
Jafarganj,Amethi,Uttar Pradesh,Garlic,Desi,FAQ,2025-01-05,18810.0,18750.0,14750.0,18700.0,18650.0,17620.0,0.2752542372881357,0.0058823529411764,0.0085790884718499,0.0675368898978434,17777.5,18360.5,2018.5039839775843,1227.7899486047145,0.0580790324848825,0.0244819040875792,1,6,0
Dudhi,Sonbhadra,Uttar Pradesh,Cabbage,Cabbage,FAQ,2025-01-06,1100.0,1200.0,1000.0,1000.0,1000.0,900.0,0.1,0.1,0.1,0.2222222222222223,1033.3333333333333,918.75,208.16659994661327,132.75918047351814,0.0645161290322582,0.1972789115646258,1,0,1
"Kalol(Veg,Market,Kalol)",Gandhinagar,Gujarat,Green Chilli,Green Chilly,FAQ,2025-01-13,2500.0,3000.0,3000.0,3500.0,2500.0,2500.0,-0.1666666666666666,-0.2857142857142857,0.0,0.0,3000.0,3027.777777777778,273.8612787525831,291.6666666666667,-0.1666666666666666,-0.1743119266055046,1,0,1
"Kalol(Veg,Market,Kalol)",Gandhinagar,Gujarat,Cabbage,Cabbage,FAQ,2025-01-13,500.0,500.0,500.0,1000.0,1350.0,1500.0,0.0,-0.5,-0.6296296296296297,-0.6666666666666667,525.0,694.4444444444445,61.23724356957945,343.1876713662333,-0.0476190476190476,-0.28,1,0,1
"Kalol(Veg,Market,Kalol)",Gandhinagar,Gujarat,Brinjal,Brinjal,FAQ,2025-01-13,500.0,600.0,600.0,600.0,1500.0,2000.0,-0.1666666666666666,-0.1666666666666666,-0.6666666666666667,-0.75,575.0,616.6666666666666,98.7420882906575,132.28756555322954,-0.1304347826086956,-0.1891891891891891,1,0,0
Sunam,Sangrur,Punjab,Brinjal,Other,FAQ,2025-01-16,900.0,900.0,900.0,1000.0,1000.0,1300.0,0.0,-0.0999999999999999,-0.0999999999999999,-0.3076923076923077,900.0,946.1538461538462,0.0,96.7417922046846,0.0,-0.048780487804878,1,3,0
Ernakulam,Ernakulam,Kerala,Brinjal,Brinjal,FAQ,2025-01-18,5000.0,5000.0,5000.0,3300.0,4800.0,4700.0,0.0,0.5151515151515151,0.0416666666666667,0.0638297872340425,5000.0,4700.0,0.0,550.0000000000009,0.0,0.0638297872340425,1,5,1
Dhuri,Sangrur,Punjab,Banana,Other,Medium,2025-01-20,1700.0,1700.0,1600.0,1600.0,1750.0,1800.0,0.0625,0.0625,-0.0285714285714285,-0.0555555555555555,1716.6666666666667,1871.0526315789475,75.27726527091056,616.7377863209156,-0.0097087378640776,-0.091420534458509,1,0,0
Dasuya,Hoshiarpur,Punjab,Cabbage,Other,FAQ,2025-01-23,700.0,800.0,900.0,900.0,1400.0,1750.0,-0.2222222222222222,-0.2222222222222222,-0.5,-0.6,760.0,787.5,89.44271909999159,83.45229603965015,-0.0789473684210526,-0.1111111111111111,1,3,0
Patan(F&V),Jabalpur,Madhya Pradesh,Brinjal,Arkasheela Mattigulla,FAQ,2025-01-26,2000.0,2000.0,2000.0,2000.0,3000.0,2000.0,0.0,0.0,-0.3333333333333333,0.0,2000.0,2000.0,0.0,0.0,0.0,0.0,1,6,0
Dhariwal,Gurdaspur,Punjab,Brinjal,Brinjal,FAQ,2025-01-28,800.0,800.0,800.0,800.0,900.0,900.0,0.0,0.0,-0.1111111111111111,-0.1111111111111111,800.0,813.3333333333334,0.0,35.186577527436505,0.0,-0.0163934426229508,1,1,0
Siyana,Bulandshahar,Uttar Pradesh,Green Chilli,Green Chilly,FAQ,2025-01-31,2560.0,2560.0,2560.0,2700.0,2450.0,3000.0,0.0,-0.0518518518518518,0.0448979591836735,-0.1466666666666666,2560.0,2546.190476190476,0.0,100.72120881304922,0.0,0.0054236020198241,1,4,0
Samrala,Ludhiana,Punjab,Green Chilli,Other,FAQ,2025-01-31,2500.0,2500.0,2200.0,2200.0,2200.0,1800.0,0.1363636363636364,0.1363636363636364,0.1363636363636364,0.3888888888888888,2500.0,2183.333333333333,0.0,209.3407017561692,0.0,0.1450381679389312,1,4,0
Alipurduar,Alipurduar,West Bengal,Garlic,Garlic,FAQ,2025-02-02,20000.0,21000.0,25000.0,25000.0,26000.0,30000.0,-0.1999999999999999,-0.1999999999999999,-0.2307692307692307,-0.3333333333333333,22600.0,26928.571428571428,2302.1728866442754,3054.184396535728,-0.1150442477876105,-0.2572944297082228,2,6,0
Nagina,Bijnor,Uttar Pradesh,Garlic,Garlic,FAQ,2025-02-03,12000.0,12000.0,18000.0,20000.0,20000.0,13000.0,-0.3333333333333333,-0.4,-0.4,-0.0769230769230768,14400.0,16888.88888888889,3286.335345030997,3756.4758898615514,-0.1666666666666666,-0.2894736842105264,2,0,1
Shahjahanpur,Shahjahanpur,Uttar Pradesh,Garlic,Desi,FAQ,2025-02-06,18720.0,18755.0,18810.0,19700.0,17490.0,16215.0,-0.0047846889952153,-0.0497461928934009,0.0703259005145797,0.154486586493987,18758.75,18871.42857142857,37.50000000000034,540.8381942697382,-0.0020657026720863,-0.0080242240726722,2,3,0
Divai,Bulandshahar,Uttar Pradesh,Green Chilli,Green Chilly,FAQ,2025-02-09,1900.0,1900.0,2000.0,1100.0,1100.0,1100.0,-0.05,0.7272727272727273,0.7272727272727273,0.7272727272727273,1966.6666666666667,1618.1818181818182,81.64965809277265,419.0899230909324,-0.0338983050847457,0.1741573033707864,2,6,0
Divai,Bulandshahar,Uttar Pradesh,Brinjal,Brinjal,FAQ,2025-02-09,1200.0,900.0,1200.0,1400.0,1050.0,1400.0,0.0,-0.1428571428571429,0.1428571428571428,-0.1428571428571429,1070.0,1195.0,156.52475842498524,195.00712237705008,0.1214953271028036,0.0041841004184099,2,6,1
Nadiyad(Chaklasi),Kheda,Gujarat,Cabbage,Cabbage,FAQ,2025-02-10,450.0,400.0,1050.0,1350.0,1600.0,1800.0,-0.5714285714285714,-0.6666666666666667,-0.71875,-0.75,466.6666666666667,892.8571428571429,76.37626158259734,408.6854652710438,-0.0357142857142857,-0.496,2,0,0
Muktsar,Muktsar,Punjab,Banana,Banana - Ripe,Medium,2025-02-12,3500.0,3500.0,3500.0,1800.0,1800.0,2500.0,0.0,0.9444444444444444,0.9444444444444444,0.3999999999999999,3500.0,2437.5,0.0,850.0000000000001,0.0,0.4358974358974359,2,2,0
Fatehpur Sikri,Agra,Uttar Pradesh,Cabbage,Cabbage,FAQ,2025-02-13,530.0,515.0,520.0,640.0,860.0,2170.0,0.0192307692307691,-0.171875,-0.3837209302325581,-0.7557603686635945,516.25,615.0,12.500000000000073,94.1970112215738,0.026634382566586,-0.1382113821138211,2,3,0
Gajol,Malda,West Bengal,Cabbage,Other,FAQ,2025-02-18,1000.0,950.0,850.0,850.0,900.0,1100.0,0.1764705882352941,0.1764705882352941,0.1111111111111111,-0.0909090909090909,900.0,965.625,63.24555320344928,123.4487072971729,0.1111111111111111,0.035598705501618,2,1,0
Falakata,Alipurduar,West Bengal,Garlic,Garlic,FAQ,2025-02-23,15000.0,15000.0,17000.0,22000.0,22000.0,28000.0,-0.1176470588235294,-0.3181818181818182,-0.3181818181818182,-0.4642857142857143,15000.0,19166.666666666668,0.0,3325.74894732092,0.0,-0.2173913043478261,2,6,0
Samana,Patiala,Punjab,Cabbage,Other,FAQ,2025-02-24,2800.0,3000.0,2500.0,1000.0,3500.0,4000.0,0.1200000000000001,1.7999999999999998,-0.1999999999999999,-0.3,2933.333333333333,2166.6666666666665,115.47005383792522,850.0000000000015,-0.0454545454545455,0.2923076923076924,2,0,1
Visoli,Badaun,Uttar Pradesh,Green Chilli,Green Chilly,FAQ,2025-02-24,1000.0,1000.0,1000.0,1000.0,1000.0,1000.0,0.0,0.0,0.0,0.0,1000.0,1000.0,0.0,0.0,0.0,0.0,2,0,0
Varanasi,Varanasi,Uttar Pradesh,Cabbage,Cabbage,FAQ,2025-02-26,580.0,550.0,580.0,550.0,520.0,875.0,0.0,0.0545454545454544,0.1153846153846154,-0.3371428571428572,568.0,557.6470588235294,12.54990039801112,23.459915751312327,0.0211267605633802,0.040084388185654,2,2,0
Varanasi,Varanasi,Uttar Pradesh,Brinjal,Brinjal,FAQ,2025-02-27,1250.0,1215.0,1250.0,1320.0,1435.0,1620.0,0.0,-0.0530303030303029,-0.1289198606271777,-0.228395061728395,1245.0,1334.2105263157894,18.97366596101022,122.82850689177356,0.0040160642570281,-0.0631163708086783,2,3,0
Varanasi,Varanasi,Uttar Pradesh,Garlic,Garlic,FAQ,2025-02-27,9850.0,9900.0,10500.0,13700.0,17800.0,21000.0,-0.0619047619047619,-0.281021897810219,-0.4466292134831461,-0.530952380952381,10310.0,15111.190476190475,610.7372593840996,3504.273071823118,-0.0446168768186227,-0.3481651882080452,2,3,0
Varanasi,Varanasi,Uttar Pradesh,Green Chilli,Green Chilly,FAQ,2025-02-27,2750.0,2730.0,2780.0,2630.0,2865.0,2070.0,-0.0107913669064748,0.0456273764258554,-0.0401396160558463,0.3285024154589371,2759.0,2758.9473684210525,23.021728866442853,106.7392844917107,-0.0032620514679231,-0.0032430370087752,2,3,0
Sultanpur,kapurthala,Punjab,Brinjal,Other,FAQ,2025-03-03,1000.0,1000.0,1500.0,2000.0,1000.0,2000.0,-0.3333333333333333,-0.5,0.0,-0.5,1125.0,1371.428571428571,250.0,447.9501542128807,-0.1111111111111111,-0.2708333333333332,3,0,0
Hanumangarh(Urlivas),Hanumangarh,Rajasthan,Garlic,Average,FAQ,2025-03-08,7000.0,8000.0,8000.0,8000.0,10000.0,3000.0,-0.125,-0.125,-0.3,1.3333333333333337,7857.142857142857,9041.666666666666,377.9644730092272,1082.6363421183332,-0.109090909090909,-0.2258064516129031,3,5,0
Sitapur,Sitapur,Uttar Pradesh,Cabbage,Cabbage,FAQ,2025-03-10,885.0,890.0,890.0,880.0,870.0,1060.0,-0.0056179775280899,0.0056818181818181,0.0172413793103447,-0.1650943396226415,884.2857142857143,886.0714285714286,5.345224838275533,34.89022846482976,0.0008077544426494,-0.0012091898428052,3,0,0
Mehmoodabad,Sitapur,Uttar Pradesh,Cabbage,Cabbage,FAQ,2025-03-11,910.0,880.0,850.0,880.0,870.0,1155.0,0.0705882352941176,0.0340909090909091,0.0459770114942528,-0.2121212121212121,871.6666666666666,878.75,23.166067138526174,46.77071733467369,0.0439770554493308,0.0355618776671409,3,1,0
Faridkot,Faridkot,Punjab,Cabbage,Cabbage,FAQ,2025-03-13,200.0,400.0,250.0,700.0,700.0,3000.0,-0.1999999999999999,-0.7142857142857143,-0.7142857142857143,-0.9333333333333332,300.0,278.57142857142856,100.0,69.86381310057693,-0.3333333333333333,-0.282051282051282,3,3,0
Nawabganj,Gonda,Uttar Pradesh,Cabbage,Cabbage,FAQ,2025-03-15,710.0,690.0,610.0,750.0,650.0,660.0,0.1639344262295081,-0.0533333333333333,0.0923076923076922,0.0757575757575756,635.0,629.1379310344828,50.89204259998297,46.215121317828746,0.1181102362204724,0.1285283639353247,3,5,0
Nawabganj,Gonda,Uttar Pradesh,Banana,Other,Medium,2025-03-15,2975.0,2980.0,2980.0,3000.0,2980.0,2900.0,-0.0016778523489933,-0.0083333333333333,-0.0016778523489933,0.0258620689655173,2980.833333333333,2969.6428571428573,18.551729479126006,60.84175849463508,-0.0019569471624266,0.0018039687312085,3,5,0
Barnala,Barnala,Punjab,Green Chilli,Other,FAQ,2025-03-15,5000.0,4700.0,5250.0,3250.0,2900.0,3250.0,-0.0476190476190476,0.5384615384615385,0.7241379310344827,0.5384615384615385,4890.0,3905.8823529411766,292.4038303442689,980.0960337100228,0.0224948875255623,0.2801204819277108,3,5,0
Indore,Indore,Madhya Pradesh,Garlic,Average,FAQ,2025-03-15,1500.0,2800.0,3000.0,6154.0,8500.0,18000.0,-0.5,-0.7562560935976601,-0.8235294117647058,-0.9166666666666666,3100.0,4058.357142857143,1769.1806012954137,1719.291160160643,-0.5161290322580645,-0.630392312160093,3,5,0
Banur,Mohali,Punjab,Cabbage,Other,FAQ,2025-03-16,1200.0,1200.0,1000.0,1000.0,1000.0,1222.0,0.1999999999999999,0.1999999999999999,0.1999999999999999,-0.0180032733224222,1071.428571428571,1069.5652173913045,125.3566341056028,105.6356629204068,0.1200000000000001,0.1219512195121952,3,6,0
Pipariya(F&V),Hoshangabad,Madhya Pradesh,Brinjal,Arkasheela Mattigulla,FAQ,2025-03-16,700.0,700.0,700.0,700.0,700.0,700.0,0.0,0.0,0.0,0.0,691.6666666666666,713.4615384615385,20.412414523193164,38.87850899325405,0.0120481927710844,-0.0188679245283018,3,6,0
Doraha,Ludhiana,Punjab,Brinjal,Other,FAQ,2025-03-17,1400.0,1500.0,1500.0,1500.0,1300.0,1500.0,-0.0666666666666666,-0.0666666666666666,0.0769230769230768,-0.0666666666666666,1450.0,1427.2727272727273,57.735026918962646,155.50504230351564,-0.0344827586206896,-0.019108280254777,3,0,0
Sitmau,Mandsaur,Madhya Pradesh,Garlic,Desi,FAQ,2025-03-17,3300.0,4000.0,4000.0,5840.0,12200.0,23000.0,-0.175,-0.434931506849315,-0.7295081967213115,-0.8565217391304347,3936.6666666666665,4935.454545454545,607.4811382531426,1301.3251986829705,-0.161727349703641,-0.3313685761650395,3,0,0
Barnala,Barnala,Punjab,Garlic,Average,FAQ,2025-03-18,5500.0,7000.0,8250.0,7500.0,7000.0,24500.0,-0.3333333333333333,-0.2666666666666667,-0.2142857142857143,-0.7755102040816326,6562.5,7093.75,1328.7682265918313,916.8560410447116,-0.1619047619047618,-0.224669603524229,3,1,0
Sheopurkalan(F&V),Sheopur,Madhya Pradesh,Brinjal,Arkasheela Mattigulla,FAQ,2025-03-18,600.0,600.0,650.0,900.0,600.0,2500.0,-0.0769230769230768,-0.3333333333333333,0.0,-0.76,616.6666666666666,860.7142857142857,28.8675134594813,307.7077606009745,-0.0270270270270269,-0.3029045643153526,3,1,0
Dinhata,Coochbehar,West Bengal,Cabbage,Cabbage,FAQ,2025-03-18,550.0,550.0,525.0,600.0,700.0,625.0,0.0476190476190476,-0.0833333333333333,-0.2142857142857143,-0.12,545.0,622.6190476190476,11.18033988749904,63.6910324853316,0.0091743119266054,-0.1166347992351816,3,1,0
Barnala,Barnala,Punjab,Cabbage,Other,FAQ,2025-03-18,500.0,400.0,500.0,400.0,450.0,700.0,0.0,0.25,0.1111111111111111,-0.2857142857142857,450.0,465.625,57.73502691896259,56.91733772179276,0.1111111111111111,0.0738255033557047,3,1,1
Barnala,Barnala,Punjab,Brinjal,Other,FAQ,2025-03-18,1400.0,1250.0,1250.0,1250.0,1250.0,1250.0,0.1200000000000001,0.1200000000000001,0.1200000000000001,0.1200000000000001,1350.0,1276.6666666666667,122.47448713915894,109.97835284835442,0.0370370370370369,0.0966057441253263,3,1,0
Gonda,Gonda,Uttar Pradesh,Garlic,Average,FAQ,2025-03-18,5700.0,5800.0,6000.0,6200.0,6500.0,14500.0,-0.05,-0.0806451612903226,-0.123076923076923,-0.6068965517241379,5933.333333333333,6495.238095238095,196.63841605004336,714.4761650859166,-0.0393258426966292,-0.1224340175953079,3,1,0
Mekhliganj,Coochbehar,West Bengal,Cabbage,Cabbage,FAQ,2025-03-19,550.0,550.0,525.0,575.0,675.0,625.0,0.0476190476190476,-0.0434782608695651,-0.1851851851851852,-0.12,540.0,614.5833333333334,13.693063937626018,61.642670615248925,0.0185185185185186,-0.1050847457627118,3,2,0
Bhucho,Bhatinda,Punjab,Green Chilli,Other,FAQ,2025-03-19,1550.0,1600.0,1700.0,1400.0,1300.0,1400.0,-0.088235294117647,0.1071428571428572,0.1923076923076923,0.1071428571428572,1610.0,1425.0,89.44271909999156,146.18155704139792,-0.0372670807453415,0.087719298245614,3,2,0
Toofanganj,Coochbehar,West Bengal,Cabbage,Cabbage,FAQ,2025-03-20,525.0,550.0,525.0,550.0,650.0,625.0,0.0,-0.0454545454545454,-0.1923076923076923,-0.16,537.5,613.2142857142857,13.693063937629349,64.5527961599127,-0.0232558139534884,-0.1438555620267908,3,3,0
Uluberia,Howrah,West Bengal,Cabbage,Other,FAQ,2025-03-20,700.0,700.0,700.0,700.0,700.0,800.0,0.0,0.0,0.0,-0.125,700.0,748.2758620689655,0.0,50.85476277154891,0.0,-0.064516129032258,3,3,0
Alappuzha,Alappuzha,Kerala,Cabbage,Other,FAQ,2025-03-21,4900.0,5100.0,5500.0,5600.0,5500.0,5900.0,-0.1090909090909091,-0.125,-0.1090909090909091,-0.1694915254237288,5333.333333333333,5485.714285714285,585.9465277082313,649.1753010001,-0.0812499999999999,-0.1067708333333332,3,4,0
Alappuzha,Alappuzha,Kerala,Brinjal,Other,FAQ,2025-03-21,4100.0,3900.0,4100.0,4100.0,4200.0,3800.0,0.0,0.0,-0.0238095238095238,0.0789473684210526,4000.0,4050.0,100.0,92.582009977257,0.0249999999999999,0.0123456790123457,3,4,0
Lalru,Mohali,Punjab,Cabbage,Other,FAQ,2025-03-21,500.0,400.0,500.0,700.0,600.0,1000.0,0.0,-0.2857142857142857,-0.1666666666666666,-0.5,475.0,512.5,50.00000000000001,71.87952884281458,0.0526315789473683,-0.024390243902439,3,4,0
Mahoba,Mahoba,Uttar Pradesh,Cabbage,Cabbage,FAQ,2025-03-24,880.0,875.0,860.0,860.0,830.0,810.0,0.0232558139534884,0.0232558139534884,0.0602409638554217,0.0864197530864196,860.0,838.5416666666666,20.24845673131515,23.65876832890344,0.0232558139534884,0.0494409937888198,3,0,0
Sandi,Hardoi,Uttar Pradesh,Cabbage,Cabbage,FAQ,2025-03-24,1045.0,1025.0,1025.0,890.0,880.0,1050.0,0.0195121951219512,0.1741573033707866,0.1875,-0.0047619047619047,1031.0,931.875,8.215838362577491,74.02420775215728,0.0135790494665373,0.1213950368879945,3,0,0
Bharuasumerpur,Hamirpur,Uttar Pradesh,Cabbage,Cabbage,FAQ,2025-03-25,1100.0,880.0,880.0,850.0,725.0,1175.0,0.25,0.2941176470588236,0.5172413793103448,-0.0638297872340425,930.0,830.0,113.72481406154652,112.18896396867312,0.1827956989247312,0.3253012048192771,3,1,1
Sandi,Hardoi,Uttar Pradesh,Brinjal,Other,FAQ,2025-03-25,1510.0,1500.0,1525.0,1570.0,1555.0,1590.0,-0.0098360655737704,-0.0382165605095541,-0.0289389067524116,-0.050314465408805,1527.5,1553.0,21.389249636207456,22.67621058101335,-0.011456628477905,-0.0276883451384417,3,1,0
Sunam,Sangrur,Punjab,Cabbage,Cabbage,FAQ,2025-03-26,300.0,300.0,300.0,400.0,500.0,1000.0,0.0,-0.25,-0.4,-0.7,300.0,377.77777777777777,0.0,164.14763002993678,0.0,-0.2058823529411764,3,2,0
Sailana,Ratlam,Madhya Pradesh,Garlic,Average,FAQ,2025-03-27,800.0,6500.0,4801.0,5758.0,5990.0,13901.0,-0.8333680483232659,-0.8610628690517541,-0.8664440734557596,-0.9424501834400404,4180.2,5471.142857142857,2302.674575357968,2114.9102129385524,-0.8086215970527726,-0.8537782651835605,3,3,0
Kharar,Mohali,Punjab,Cabbage,Other,FAQ,2025-03-27,400.0,400.0,400.0,450.0,450.0,450.0,0.0,-0.1111111111111111,-0.1111111111111111,-0.1111111111111111,416.6666666666667,451.9230769230769,25.819888974716115,29.935828803523137,-0.04,-0.1148936170212765,3,3,0
Devariya,Deoria,Uttar Pradesh,Cabbage,Cabbage,FAQ,2025-03-27,990.0,800.0,795.0,795.0,685.0,645.0,0.2452830188679244,0.2452830188679244,0.4452554744525547,0.5348837209302326,833.0,769.25,88.99438184514781,63.97522135458803,0.1884753901560625,0.2869678258043548,3,3,0
Moga,Moga,Punjab,Garlic,Other,FAQ,2025-03-27,6000.0,6000.0,5500.0,7000.0,9500.0,20000.0,0.0909090909090908,-0.1428571428571429,-0.368421052631579,-0.7,6000.0,6150.0,0.0,411.6363011742813,0.0,-0.024390243902439,3,3,0
Mirzapur,Mirzapur,Uttar Pradesh,Cabbage,Cabbage,FAQ,2025-03-27,670.0,615.0,515.0,675.0,600.0,530.0,0.3009708737864078,-0.0074074074074074,0.1166666666666667,0.2641509433962263,574.1666666666666,597.0454545454545,65.37711118324728,64.13637053944196,0.1669085631349782,0.1221926151503616,3,3,0
Itarsi(F&V),Hoshangabad,Madhya Pradesh,Brinjal,Arkasheela Mattigulla,FAQ,2025-03-28,800.0,500.0,500.0,500.0,450.0,400.0,0.6000000000000001,0.6000000000000001,0.7777777777777777,1.0,700.0,616.6666666666666,173.20508075688772,220.87978356535555,0.1428571428571428,0.2972972972972973,3,4,0
Tikonia,Khiri (Lakhimpur),Uttar Pradesh,Cabbage,Cabbage,FAQ,2025-03-28,890.0,990.0,830.0,890.0,930.0,1350.0,0.072289156626506,0.0,-0.043010752688172,-0.3407407407407408,963.3333333333334,906.6666666666666,64.29100507328639,59.581876439111895,-0.0761245674740485,-0.0183823529411764,3,4,0
Allahabad,Prayagraj,Uttar Pradesh,Cabbage,Cabbage,FAQ,2025-03-28,985.0,800.0,730.0,685.0,645.0,680.0,0.3493150684931507,0.4379562043795619,0.5271317829457365,0.4485294117647058,816.25,682.2727272727273,116.2880762015894,82.1689211425666,0.2067381316998469,0.4437041972018654,3,4,1
Lehra Gaga,Sangrur,Punjab,Garlic,Average,FAQ,2025-03-29,8000.0,8000.0,8000.0,9000.0,10000.0,30000.0,0.0,-0.1111111111111111,-0.1999999999999999,-0.7333333333333334,8000.0,9200.0,0.0,894.4271909999155,0.0,-0.1304347826086956,3,5,0
Golagokarnath,Lakhimpur,Uttar Pradesh,Cabbage,Cabbage,FAQ,2025-03-29,1040.0,1050.0,1000.0,960.0,910.0,920.0,0.04,0.0833333333333332,0.1428571428571428,0.1304347826086955,1025.0,951.0,23.80476142847693,54.738613331673925,0.0146341463414634,0.0935856992639327,3,5,0
Lakhimpur,Lakhimpur,Uttar Pradesh,Cabbage,Cabbage,FAQ,2025-03-29,1040.0,1050.0,1030.0,1025.0,915.0,850.0,0.0097087378640776,0.0146341463414634,0.1366120218579234,0.2235294117647059,1034.1666666666667,968.5416666666666,22.89468642868056,60.207596781022566,0.0056406124093473,0.0737793073779307,3,5,0
Pukharayan,Kanpur Dehat,Uttar Pradesh,Cabbage,Cabbage,FAQ,2025-03-29,850.0,820.0,790.0,725.0,780.0,700.0,0.0759493670886075,0.1724137931034481,0.0897435897435896,0.2142857142857142,798.3333333333334,731.7307692307693,33.11595788540459,63.96784047773429,0.0647181628392483,0.1616294349540077,3,5,0
Uttaripura,Kanpur,Uttar Pradesh,Cabbage,Cabbage,FAQ,2025-03-29,880.0,850.0,885.0,875.0,800.0,700.0,-0.0056497175141242,0.0057142857142857,0.1,0.2571428571428571,872.5,826.6666666666666,12.549900398006956,47.380666270461326,0.0085959885386819,0.064516129032258,3,5,0
Choubepur,Kanpur,Uttar Pradesh,Cabbage,Cabbage,FAQ,2025-03-29,900.0,850.0,800.0,860.0,810.0,650.0,0.125,0.0465116279069768,0.1111111111111111,0.3846153846153846,845.8333333333334,814.7826086956521,60.03471218109288,59.85737329970063,0.0640394088669951,0.104589114194237,3,5,0
Sheoraphuly,Hooghly,West Bengal,Cabbage,Other,FAQ,2025-03-30,650.0,650.0,600.0,550.0,600.0,450.0,0.0833333333333332,0.1818181818181818,0.0833333333333332,0.4444444444444444,600.0,545.0,40.82482904647633,64.12541590901094,0.0833333333333332,0.1926605504587155,3,6,0
Jahanabad,Fatehpur,Uttar Pradesh,Green Chilli,Green Chilly,FAQ,2025-03-30,2001.0,2010.0,2010.0,2001.0,2005.0,1010.0,-0.0044776119402984,0.0,-0.0019950124688279,0.9811881188118812,2006.5,2051.0,4.358898943732734,211.9984276671234,-0.0027410914527784,-0.0243783520234032,3,6,0
Ghaziabad,Ghaziabad,Uttar Pradesh,Cabbage,Cabbage,FAQ,2025-03-30,830.0,830.0,815.0,830.0,790.0,775.0,0.01840490797546,0.0,0.0506329113924051,0.0709677419354839,825.0,812.0833333333334,5.77350269189626,22.9799849903141,0.0060606060606061,0.022062596203181,3,6,0
Ghatal,Medinipur(W),West Bengal,Cabbage,Cabbage,FAQ,2025-03-30,950.0,950.0,900.0,950.0,600.0,750.0,0.0555555555555555,0.0,0.5833333333333333,0.2666666666666666,957.1428571428572,733.1034482758621,34.50327796711821,165.61796504252672,-0.0074626865671642,0.2958607714016932,3,6,0
Mohammdi,Khiri (Lakhimpur),Uttar Pradesh,Cabbage,Cabbage,FAQ,2025-03-31,1030.0,1045.0,1015.0,1015.0,880.0,820.0,0.0147783251231528,0.0147783251231528,0.1704545454545454,0.2560975609756097,1025.8333333333333,948.9130434782608,17.724747294859938,68.87004431501927,0.0040617384240455,0.0854524627720503,3,0,0
Ramkrishanpur(Howrah),Howrah,West Bengal,Brinjal,Round/Long,FAQ,2025-03-31,6000.0,6000.0,6000.0,6000.0,5200.0,2200.0,0.0,0.0,0.1538461538461537,1.727272727272727,6000.0,5084.615384615385,0.0,1022.0341707368932,0.0,0.1800302571860816,3,0,0
Ramkrishanpur(Howrah),Howrah,West Bengal,Cabbage,Cabbage,FAQ,2025-03-31,700.0,700.0,700.0,700.0,700.0,900.0,0.0,0.0,0.0,-0.2222222222222222,700.0,726.9230769230769,0.0,53.3493565673826,0.0,-0.0370370370370369,3,0,0
Sabalgarh(F&V),Morena,Madhya Pradesh,Cabbage,Cabbage,FAQ,2025-04-01,350.0,175.0,175.0,240.0,190.0,975.0,1.0,0.4583333333333332,0.8421052631578947,-0.641025641025641,235.0,288.75,99.62429422585636,128.50097275896502,0.4893617021276595,0.2121212121212121,4,1,0
Pothencode,Thiruvananthapuram,Kerala,Green Chilli,Other,FAQ,2025-04-02,32540.0,25040.0,30040.0,32540.0,30040.0,25040.0,0.0832223701731025,0.0,0.0832223701731025,0.2995207667731629,30040.0,28720.0,3535.533905932843,3210.918871600493,0.0832223701731025,0.133008356545961,4,2,0
Pothencode,Thiruvananthapuram,Kerala,Garlic,Average,FAQ,2025-04-02,162540.0,140040.0,168040.0,162540.0,150040.0,180040.0,-0.032730302308974,0.0,0.0833111170354572,-0.0972006220839813,163165.0,155300.0,17466.03847470879,20263.431759370585,-0.0038304783501363,0.0466194462330973,4,2,0
Pothencode,Thiruvananthapuram,Kerala,Brinjal,Other,FAQ,2025-04-02,31240.0,22540.0,27040.0,29280.0,27040.0,22540.0,0.1553254437869822,0.0669398907103824,0.1553254437869822,0.3859804791481811,27525.0,27076.0,3740.173792753509,2615.766299449037,0.1349682107175296,0.1537893337272862,4,2,0
Pothencode,Thiruvananthapuram,Kerala,Cabbage,Other,FAQ,2025-04-02,32540.0,30040.0,33040.0,35780.0,28840.0,27540.0,-0.0151331719128329,-0.0905533817775293,0.1282940360610263,0.1815541031227305,32040.0,29859.2,1354.0064007725173,2972.218475594718,0.0156054931335829,0.0897813739149073,4,2,0
Dasuya,Hoshiarpur,Punjab,Green Chilli,Other,FAQ,2025-04-03,2250.0,2200.0,3250.0,2250.0,3250.0,2000.0,-0.3076923076923077,0.0,-0.3076923076923077,0.125,2316.6666666666665,2492.8571428571427,160.72751268321588,359.8941643369753,-0.0287769784172661,-0.0974212034383953,4,3,0
Dasuya,Hoshiarpur,Punjab,Brinjal,Other,FAQ,2025-04-04,1100.0,2200.0,2500.0,2000.0,2250.0,2000.0,-0.56,-0.4499999999999999,-0.5111111111111111,-0.4499999999999999,1950.0,2087.5,602.7713773341709,346.49216178986933,-0.4358974358974359,-0.4730538922155688,4,4,0
Ropar,Ropar (Rupnagar),Punjab,Banana,Other,Medium,2025-04-04,1600.0,1600.0,1600.0,1600.0,1600.0,1600.0,0.0,0.0,0.0,0.0,1600.0,1600.0,0.0,0.0,0.0,0.0,4,4,0
Chutmalpur,Saharanpur,Uttar Pradesh,Garlic,Garlic,FAQ,2025-04-04,3400.0,3600.0,3800.0,3800.0,3500.0,7000.0,-0.1052631578947368,-0.1052631578947368,-0.0285714285714285,-0.5142857142857142,3200.0,3588.8888888888887,529.1502622129182,395.108986370989,0.0625,-0.0526315789473683,4,4,1
Khaga,Fatehpur,Uttar Pradesh,Brinjal,Round/Long,FAQ,2025-04-04,1200.0,1150.0,1000.0,1000.0,1100.0,1075.0,0.1999999999999999,0.1999999999999999,0.0909090909090908,0.1162790697674418,1080.8333333333333,1027.5,79.14648865658333,83.65301002926839,0.1102544333076331,0.167883211678832,4,4,0
Bathinda,Bhatinda,Punjab,Cabbage,Other,FAQ,2025-04-05,300.0,300.0,200.0,300.0,300.0,1200.0,0.5,0.0,0.0,-0.75,300.0,284.61538461538464,0.0,55.47001962252185,0.0,0.0540540540540539,4,5,0
Ropar,Ropar (Rupnagar),Punjab,Green Chilli,Other,FAQ,2025-04-05,5000.0,5000.0,4500.0,4500.0,4500.0,4500.0,0.1111111111111111,0.1111111111111111,0.1111111111111111,0.1111111111111111,4800.0,4487.5,273.861278752583,470.2566366866427,0.0416666666666667,0.1142061281337047,4,5,0
Ropar,Ropar (Rupnagar),Punjab,Brinjal,Other,FAQ,2025-04-05,2500.0,2200.0,2200.0,2200.0,2500.0,3500.0,0.1363636363636364,0.1363636363636364,0.0,-0.2857142857142857,2420.0,2316.6666666666665,349.28498393145964,220.01317483607187,0.0330578512396693,0.0791366906474821,4,5,0
Moynaguri,Jalpaiguri,West Bengal,Cabbage,Other,FAQ,2025-04-06,250.0,250.0,300.0,250.0,200.0,320.0,-0.1666666666666666,0.0,0.25,-0.21875,270.0,290.0,27.386127875258502,53.718844791322105,-0.074074074074074,-0.1379310344827586,4,6,0
Dhupguri,Jalpaiguri,West Bengal,Cabbage,Other,FAQ,2025-04-06,300.0,200.0,250.0,320.0,300.0,350.0,0.1999999999999999,-0.0625,0.0,-0.1428571428571429,270.0,285.8333333333333,44.72135954999579,48.6260501544446,0.1111111111111111,0.0495626822157435,4,6,1
Belacoba,Jalpaiguri,West Bengal,Cabbage,Other,FAQ,2025-04-06,250.0,200.0,250.0,260.0,280.0,350.0,0.0,-0.0384615384615384,-0.1071428571428571,-0.2857142857142857,275.0,272.17391304347825,52.44044240850758,56.1618215305422,-0.0909090909090909,-0.0814696485623003,4,6,0
Jalpaiguri Sadar,Jalpaiguri,West Bengal,Cabbage,Other,FAQ,2025-04-06,300.0,200.0,250.0,350.0,300.0,350.0,0.1999999999999999,-0.1428571428571429,0.0,-0.1428571428571429,266.6666666666667,293.8,60.553007081949815,53.79900866496408,0.125,0.0211027910142953,4,6,0
Moga,Moga,Punjab,Green Chilli,Other,FAQ,2025-04-07,2500.0,4000.0,4000.0,5000.0,3000.0,2800.0,-0.375,-0.5,-0.1666666666666666,-0.1071428571428571,3500.0,4238.461538461538,866.0254037844386,859.7853041491054,-0.2857142857142857,-0.41016333938294,4,0,1
Moga,Moga,Punjab,Banana,Other,Medium,2025-04-07,1800.0,1800.0,1800.0,1800.0,1600.0,1800.0,0.0,0.0,0.125,0.0,1800.0,1800.0,0.0,0.0,0.0,0.0,4,0,0
Mathabhanga,Coochbehar,West Bengal,Cabbage,Cabbage,FAQ,2025-04-08,750.0,700.0,700.0,600.0,550.0,625.0,0.0714285714285714,0.25,0.3636363636363635,0.1999999999999999,707.1428571428571,600.0,18.898223650461368,68.04138174397761,0.0606060606060605,0.25,4,1,0
Haldibari,Coochbehar,West Bengal,Cabbage,Cabbage,FAQ,2025-04-08,700.0,700.0,750.0,650.0,550.0,650.0,-0.0666666666666666,0.0769230769230768,0.2727272727272727,0.0769230769230768,721.4285714285714,607.1428571428571,26.72612419124233,75.7240185418539,-0.0297029702970297,0.1529411764705883,4,1,0
Mainpuri,Mainpuri,Uttar Pradesh,Cabbage,Cabbage,FAQ,2025-04-08,665.0,700.0,650.0,750.0,700.0,550.0,0.0230769230769229,-0.1133333333333332,-0.05,0.209090909090909,655.8333333333334,694.2,41.03859971620204,63.22380880646944,0.013977128335451,-0.04206280610775,4,1,0
Baxirhat,Coochbehar,West Bengal,Cabbage,Cabbage,FAQ,2025-04-08,700.0,725.0,700.0,700.0,550.0,650.0,0.0,0.0,0.2727272727272727,0.0769230769230768,725.0,607.5,38.18813079129867,79.35503904744944,-0.0344827586206896,0.1522633744855968,4,1,0
Badnawar,Dhar,Madhya Pradesh,Garlic,Desi,FAQ,2025-04-09,2700.0,2750.0,5860.0,3100.0,3200.0,23900.0,-0.5392491467576792,-0.1290322580645161,-0.15625,-0.8870292887029289,3191.6666666666665,3559.4444444444443,808.676902930542,1018.6340254368972,-0.1540469973890339,-0.2414546589667551,4,2,0
Dasuya,Hoshiarpur,Punjab,Garlic,Average,FAQ,2025-04-09,11000.0,11000.0,11000.0,9000.0,12000.0,16000.0,0.0,0.2222222222222223,-0.0833333333333333,-0.3125,10333.333333333334,10312.5,1154.7005383792516,1579.820664927972,0.064516129032258,0.0666666666666666,4,2,0
Bindki,Fatehpur,Uttar Pradesh,Cabbage,Cabbage,FAQ,2025-04-09,640.0,680.0,660.0,730.0,620.0,1000.0,-0.0303030303030302,-0.1232876712328767,0.032258064516129,-0.36,646.6666666666666,661.0,20.655911179772836,28.2656570491542,-0.0103092783505154,-0.0317700453857791,4,2,0
Faridkot,Faridkot,Punjab,Brinjal,Round/Long,FAQ,2025-04-09,1800.0,1800.0,1800.0,1500.0,1500.0,1500.0,0.0,0.1999999999999999,0.1999999999999999,0.1999999999999999,1800.0,1775.0,0.0,190.86270308410556,0.0,0.0140845070422535,4,2,0
Abohar,Fazilka,Punjab,Cabbage,Cabbage,FAQ,2025-04-09,725.0,725.0,880.0,850.0,2500.0,3800.0,-0.1761363636363636,-0.1470588235294118,-0.71,-0.8092105263157895,790.0,746.5,81.42481194328914,146.53497875933925,-0.0822784810126582,-0.028801071667783,4,2,1
Amroha,Amroha,Uttar Pradesh,Cabbage,Cabbage,FAQ,2025-04-10,840.0,870.0,850.0,840.0,810.0,820.0,-0.0117647058823529,0.0,0.0370370370370369,0.024390243902439,841.4285714285714,820.7692307692307,17.728105208558627,20.81789171325624,-0.0016977928692699,0.0234301780693533,4,3,0
Azamgarh,Azamgarh,Uttar Pradesh,Cabbage,Cabbage,FAQ,2025-04-11,1060.0,1025.0,1000.0,950.0,765.0,625.0,0.06,0.1157894736842104,0.3856209150326797,0.696,1033.75,853.8235294117648,26.887109674836157,135.1102490996325,0.0253929866989117,0.2414743368928693,4,4,0
Sri Har Gobindpur(Harechowal),Gurdaspur,Punjab,Green Chilli,Other,FAQ,2025-04-12,2000.0,2000.0,2000.0,1800.0,2000.0,2000.0,0.0,0.1111111111111111,0.0,0.0,2000.0,1985.7142857142856,0.0,37.79644730092284,0.0,0.0071942446043165,4,5,0
Ahmedgarh,Sangrur,Punjab,Cabbage,Other,FAQ,2025-04-13,1300.0,1200.0,1000.0,500.0,900.0,500.0,0.3,1.6,0.4444444444444444,1.6,1100.0,909.0909090909092,182.57418583505543,228.6796280703028,0.1818181818181818,0.4299999999999999,4,6,0
Goniana,Bhatinda,Punjab,Cabbage,Other,FAQ,2025-04-14,900.0,900.0,800.0,900.0,900.0,900.0,0.125,0.0,0.0,0.0,866.6666666666666,863.6363636363636,57.73502691896259,50.45249791095157,0.0384615384615385,0.0421052631578946,4,0,0
Bhagta Bhai Ka,Bhatinda,Punjab,Cabbage,Other,FAQ,2025-04-14,800.0,700.0,500.0,700.0,700.0,600.0,0.6000000000000001,0.1428571428571428,0.1428571428571428,0.3333333333333332,650.0,634.2105263157895,129.09944487358055,104.15350794081996,0.2307692307692308,0.2614107883817427,4,0,0
Patti,Tarntaran,Punjab,Cabbage,Other,FAQ,2025-04-15,450.0,850.0,900.0,750.0,900.0,450.0,-0.5,-0.4,-0.5,0.0,682.5,799.375,225.59181427229723,359.0444494302436,-0.3406593406593406,-0.4370602032838154,4,1,0
Jaunpur,Jaunpur,Uttar Pradesh,Cabbage,Cabbage,FAQ,2025-04-15,905.0,900.0,825.0,700.0,730.0,530.0,0.0969696969696969,0.2928571428571429,0.2397260273972603,0.7075471698113207,888.3333333333334,737.3333333333334,24.664414311581165,107.98258236974652,0.0187617260787991,0.2273960216998192,4,1,0
Kattakada,Thiruvananthapuram,Kerala,Brinjal,Other,FAQ,2025-04-15,4600.0,4800.0,4900.0,4500.0,4700.0,5900.0,-0.0612244897959183,0.0222222222222221,-0.0212765957446808,-0.2203389830508474,4680.0,4600.0,192.3538406167134,322.8165521093702,-0.0170940170940171,0.0,4,1,0
Ghiraur,Mainpuri,Uttar Pradesh,Cabbage,Cabbage,FAQ,2025-04-15,700.0,720.0,740.0,690.0,730.0,580.0,-0.054054054054054,0.0144927536231884,-0.0410958904109589,0.2068965517241379,716.6666666666666,723.6538461538462,34.448028487370266,43.853339492189136,-0.0232558139534883,-0.0326866861546638,4,1,0
Hardoi,Hardoi,Uttar Pradesh,Cabbage,Cabbage,FAQ,2025-04-16,1100.0,1085.0,1070.0,1065.0,1030.0,880.0,0.0280373831775699,0.0328638497652582,0.0679611650485436,0.25,1075.0,1045.8333333333333,18.70828693386933,24.524462794570383,0.0232558139534884,0.0517928286852591,4,2,0
Vallikunnam  VFPCK,Alappuzha,Kerala,Brinjal,Brinjal,FAQ,2025-04-16,2400.0,2400.0,2800.0,2200.0,3300.0,4100.0,-0.1428571428571429,0.0909090909090908,-0.2727272727272727,-0.4146341463414634,2333.333333333333,2462.5,115.47005383792492,238.67192066576027,0.0285714285714284,-0.0253807106598984,4,2,0
Talwandi Sabo,Bhatinda,Punjab,Cabbage,Other,FAQ,2025-04-17,1000.0,800.0,700.0,700.0,300.0,400.0,0.4285714285714286,0.4285714285714286,2.333333333333333,1.5,833.3333333333334,618.1818181818181,152.75252316519376,203.85887657505037,0.1999999999999999,0.6176470588235294,4,3,1
Kalanaur,Gurdaspur,Punjab,Cabbage,Cabbage,FAQ,2025-04-19,100.0,100.0,100.0,100.0,100.0,100.0,0.0,0.0,0.0,0.0,100.0,100.0,4.876811094492187e-05,0.0,0.0,0.0,4,5,0
Mohamadabad,Farukhabad,Uttar Pradesh,Cabbage,Cabbage,FAQ,2025-04-20,1050.0,1075.0,930.0,890.0,980.0,810.0,0.1290322580645162,0.1797752808988764,0.0714285714285714,0.2962962962962963,1005.0,938.125,83.36666000266543,62.18507614895135,0.0447761194029849,0.1192538307794803,4,6,0
Jalpaiguri Sadar,Jalpaiguri,West Bengal,Cabbage,Cabbage,FAQ,2025-04-20,400.0,450.0,450.0,450.0,450.0,400.0,-0.1111111111111111,-0.1111111111111111,-0.1111111111111111,0.0,440.0,401.6666666666667,41.83300132683374,55.2202441349071,-0.0909090909090909,-0.004149377593361,4,6,0
Belacoba,Jalpaiguri,West Bengal,Cabbage,Cabbage,FAQ,2025-04-20,450.0,500.0,400.0,400.0,450.0,410.0,0.125,0.125,0.0,0.0975609756097561,440.0,382.1739130434783,41.83300132676522,56.56504877639586,0.0227272727272727,0.1774744027303754,4,6,0
Moynaguri,Jalpaiguri,West Bengal,Cabbage,Cabbage,FAQ,2025-04-20,450.0,500.0,500.0,400.0,340.0,430.0,-0.0999999999999999,0.125,0.3235294117647058,0.0465116279069768,470.0,409.5652173913044,27.386127875258207,57.325090561612136,-0.0425531914893616,0.0987261146496814,4,6,0
Dhupguri,Jalpaiguri,West Bengal,Cabbage,Cabbage,FAQ,2025-04-20,450.0,400.0,450.0,400.0,430.0,400.0,0.0,0.125,0.0465116279069768,0.125,430.0,394.1666666666667,27.38612787525831,55.8660406038802,0.0465116279069768,0.1416490486257928,4,6,0
Gorakhpur,Gorakhpur,Uttar Pradesh,Cabbage,Cabbage,FAQ,2025-04-21,1550.0,1575.0,1575.0,1375.0,1265.0,875.0,-0.0158730158730159,0.1272727272727272,0.225296442687747,0.7714285714285714,1502.142857142857,1274.8148148148148,99.53463144626336,205.06322421615647,0.0318592486923443,0.215862870424172,4,0,0
Mugrabaadshahpur,Jaunpur,Uttar Pradesh,Cabbage,Cabbage,FAQ,2025-04-21,950.0,960.0,970.0,885.0,760.0,740.0,-0.0206185567010309,0.0734463276836159,0.25,0.2837837837837837,948.3333333333334,807.0,34.156502553198656,113.61484644769736,0.0017574692442881,0.1771995043370509,4,0,0
Bijnaur,Bijnor,Uttar Pradesh,Cabbage,Cabbage,FAQ,2025-04-22,920.0,880.0,900.0,830.0,820.0,710.0,0.0222222222222221,0.108433734939759,0.1219512195121952,0.295774647887324,900.0,860.0,20.0,32.97726489567526,0.0222222222222221,0.069767441860465,4,1,0
Tundla,Firozabad,Uttar Pradesh,Cabbage,Cabbage,FAQ,2025-04-22,750.0,750.0,700.0,620.0,600.0,2200.0,0.0714285714285714,0.2096774193548387,0.25,-0.6590909090909092,750.0,707.1428571428571,40.82482904638631,67.25927091345996,0.0,0.0606060606060605,4,1,1
Cheriyanadu  VFPCK,Alappuzha,Kerala,Brinjal,Brinjal,FAQ,2025-04-22,2700.0,2500.0,4200.0,3700.0,4100.0,5000.0,-0.3571428571428571,-0.2702702702702703,-0.3414634146341463,-0.4599999999999999,3133.333333333333,3622.222222222222,929.1573243177572,639.8784606817487,-0.1382978723404255,-0.254601226993865,4,1,1
Bahraich,Bahraich,Uttar Pradesh,Cabbage,Cabbage,FAQ,2025-04-23,1100.0,1150.0,1065.0,850.0,820.0,800.0,0.0328638497652582,0.2941176470588236,0.3414634146341464,0.375,1048.571428571429,838.2608695652174,89.7549574171477,191.2079347420005,0.0490463215258853,0.3122406639004149,4,2,0
Fatehpur,Fatehpur,Uttar Pradesh,Cabbage,Cabbage,FAQ,2025-04-23,710.0,700.0,670.0,630.0,645.0,660.0,0.0597014925373133,0.1269841269841269,0.1007751937984495,0.0757575757575756,679.1666666666666,662.6086956521739,22.45365597551588,20.274792074786493,0.0453987730061349,0.071522309711286,4,2,0
Sheopurkalan(F&V),Sheopur,Madhya Pradesh,Cabbage,Cabbage,FAQ,2025-04-24,550.0,450.0,350.0,450.0,450.0,550.0,0.5714285714285714,0.2222222222222223,0.2222222222222223,0.0,483.3333333333333,450.0,57.73502691896259,67.08203932499399,0.1379310344827586,0.2222222222222223,4,3,1
Lucknow,Lucknow,Uttar Pradesh,Cabbage,Cabbage,FAQ,2025-04-25,1150.0,1150.0,1130.0,1100.0,1020.0,1050.0,0.0176991150442478,0.0454545454545454,0.1274509803921568,0.0952380952380953,1130.0,1054.3478260869565,24.494897427831763,53.66784096784399,0.0176991150442478,0.0907216494845362,4,4,0
Indore,Indore,Madhya Pradesh,Garlic,Garlic-Organic,FAQ,2025-04-25,2700.0,2500.0,2400.0,1910.0,1600.0,9300.0,0.125,0.4136125654450262,0.6875,-0.7096774193548387,2466.6666666666665,2459.4444444444443,251.6611478423584,1011.4298185132636,0.0945945945945947,0.0978088999322339,4,4,0
Bhulath,kapurthala,Punjab,Cabbage,Cabbage,FAQ,2025-04-26,950.0,455.0,350.0,350.0,1160.0,460.0,1.7142857142857144,1.7142857142857144,-0.1810344827586206,1.0652173913043477,522.5,457.6470588235294,289.9568933479596,240.65741760240093,0.8181818181818181,1.075835475578406,4,5,0
Ropar,Ropar (Rupnagar),Punjab,Garlic,Average,FAQ,2025-04-26,5000.0,5000.0,5000.0,6000.0,10000.0,8500.0,0.0,-0.1666666666666666,-0.5,-0.4117647058823529,5000.0,6733.333333333333,0.0,1811.3399407492905,0.0,-0.2574257425742574,4,5,0
Shahganj,Jaunpur,Uttar Pradesh,Cabbage,Cabbage,FAQ,2025-04-26,1000.0,1000.0,1000.0,960.0,860.0,750.0,0.0,0.0416666666666667,0.1627906976744186,0.3333333333333332,990.0,862.4,24.494897427832232,108.44660744655032,0.0101010101010101,0.1595547309833025,4,5,0
Ujhani,Badaun,Uttar Pradesh,Garlic,Average,FAQ,2025-04-27,6500.0,6500.0,6800.0,6600.0,6960.0,7500.0,-0.0441176470588234,-0.0151515151515151,-0.0660919540229885,-0.1333333333333333,6682.857142857143,6821.136363636364,134.3768687583867,159.31349611100893,-0.0273621205643437,-0.0470795988405025,4,6,0
Rewa(F&V),Rewa,Madhya Pradesh,Banana,Other,Medium,2025-04-28,1400.0,1400.0,1400.0,1400.0,1400.0,1300.0,0.0,0.0,0.0,0.0769230769230768,1400.0,1400.0,0.0,0.0,0.0,0.0,4,0,0
Kannauj,Kannuj,Uttar Pradesh,Cabbage,Cabbage,FAQ,2025-04-28,1030.0,1030.0,1060.0,1040.0,970.0,850.0,-0.0283018867924528,-0.0096153846153845,0.0618556701030927,0.2117647058823528,1046.6666666666667,999.1304347826087,13.662601021279484,43.37081585564754,-0.015923566878981,0.0308964316797213,4,0,0
Jafarganj,Amethi,Uttar Pradesh,Brinjal,Brinjal,FAQ,2025-04-29,1250.0,1280.0,1280.0,1280.0,1350.0,1520.0,-0.0234375,-0.0234375,-0.074074074074074,-0.1776315789473684,1281.6666666666667,1342.7083333333333,25.62550812503324,83.7046978925038,-0.0247074122236671,-0.069045771916214,4,1,0
Naanpara,Bahraich,Uttar Pradesh,Banana,Banana - Ripe,Medium,2025-04-29,1100.0,1100.0,1100.0,2100.0,1300.0,580.0,0.0,-0.4761904761904761,-0.1538461538461538,0.896551724137931,1133.3333333333333,1458.421052631579,51.63977794943267,578.5639612954999,-0.0294117647058822,-0.2457596535546734,4,1,1
Khaga,Fatehpur,Uttar Pradesh,Banana,Banana - Ripe,Medium,2025-04-29,2800.0,2650.0,2600.0,2900.0,2820.0,2850.0,0.0769230769230768,-0.0344827586206896,-0.0070921985815602,-0.0175438596491228,2676.6666666666665,2809.0,90.92121131323916,99.11062842433472,0.046077210460772,-0.0032039871840512,4,1,0
Sultanpur,Amethi,Uttar Pradesh,Cabbage,Cabbage,FAQ,2025-04-29,1160.0,1125.0,1155.0,1100.0,980.0,925.0,0.0043290043290042,0.0545454545454544,0.183673469387755,0.2540540540540541,1135.8333333333333,1030.0,23.112045921265093,81.99946977559816,0.0212765957446809,0.1262135922330096,4,1,0
Manjhanpur,Kaushambi,Uttar Pradesh,Cabbage,Cabbage,FAQ,2025-04-29,780.0,740.0,730.0,650.0,640.0,700.0,0.0684931506849315,0.1999999999999999,0.21875,0.1142857142857143,742.5,692.3913043478261,27.156951228000544,44.81957682088435,0.0505050505050506,0.1265306122448979,4,1,0
Kota (F&V),Kota,Rajasthan,Brinjal,Other,FAQ,2025-04-29,1600.0,1750.0,1200.0,1250.0,900.0,2150.0,0.3333333333333332,0.28,0.7777777777777777,-0.2558139534883721,1316.6666666666667,1264.2857142857142,284.01877872187725,204.21385041983984,0.2151898734177215,0.2655367231638419,4,1,1
Khaga,Fatehpur,Uttar Pradesh,Cabbage,Cabbage,FAQ,2025-04-29,800.0,750.0,740.0,700.0,680.0,660.0,0.0810810810810811,0.1428571428571428,0.1764705882352941,0.2121212121212121,751.6666666666666,697.0,29.268868558020333,45.32291546962745,0.0643015521064303,0.1477761836441893,4,1,0
Jafarganj,Amethi,Uttar Pradesh,Cabbage,Cabbage,FAQ,2025-04-29,1050.0,1100.0,1120.0,1050.0,950.0,740.0,-0.0625,0.0,0.1052631578947369,0.4189189189189188,1098.0,1013.0,31.144823004780985,74.62890649212251,-0.0437158469945355,0.0365251727541955,4,1,0
Lohian Khas,Jalandhar,Punjab,Cabbage,Other,FAQ,2025-04-29,300.0,400.0,400.0,600.0,400.0,400.0,-0.25,-0.5,-0.25,-0.25,366.6666666666667,435.0,57.73502691896259,243.3861994963208,-0.1818181818181818,-0.3103448275862068,4,1,0
Jafarganj,Amethi,Uttar Pradesh,Banana,Banana - Ripe,Medium,2025-04-30,2950.0,2970.0,2900.0,3080.0,3040.0,3100.0,0.0172413793103447,-0.0422077922077922,-0.0296052631578946,-0.0483870967741935,2936.6666666666665,3027.083333333333,29.439202887754597,69.4374392601922,0.0045402951191828,-0.0254645560908465,4,2,0
Jafarganj,Amethi,Uttar Pradesh,Green Chilli,Green Chilly,FAQ,2025-04-30,3000.0,2770.0,2900.0,3050.0,3060.0,3050.0,0.0344827586206897,-0.0163934426229508,-0.0196078431372549,-0.0163934426229508,2903.333333333333,3013.75,99.33109617165174,84.43224708504351,0.0332950631458093,-0.0045624222314392,4,2,1
Bhinga,Shravasti,Uttar Pradesh,Cabbage,Cabbage,FAQ,2025-04-30,625.0,650.0,620.0,760.0,620.0,400.0,0.0080645161290322,-0.1776315789473684,0.0080645161290322,0.5625,665.0,602.6785714285714,49.24428900897845,87.7863794258469,-0.0601503759398496,0.0370370370370369,4,2,0
Atrauli,Aligarh,Uttar Pradesh,Cabbage,Cabbage,FAQ,2025-04-30,1050.0,1050.0,1050.0,1050.0,1050.0,850.0,0.0,0.0,0.0,0.2352941176470588,1050.0,1029.1666666666667,0.0,87.12393305025088,0.0,0.0202429149797569,4,2,0
Kayamganj,Farukhabad,Uttar Pradesh,Cabbage,Cabbage,FAQ,2025-04-30,1120.0,1150.0,1100.0,1080.0,1050.0,870.0,0.018181818181818,0.0370370370370369,0.0666666666666666,0.2873563218390804,1111.6666666666667,1036.3461538461538,24.013884872437018,63.72688117753558,0.0074962518740628,0.0807199851549453,4,2,0
Kodungalloor,Thirssur,Kerala,Green Chilli,Other,FAQ,2025-05-05,2900.0,2700.0,2800.0,4600.0,3200.0,3700.0,0.0357142857142858,-0.3695652173913043,-0.09375,-0.2162162162162162,2800.0,2800.0,99.99999999999994,81.64965809275911,0.0357142857142858,0.0357142857142858,5,0,0
Moynaguri,Jalpaiguri,West Bengal,Brinjal,Round,FAQ,2025-05-06,3100.0,3100.0,2800.0,2600.0,1800.0,2400.0,0.1071428571428572,0.1923076923076923,0.7222222222222223,0.2916666666666667,2875.0,2263.6363636363635,287.2281323269056,414.6661933990459,0.0782608695652173,0.3694779116465865,5,1,0
Vithinasserri VFPCK,Palakad,Kerala,Brinjal,Arkasheela Mattigulla,FAQ,2025-05-08,2900.0,2900.0,2400.0,2900.0,3000.0,3000.0,0.2083333333333332,0.0,-0.0333333333333333,-0.0333333333333333,2700.0,2823.076923076923,273.86127875258313,187.7669040497027,0.0740740740740741,0.0272479564032699,5,3,0
Malerkotla,Sangrur,Punjab,Banana,Other,Large,2025-05-08,1750.0,1750.0,1750.0,1700.0,1700.0,1700.0,0.0,0.0294117647058822,0.0294117647058822,0.0294117647058822,1750.0,1713.157894736842,0.0,22.62069641794317,0.0,0.021505376344086,5,3,0
Pratapgarh,Pratapgarh,Uttar Pradesh,Cabbage,Cabbage,FAQ,2025-05-09,925.0,930.0,900.0,875.0,760.0,740.0,0.0277777777777776,0.0571428571428571,0.2171052631578947,0.25,907.1428571428572,792.5,19.548474547722066,81.95425553323463,0.0196850393700787,0.1671924290220821,5,4,0
Muradabad,Sambhal,Uttar Pradesh,Cabbage,Cabbage,FAQ,2025-05-09,1000.0,980.0,980.0,925.0,1010.0,840.0,0.0204081632653061,0.0810810810810811,-0.0099009900990099,0.1904761904761904,980.8333333333334,935.4166666666666,10.20620726162407,43.88514323889269,0.0195412064570943,0.069042316258352,5,4,0
Karvi,Chitrakut,Uttar Pradesh,Garlic,Garlic,FAQ,2025-05-09,6400.0,6235.0,6400.0,6600.0,9000.0,14800.0,0.0,-0.0303030303030302,-0.2888888888888888,-0.5675675675675675,6378.333333333333,6435.625,133.8220211076387,173.02843490512592,0.0033969166448915,-0.0055355928911333,5,4,0
Sandila,Hardoi,Uttar Pradesh,Cabbage,Cabbage,FAQ,2025-05-12,1300.0,1320.0,1280.0,1280.0,1200.0,1050.0,0.015625,0.015625,0.0833333333333332,0.2380952380952381,1300.0,1211.6666666666667,16.32993161855453,74.34740232102156,0.0,0.0729023383768912,5,0,0
Khurai(F&V),Sagar,Madhya Pradesh,Cabbage,Cabbage,FAQ,2025-05-12,800.0,600.0,600.0,500.0,600.0,1000.0,0.3333333333333332,0.6000000000000001,0.3333333333333332,-0.1999999999999999,850.0,768.75,378.5938897200184,300.4857179079675,-0.0588235294117647,0.0406504065040651,5,0,1
Garbeta(Medinipur),Medinipur(W),West Bengal,Cabbage,Cabbage,FAQ,2025-05-13,1900.0,1700.0,1700.0,1700.0,1500.0,1050.0,0.1176470588235294,0.1176470588235294,0.2666666666666666,0.8095238095238095,1766.6666666666667,1637.5,115.47005383792512,117.26039399557996,0.0754716981132075,0.1603053435114503,5,1,0
Bilsi,Badaun,Uttar Pradesh,Cabbage,Cabbage,FAQ,2025-05-13,1200.0,1200.0,1200.0,1200.0,1100.0,1050.0,0.0,0.0,0.0909090909090908,0.1428571428571428,1200.0,1141.190476190476,0.0,66.78144880700482,0.0,0.0515334863342373,5,1,0
Ujhani,Badaun,Uttar Pradesh,Cabbage,Cabbage,FAQ,2025-05-13,1200.0,1210.0,1200.0,1200.0,1100.0,970.0,0.0,0.0,0.0909090909090908,0.2371134020618557,1202.0,1144.5238095238096,4.47213595502561,70.31900102221226,-0.0016638935108153,0.048470979821094,5,1,0
Chindwara(F&V),Chhindwara,Madhya Pradesh,Garlic,Average,FAQ,2025-05-14,5000.0,5000.0,5000.0,6000.0,5000.0,6200.0,0.0,-0.1666666666666666,0.0,-0.1935483870967742,5000.0,5636.363636363636,0.0,504.5249791095124,0.0,-0.1129032258064515,5,2,0
Harike,Tarntaran,Punjab,Green Chilli,Green Chilly,FAQ,2025-05-16,1000.0,700.0,900.0,900.0,700.0,700.0,0.1111111111111111,0.1111111111111111,0.4285714285714286,0.4285714285714286,825.0,848.0,149.99999999999986,115.9022576714247,0.2121212121212121,0.179245283018868,5,4,1
Gadaura,Maharajganj,Uttar Pradesh,Brinjal,Brinjal,FAQ,2025-05-16,1300.0,1500.0,1500.0,1500.0,1500.0,1500.0,-0.1333333333333333,-0.1333333333333333,-0.1333333333333333,-0.1333333333333333,1460.0,1480.357142857143,89.44271909999159,47.80222704072396,-0.1095890410958904,-0.1218335343787696,5,4,0
Naushera Pannuan,Tarntaran,Punjab,Cabbage,Cabbage,FAQ,2025-05-17,1000.0,1000.0,1000.0,800.0,800.0,500.0,0.0,0.25,0.25,1.0,1000.0,942.8571428571428,0.0,97.59000729485312,0.0,0.0606060606060605,5,5,0
Ferozepur Cantt.,Ferozpur,Punjab,Cabbage,Cabbage,FAQ,2025-05-20,500.0,900.0,1300.0,700.0,500.0,300.0,-0.6153846153846154,-0.2857142857142857,0.0,0.6666666666666667,633.3333333333334,650.0,230.9401076758503,311.67748898959184,-0.2105263157894737,-0.2307692307692307,5,1,1
Deori,Sagar,Madhya Pradesh,Garlic,Garlic,FAQ,2025-05-21,5000.0,5000.0,4800.0,5000.0,4500.0,16000.0,0.0416666666666667,0.0,0.1111111111111111,-0.6875,4833.333333333333,4709.090909090909,288.67513459481285,246.79767200905928,0.0344827586206897,0.0617760617760618,5,2,0
Itarsi(F&V),Hoshangabad,Madhya Pradesh,Cabbage,Cabbage,FAQ,2025-05-21,900.0,900.0,800.0,1000.0,500.0,400.0,0.125,-0.0999999999999999,0.8,1.25,875.0,915.0,49.99999999999996,226.13909190781143,0.0285714285714284,-0.0163934426229508,5,2,0
Talwandi Sabo,Bhatinda,Punjab,Brinjal,Other,FAQ,2025-05-23,500.0,500.0,500.0,700.0,1300.0,2000.0,0.0,-0.2857142857142857,-0.6153846153846154,-0.75,500.0,658.8235294117648,0.0,226.54696954884344,0.0,-0.2410714285714286,5,4,0
Rudauli,Ayodhya,Uttar Pradesh,Cabbage,Cabbage,FAQ,2025-05-23,1470.0,1460.0,1460.0,1440.0,1400.0,1150.0,0.0068493150684931,0.0208333333333332,0.05,0.2782608695652173,1455.7142857142858,1382.608695652174,11.338934190276806,108.42749530968013,0.0098135426889105,0.0632075471698112,5,4,0
Kalanaur,Gurdaspur,Punjab,Brinjal,Other,FAQ,2025-05-23,4500.0,4000.0,4500.0,4000.0,3500.0,4600.0,0.0,0.125,0.2857142857142858,-0.0217391304347825,4250.0,4250.0,288.67513459481273,267.2612419124229,0.0588235294117647,0.0588235294117647,5,4,0
Anchal VFPCK,Kollam,Kerala,Brinjal,Brinjal,FAQ,2025-05-24,2800.0,2800.0,2800.0,3800.0,3800.0,6100.0,0.0,-0.2631578947368421,-0.2631578947368421,-0.540983606557377,2800.0,2971.428571428572,0.0,372.89089429432175,0.0,-0.0576923076923077,5,5,1
Sirali(F&V),Harda,Madhya Pradesh,Green Chilli,Green Chilly,FAQ,2025-05-24,3000.0,3000.0,3000.0,3000.0,3000.0,4000.0,0.0,0.0,0.0,-0.25,3000.0,2937.5,0.0,249.99999999999997,0.0,0.0212765957446807,5,5,0
Puwaha,Shahjahanpur,Uttar Pradesh,Cabbage,Cabbage,FAQ,2025-05-27,1200.0,1150.0,1175.0,1120.0,1060.0,840.0,0.0212765957446807,0.0714285714285714,0.1320754716981131,0.4285714285714286,1168.75,1142.5,23.935677693923708,31.055161840212257,0.0267379679144386,0.0503282275711158,5,1,0
Farukhabad,Farukhabad,Uttar Pradesh,Cabbage,Cabbage,FAQ,2025-05-27,875.0,1025.0,1025.0,850.0,885.0,925.0,-0.1463414634146341,0.0294117647058822,-0.0112994350282485,-0.054054054054054,962.5,892.8,70.26734661278314,62.63452189753339,-0.0909090909090909,-0.019937275985663,5,1,0
Raibareilly,Raebarelli,Uttar Pradesh,Cabbage,Cabbage,FAQ,2025-05-27,1225.0,1225.0,1250.0,1360.0,1100.0,1080.0,-0.02,-0.0992647058823529,0.1136363636363635,0.1342592592592593,1225.0,1191.0344827586207,20.412414523219365,88.50322139359245,0.0,0.0285176606832657,5,1,0
Pullur Periya  VFPCK,Kasargod,Kerala,Brinjal,Brinjal,FAQ,2025-05-27,2000.0,3500.0,2800.0,4500.0,3200.0,3200.0,-0.2857142857142857,-0.5555555555555556,-0.375,-0.375,2950.0,3262.5,714.142842854285,720.9864274529907,-0.3220338983050848,-0.3869731800766284,5,1,0
Pullur Periya  VFPCK,Kasargod,Kerala,Green Chilli,Green Chilly,FAQ,2025-05-27,6000.0,5000.0,4500.0,4500.0,4500.0,4000.0,0.3333333333333332,0.3333333333333332,0.3333333333333332,0.5,5333.333333333333,4545.454545454545,577.3502691896259,756.7874686642696,0.125,0.32,5,1,1
Gonda,Gonda,Uttar Pradesh,Cabbage,Cabbage,FAQ,2025-05-28,1300.0,1200.0,1125.0,1100.0,1000.0,850.0,0.1555555555555554,0.1818181818181818,0.3,0.5294117647058822,1182.142857142857,1056.7241379310344,65.6922841015318,135.3848737466981,0.0996978851963745,0.2302170011421114,5,2,0
Chhibramau,Kannuj,Uttar Pradesh,Cabbage,Cabbage,FAQ,2025-05-28,1130.0,1150.0,1130.0,1070.0,1050.0,1050.0,0.0,0.0560747663551401,0.0761904761904761,0.0761904761904761,1130.8333333333333,1073.076923076923,10.20620726159665,35.89086020359356,-0.0007369196757552,0.0530465949820788,5,2,0
Morinda,Ropar (Rupnagar),Punjab,Banana,Medium,Medium,2025-05-28,2750.0,2500.0,2700.0,2750.0,3300.0,3500.0,0.0185185185185186,0.0,-0.1666666666666666,-0.2142857142857143,2583.333333333333,2711.1111111111118,144.33756729740637,151.61171165549683,0.064516129032258,0.0143442622950817,5,2,0
Atarra,Banda,Uttar Pradesh,Banana,Banana - Ripe,Medium,2025-05-29,2580.0,2570.0,2480.0,2350.0,2700.0,2350.0,0.0403225806451612,0.0978723404255319,-0.0444444444444444,0.0978723404255319,2566.6666666666665,2471.6666666666665,15.275252316519396,96.95359714832829,0.0051948051948051,0.0438300741739716,5,3,0
Atarra,Banda,Uttar Pradesh,Garlic,Average,FAQ,2025-05-29,6140.0,6140.0,6190.0,6225.0,6825.0,13750.0,-0.0080775444264943,-0.0136546184738955,-0.1003663003663003,-0.5534545454545454,6168.333333333333,6198.888888888889,49.07477288111805,65.22929642193742,-0.0045933531477978,-0.0094999103782039,5,3,0
Jahangirabad,Bulandshahar,Uttar Pradesh,Cabbage,Cabbage,FAQ,2025-05-29,1010.0,990.0,980.0,996.0,1020.0,950.0,0.0306122448979591,0.0140562248995983,-0.0098039215686274,0.063157894736842,989.1666666666666,981.96,12.416387021455474,22.6926566683422,0.0210614995787701,0.0285551346287018,5,3,0
Atarra,Banda,Uttar Pradesh,Brinjal,Round/Long,FAQ,2025-05-29,1340.0,1335.0,1320.0,1210.0,1470.0,1450.0,0.0151515151515151,0.1074380165289257,-0.0884353741496598,-0.0758620689655172,1333.3333333333333,1282.2222222222222,7.637626158259758,69.82617306171382,0.0050000000000001,0.0450606585788562,5,3,0
Chathanoor,Kollam,Kerala,Cabbage,Other,FAQ,2025-05-29,4000.0,4000.0,4000.0,4000.0,4000.0,4000.0,0.0,0.0,0.0,0.0,4000.0,4000.0,0.0,0.0,0.0,0.0,5,3,0
Balrampur,Balrampur,Uttar Pradesh,Cabbage,Cabbage,FAQ,2025-05-29,1085.0,1080.0,1050.0,1050.0,1000.0,800.0,0.0333333333333334,0.0333333333333334,0.0849999999999999,0.3562499999999999,1075.0,1034.642857142857,17.88854381999888,32.74278465692784,0.0093023255813953,0.0486710390058682,5,3,0
Dhanaura,Amroha,Uttar Pradesh,Garlic,Average,FAQ,2025-05-30,4800.0,4800.0,4800.0,4800.0,4800.0,4800.0,0.0,0.0,0.0,0.0,4800.0,4800.0,0.0,0.0,0.0,0.0,5,4,0
Petlawad(F&V),Jhabua,Madhya Pradesh,Garlic,Average,FAQ,2025-05-30,2944.0,4885.0,1463.0,4885.0,4466.0,2885.0,1.0123034859876965,-0.3973387922210849,-0.3407971339005822,0.0204506065857885,2665.25,3545.7619047619046,1646.2746581296783,1573.8047180245048,0.1045868117437389,-0.1697130041229636,5,4,0
Lalganj,Raebarelli,Uttar Pradesh,Garlic,Desi,FAQ,2025-05-30,6450.0,6400.0,6350.0,6350.0,6275.0,6200.0,0.0157480314960629,0.0157480314960629,0.0278884462151394,0.0403225806451612,6364.285714285715,6291.346153846154,55.63486402643721,136.9201058450722,0.0134680134680134,0.0252177900045849,5,4,0
Barabanki,Barabanki,Uttar Pradesh,Cabbage,Cabbage,FAQ,2025-06-02,1300.0,1250.0,1250.0,1180.0,1260.0,1250.0,0.04,0.1016949152542372,0.0317460317460318,0.04,1241.6666666666667,1198.3333333333333,35.449494589720864,53.45999452388824,0.0469798657718121,0.0848400556328234,6,0,0
Parakkodu,Pathanamthitta,Kerala,Brinjal,Brinjal,FAQ,2025-06-02,3500.0,3000.0,4500.0,3500.0,3800.0,3800.0,-0.2222222222222222,0.0,-0.0789473684210526,-0.0789473684210526,3333.333333333333,3571.428571428572,288.67513459481285,449.8677054212188,0.05,-0.02,6,0,1
Moynaguri,Jalpaiguri,West Bengal,Green Chilli,Other,FAQ,2025-06-03,2200.0,1950.0,1200.0,1700.0,1700.0,1100.0,0.8333333333333333,0.2941176470588236,0.2941176470588236,1.0,1816.6666666666667,1606.5217391304348,464.5786621588785,255.97600554548592,0.2110091743119264,0.3694181326116375,6,1,0
Baruipur(Canning),Sounth 24 Parganas,West Bengal,Cabbage,Cabbage,FAQ,2025-06-03,2000.0,2000.0,1900.0,1800.0,1800.0,1300.0,0.0526315789473683,0.1111111111111111,0.1111111111111111,0.5384615384615385,1900.0,1685.0,81.64965809277399,216.61582073592044,0.0526315789473683,0.1869436201780414,6,1,0
Belacoba,Jalpaiguri,West Bengal,Green Chilli,Other,FAQ,2025-06-03,2300.0,1900.0,1400.0,1800.0,1800.0,1300.0,0.6428571428571428,0.2777777777777777,0.2777777777777777,0.7692307692307692,1833.3333333333333,1656.8181818181818,503.3222956847164,265.60598034782595,0.2545454545454546,0.3882030178326474,6,1,0
Akbarpur,Ambedkarnagar,Uttar Pradesh,Cabbage,Cabbage,FAQ,2025-06-06,1260.0,1250.0,1210.0,1250.0,1270.0,1185.0,0.0413223140495868,0.008,-0.0078740157480314,0.0632911392405062,1226.6666666666667,1221.6,41.31182235954577,44.5046814017,0.0271739130434782,0.031434184675835,6,4,0
Parassala,Thiruvananthapuram,Kerala,Cabbage,Cabbage,FAQ,2025-06-06,4000.0,4000.0,4000.0,5000.0,3500.0,1800.0,0.0,-0.1999999999999999,0.1428571428571428,1.2222222222222223,4142.857142857143,3712.5,377.964473009227,983.4776361817104,-0.0344827586206897,0.0774410774410774,6,4,1
Punalur VFPCK,Kollam,Kerala,Brinjal,Brinjal,FAQ,2025-06-07,2700.0,2700.0,1800.0,1500.0,3500.0,3500.0,0.5,0.8,-0.2285714285714285,-0.2285714285714285,2533.333333333333,2257.1428571428573,288.67513459481285,355.23298860110964,0.0657894736842104,0.1962025316455695,6,5,0
Jasra,Prayagraj,Uttar Pradesh,Brinjal,Round/Long,FAQ,2025-06-08,1400.0,1275.0,1310.0,1115.0,1090.0,1145.0,0.0687022900763358,0.2556053811659193,0.2844036697247707,0.222707423580786,1328.3333333333333,1248.3333333333333,64.48514040717703,97.69211841290564,0.0539523212045169,0.1214953271028038,6,6,0
Balurghat,Dakshin Dinajpur,West Bengal,Cabbage,Other,FAQ,2025-06-09,1900.0,2500.0,2200.0,1900.0,800.0,800.0,-0.1363636363636363,0.0,1.375,1.375,2150.0,1978.571428571429,225.83179581272435,257.7374078952674,-0.1162790697674418,-0.03971119133574,6,0,0
Varipaal,Kanpur,Uttar Pradesh,Cabbage,Cabbage,FAQ,2025-06-10,1800.0,1800.0,1600.0,1400.0,1200.0,1200.0,0.125,0.2857142857142858,0.5,0.5,1660.0,1462.5,134.16407864998737,212.5245083906061,0.0843373493975903,0.2307692307692308,6,1,1
Itarsi(F&V),Hoshangabad,Madhya Pradesh,Green Chilli,Green Chilly,FAQ,2025-06-11,1750.0,1200.0,1800.0,1300.0,1500.0,1800.0,-0.0277777777777777,0.3461538461538462,0.1666666666666667,-0.0277777777777777,1683.3333333333333,1575.909090909091,453.6885862938733,339.1372744318855,0.0396039603960396,0.1104701471012401,6,2,1
Malerkotla,Sangrur,Punjab,Cabbage,Cabbage,FAQ,2025-06-11,200.0,200.0,200.0,200.0,200.0,200.0,0.0,0.0,0.0,0.0,200.0,205.8823529411765,0.0,24.253562503617665,0.0,-0.0285714285714285,6,2,0
Malerkotla,Sangrur,Punjab,Green Chilli,Green Chilly,FAQ,2025-06-11,1500.0,1500.0,1500.0,1500.0,1500.0,1600.0,0.0,0.0,0.0,-0.0625,1500.0,1500.0,0.0,0.0,0.0,0.0,6,2,0
Malerkotla,Sangrur,Punjab,Garlic,Average,FAQ,2025-06-11,5500.0,5500.0,5500.0,5500.0,5500.0,5500.0,0.0,0.0,0.0,0.0,5500.0,5500.0,0.0,0.0,0.0,0.0,6,2,0
Achalda,Auraiya,Uttar Pradesh,Garlic,Garlic,FAQ,2025-06-12,6500.0,6140.0,6100.0,6250.0,6000.0,6350.0,0.0655737704918033,0.04,0.0833333333333332,0.0236220472440944,6263.333333333333,6097.142857142857,205.02032419575715,165.2919495062071,0.0377860564129857,0.0660731021555764,6,3,0
Ashta,Sehore,Madhya Pradesh,Garlic,Garlic,FAQ,2025-06-12,1150.0,3500.0,3800.0,3000.0,4500.0,8500.0,-0.6973684210526316,-0.6166666666666667,-0.7444444444444445,-0.8647058823529412,3886.6666666666665,4296.0,2949.0733007732,2517.1950880118748,-0.7041166380789022,-0.7323091247672253,6,3,0
Rewa(F&V),Rewa,Madhya Pradesh,Green Chilli,Green Chilly,FAQ,2025-06-12,1600.0,1600.0,1600.0,1600.0,1300.0,1500.0,0.0,0.0,0.2307692307692308,0.0666666666666666,1600.0,1555.5555555555557,0.0,88.19171036882163,0.0,0.0285714285714284,6,3,0
Agar(F&V),Agar Malwa,Madhya Pradesh,Garlic,Average,FAQ,2025-06-12,3700.0,3350.0,3850.0,3500.0,2300.0,5000.0,-0.0389610389610389,0.0571428571428571,0.6086956521739131,-0.26,3350.0,3695.0,350.0,499.69435102314793,0.1044776119402985,0.0013531799729364,6,3,0
Wazirganj,Badaun,Uttar Pradesh,Cabbage,Cabbage,FAQ,2025-06-13,1230.0,1200.0,1195.0,1150.0,1150.0,1050.0,0.0292887029288702,0.0695652173913043,0.0695652173913043,0.1714285714285714,1210.0,1175.5882352941176,17.320508075688775,26.27274924596044,0.0165289256198346,0.0462847135351514,6,4,0
Faridkot,Faridkot,Punjab,Green Chilli,Green Chilly,FAQ,2025-06-13,2000.0,2000.0,2000.0,1200.0,3500.0,3000.0,0.0,0.6666666666666667,-0.4285714285714286,-0.3333333333333333,2000.0,1875.0,0.0,281.5771906346717,0.0,0.0666666666666666,6,4,0
Bareilly,Bareilly,Uttar Pradesh,Cabbage,Cabbage,FAQ,2025-06-13,1250.0,1300.0,1300.0,1240.0,1225.0,1100.0,-0.0384615384615384,0.0080645161290322,0.0204081632653061,0.1363636363636364,1287.5,1244.0,25.000000000022045,31.978611272968507,-0.0291262135922329,0.0048231511254019,6,4,0
Bharuasumerpur,Hamirpur,Uttar Pradesh,Brinjal,Brinjal,FAQ,2025-06-17,1345.0,1345.0,1220.0,1310.0,1350.0,1625.0,0.1024590163934426,0.0267175572519084,-0.0037037037037036,-0.1723076923076922,1336.6666666666667,1286.5,14.433756729740628,56.17680422854535,0.0062344139650871,0.0454722114263506,6,1,0
Vijapur(veg),Mehsana,Gujarat,Cabbage,Other,FAQ,2025-06-17,750.0,1000.0,725.0,500.0,550.0,350.0,0.0344827586206897,0.5,0.3636363636363635,1.1428571428571428,850.0,701.5625,132.28756555322954,165.4460511264422,-0.1176470588235294,0.069042316258352,6,1,0
Mansa(Manas Veg Yard),Gandhinagar,Gujarat,Cabbage,Other,FAQ,2025-06-19,1000.0,1200.0,1200.0,2500.0,700.0,500.0,-0.1666666666666666,-0.6,0.4285714285714286,1.0,1166.6666666666667,1246.1538461538462,152.7525231651947,586.8210752511994,-0.1428571428571429,-0.1975308641975308,6,3,0
Abohar,Fazilka,Punjab,Green Chilli,Green Chilly,FAQ,2025-06-19,1500.0,1400.0,1250.0,900.0,1200.0,2450.0,0.1999999999999999,0.6666666666666667,0.25,-0.3877551020408163,1320.0,1231.25,175.35677916750188,166.20770138594668,0.1363636363636364,0.218274111675127,6,3,0
Nakodar,Jalandhar,Punjab,Green Chilli,Other,FAQ,2025-06-20,2600.0,2500.0,1300.0,1300.0,2500.0,2000.0,1.0,1.0,0.04,0.3,2700.0,1795.4545454545455,264.57513110645925,638.5352556650856,-0.037037037037037,0.4481012658227847,6,4,1
Medinipur(West),Medinipur(W),West Bengal,Cabbage,Cabbage,FAQ,2025-06-21,2100.0,1900.0,1800.0,1900.0,1900.0,1700.0,0.1666666666666667,0.1052631578947369,0.1052631578947369,0.2352941176470588,1966.6666666666667,2012.5,115.47005383792512,158.6400537905332,0.0677966101694915,0.0434782608695651,6,5,0
Falakata,Alipurduar,West Bengal,Cabbage,Other,FAQ,2025-06-21,2200.0,1300.0,2800.0,1300.0,1300.0,600.0,-0.2142857142857143,0.6923076923076923,0.6923076923076923,2.6666666666666665,2080.0,1552.3809523809523,704.9822692805831,446.7874747786154,0.0576923076923077,0.4171779141104295,6,5,0
Alipurduar,Alipurduar,West Bengal,Cabbage,Other,FAQ,2025-06-21,2200.0,2000.0,1600.0,1500.0,1000.0,900.0,0.375,0.4666666666666665,1.2000000000000002,1.4444444444444446,1820.0,1478.9473684210527,286.35642126552705,317.2432424084141,0.2087912087912087,0.487544483985765,6,5,1
Nedumkandam,Idukki,Kerala,Brinjal,Other,FAQ,2025-06-22,2500.0,2500.0,2500.0,2500.0,4000.0,2500.0,0.0,0.0,-0.375,0.0,2700.0,2958.333333333333,447.21359549995793,620.056204686073,-0.074074074074074,-0.1549295774647887,6,6,0
Nagina,Bijnor,Uttar Pradesh,Brinjal,Round/Long,FAQ,2025-06-24,700.0,700.0,600.0,700.0,700.0,900.0,0.1666666666666667,0.0,0.0,-0.2222222222222222,666.6666666666666,671.875,57.73502691896256,54.67708234104022,0.05,0.041860465116279,6,1,0
Nagina,Bijnor,Uttar Pradesh,Green Chilli,Green Chilly,FAQ,2025-06-24,2000.0,2000.0,2000.0,2000.0,2000.0,2200.0,0.0,0.0,0.0,-0.0909090909090909,2000.0,2023.5294117647056,0.0,66.42111641549313,0.0,-0.0116279069767442,6,1,0
Purwa,Unnao,Uttar Pradesh,Cabbage,Cabbage,FAQ,2025-06-26,2125.0,2025.0,1550.0,1525.0,1485.0,1325.0,0.3709677419354837,0.3934426229508196,0.430976430976431,0.6037735849056605,1742.857142857143,1527.2222222222222,270.30626369079243,190.81975654313024,0.2192622950819671,0.3914150600218262,6,3,0
Unnao,Unnao,Uttar Pradesh,Cabbage,Cabbage,FAQ,2025-06-26,2075.0,1980.0,1530.0,1500.0,1475.0,1325.0,0.3562091503267974,0.3833333333333333,0.4067796610169492,0.5660377358490567,1751.6666666666667,1526.4583333333333,254.4733122876871,185.94341803391777,0.1845861084681255,0.3593558072881124,6,3,0
Nabha,Patiala,Punjab,Banana,Other,Medium,2025-06-26,1700.0,2000.0,1800.0,2100.0,2100.0,2300.0,-0.0555555555555555,-0.1904761904761904,-0.1904761904761904,-0.2608695652173913,1833.3333333333333,1828.571428571429,152.75252316519465,275.1622897751176,-0.0727272727272726,-0.0703125,6,3,1
Jaipur (F&V),Jaipur,Rajasthan,Cabbage,Cabbage,FAQ,2025-06-27,650.0,600.0,650.0,450.0,550.0,450.0,0.0,0.4444444444444444,0.1818181818181818,0.4444444444444444,620.0,555.8823529411765,44.7213595499958,65.86528140164316,0.0483870967741935,0.1693121693121693,6,4,0
Batala,Gurdaspur,Punjab,Cabbage,Other,FAQ,2025-06-27,1200.0,1200.0,2000.0,900.0,700.0,900.0,-0.4,0.3333333333333332,0.7142857142857142,0.3333333333333332,1400.0,1237.5,400.00000000000006,366.2064211031032,-0.1428571428571429,-0.0303030303030302,6,4,0
Jagraon,Ludhiana,Punjab,Brinjal,Other,FAQ,2025-06-27,900.0,850.0,900.0,900.0,850.0,800.0,0.0,0.0,0.0588235294117647,0.125,887.5,869.4444444444445,25.0,38.87721580176091,0.0140845070422535,0.035143769968051,6,4,0
Muktsar,Muktsar,Punjab,Banana,Other,Medium,2025-06-28,3900.0,3600.0,3800.0,3800.0,3800.0,3800.0,0.0263157894736842,0.0263157894736842,0.0263157894736842,0.0263157894736842,3666.6666666666665,3566.6666666666665,208.16659994661345,341.5650255319867,0.0636363636363637,0.0934579439252336,6,5,0
Dudhansadhan,Patiala,Punjab,Cabbage,Other,FAQ,2025-06-28,1000.0,1100.0,900.0,600.0,600.0,500.0,0.1111111111111111,0.6666666666666667,0.6666666666666667,1.0,1025.0,842.8571428571429,95.74271077563382,237.0453040886408,-0.024390243902439,0.1864406779661016,6,5,0
Khair,Aligarh,Uttar Pradesh,Banana,Banana - Ripe,Medium,2025-06-28,1500.0,1500.0,2000.0,2000.0,2400.0,2200.0,-0.25,-0.25,-0.375,-0.3181818181818182,1500.0,2083.333333333333,0.0,356.8654384729214,0.0,-0.28,6,5,0
Bharthna,Etawah,Uttar Pradesh,Cabbage,Cabbage,FAQ,2025-06-28,1120.0,1000.0,1260.0,1550.0,1450.0,1200.0,-0.1111111111111111,-0.2774193548387097,-0.2275862068965517,-0.0666666666666666,1163.3333333333333,1378.4,101.7185659880568,149.23918162913404,-0.0372492836676217,-0.1874637260591991,6,5,0
Rajsamand,Rajsamand,Rajasthan,Garlic,Other,FAQ,2025-06-29,5000.0,5000.0,5000.0,5000.0,5000.0,22000.0,0.0,0.0,0.0,-0.7727272727272727,5000.0,5000.0,0.0,0.0,0.0,0.0,6,6,0
Gangarampur(Dakshin Dinajpur),Dakshin Dinajpur,West Bengal,Cabbage,Other,FAQ,2025-06-29,1800.0,1800.0,2000.0,1400.0,1400.0,1300.0,-0.0999999999999999,0.2857142857142858,0.2857142857142858,0.3846153846153846,1833.3333333333333,1474.074074074074,81.64965809277255,203.03958043955967,-0.0181818181818181,0.2211055276381908,6,6,0
Dharamkot,Moga,Punjab,Green Chilli,Other,FAQ,2025-06-29,2500.0,1500.0,1400.0,2000.0,2000.0,2500.0,0.7857142857142858,0.25,0.25,0.0,2166.6666666666665,1940.0,577.3502691896257,383.5506630304674,0.1538461538461539,0.2886597938144331,6,6,1
Hapur,Ghaziabad,Uttar Pradesh,Cabbage,Cabbage,FAQ,2025-06-30,1160.0,1150.0,1175.0,1180.0,1100.0,1020.0,-0.0127659574468085,-0.0169491525423728,0.0545454545454544,0.1372549019607842,1147.0,1096.8,28.195744359758425,54.99772722577072,0.0113339145597211,0.0576221735959154,6,0,0
Bariwala,Muktsar,Punjab,Cabbage,Cabbage,FAQ,2025-06-30,1500.0,1500.0,1200.0,600.0,400.0,2000.0,0.25,1.5,2.75,-0.25,1350.0,1228.571428571429,173.20508075688772,205.8663459163552,0.1111111111111111,0.2209302325581394,6,0,0
Coochbehar,Coochbehar,West Bengal,Brinjal,Round/Long,FAQ,2025-06-30,1280.0,1400.0,1400.0,1400.0,1380.0,1450.0,-0.0857142857142857,-0.0857142857142857,-0.072463768115942,-0.1172413793103448,1386.6666666666667,1408.5185185185185,73.39391437078856,101.36391801151088,-0.0769230769230769,-0.0912437549303181,6,0,0
Toofanganj,Coochbehar,West Bengal,Green Chilli,Green Chilly,FAQ,2025-07-01,3300.0,3300.0,3150.0,3300.0,3300.0,3300.0,0.0476190476190476,0.0,0.0,0.0,3290.0,3265.217391304348,89.44271909999186,72.98004491996379,0.0030395136778116,0.0106524633821569,7,1,0
Morinda,Ropar (Rupnagar),Punjab,Garlic,Garlic,FAQ,2025-07-01,6250.0,7000.0,5800.0,6500.0,5000.0,6500.0,0.0775862068965518,-0.0384615384615384,0.25,-0.0384615384615384,6750.0,6221.428571428572,433.0127018922193,866.9184615911817,-0.074074074074074,0.0045924225028701,7,1,0
Dinhata,Coochbehar,West Bengal,Green Chilli,Green Chilly,FAQ,2025-07-01,3300.0,3300.0,3100.0,3300.0,3300.0,3350.0,0.064516129032258,0.0,0.0,-0.0149253731343284,3280.0,3267.391304347826,109.54451150103328,91.21490066179948,0.0060975609756097,0.0099800399201597,7,1,0
Morinda,Ropar (Rupnagar),Punjab,Brinjal,Round/Long,FAQ,2025-07-01,1000.0,1300.0,1000.0,1000.0,1000.0,1000.0,0.0,0.0,0.0,0.0,1100.0,1155.5555555555557,173.20508075688772,332.08098075285574,-0.0909090909090909,-0.1346153846153847,7,1,0
Morinda,Ropar (Rupnagar),Punjab,Green Chilli,Green Chilly,FAQ,2025-07-01,3200.0,1750.0,1500.0,1900.0,2200.0,3500.0,1.1333333333333333,0.6842105263157894,0.4545454545454546,-0.0857142857142857,2383.333333333333,2131.25,742.1814692737439,533.8120990974818,0.3426573426573425,0.501466275659824,7,1,1
Mekhliganj,Coochbehar,West Bengal,Green Chilli,Green Chilly,FAQ,2025-07-01,3300.0,3200.0,3200.0,3150.0,3300.0,3400.0,0.03125,0.0476190476190476,0.0,-0.0294117647058823,3270.0,3258.695652173913,67.08203932499373,82.09220690671101,0.0091743119266054,0.0126751167444962,7,1,0
Khatauli,Muzaffarnagar,Uttar Pradesh,Green Chilli,Green Chilly,FAQ,2025-07-02,900.0,900.0,1200.0,1200.0,900.0,900.0,-0.25,-0.25,0.0,0.0,900.0,1031.25,0.0,153.7042614893951,0.0,-0.1272727272727273,7,2,0
Khatauli,Muzaffarnagar,Uttar Pradesh,Banana,Banana - Ripe,Medium,2025-07-02,1400.0,1400.0,1400.0,1400.0,1400.0,1400.0,0.0,0.0,0.0,0.0,1400.0,1400.0,0.0,0.0,0.0,0.0,7,2,0
Khatauli,Muzaffarnagar,Uttar Pradesh,Brinjal,Round/Long,FAQ,2025-07-02,700.0,600.0,600.0,600.0,600.0,600.0,0.1666666666666667,0.1666666666666667,0.1666666666666667,0.1666666666666667,666.6666666666666,612.5,57.735026918962575,34.15650255319866,0.05,0.1428571428571428,7,2,0
Khatauli,Muzaffarnagar,Uttar Pradesh,Cabbage,Cabbage,FAQ,2025-07-02,700.0,700.0,600.0,600.0,600.0,600.0,0.1666666666666667,0.1666666666666667,0.1666666666666667,0.1666666666666667,700.0,618.75,0.0,40.311288741492746,0.0,0.1313131313131312,7,2,0
Jagraon,Ludhiana,Punjab,Cabbage,Other,FAQ,2025-07-02,700.0,400.0,400.0,850.0,200.0,300.0,0.75,-0.1764705882352941,2.5,1.3333333333333337,483.3333333333333,377.77777777777777,189.29694486000912,158.32043291099365,0.4482758620689655,0.8529411764705883,7,2,0
Chattarpur(F&V),Chhatarpur,Madhya Pradesh,Green Chilli,Green Chilly,FAQ,2025-07-03,3000.0,2500.0,2000.0,2000.0,2000.0,2000.0,0.5,0.5,0.5,0.5,2500.0,2277.777777777778,500.0,440.9585518440983,0.1999999999999999,0.3170731707317074,7,3,0
Safdarganj,Barabanki,Uttar Pradesh,Cabbage,Cabbage,FAQ,2025-07-03,1750.0,1700.0,1650.0,1650.0,1500.0,1250.0,0.0606060606060605,0.0606060606060605,0.1666666666666667,0.3999999999999999,1688.3333333333333,1478.4615384615386,37.638632635454,182.04817621041724,0.0365251727541955,0.18366285119667,7,3,0
Jagraon,Ludhiana,Punjab,Banana,Other,Medium,2025-07-03,3000.0,2800.0,4500.0,4000.0,4200.0,4500.0,-0.3333333333333333,-0.25,-0.2857142857142857,-0.3333333333333333,3325.0,4000.0,788.9866919029761,576.3872155263518,-0.0977443609022556,-0.25,7,3,1
Jagraon,Ludhiana,Punjab,Green Chilli,Other,FAQ,2025-07-03,2000.0,2000.0,1600.0,1400.0,1400.0,1500.0,0.25,0.4285714285714286,0.4285714285714286,0.3333333333333332,1900.0,1663.157894736842,199.99999999999991,606.6396755129297,0.0526315789473683,0.2025316455696202,7,3,0
Bara Bazar (Posta Bazar),Kolkata,West Bengal,Garlic,Other,FAQ,2025-07-04,4850.0,4750.0,4850.0,5250.0,5750.0,7500.0,0.0,-0.0761904761904761,-0.1565217391304347,-0.3533333333333334,4800.0,5144.736842105263,57.7350269189625,298.09335638868896,0.0104166666666667,-0.0572890025575447,7,4,0
Puranpur,Pillibhit,Uttar Pradesh,Cabbage,Cabbage,FAQ,2025-07-04,1299.0,1290.0,1275.0,1285.0,1236.0,1180.0,0.0188235294117646,0.0108949416342412,0.0509708737864078,0.1008474576271185,1287.25,1246.25,10.012492197283994,35.742132001348565,0.0091279860167021,0.0423269809428283,7,4,0
Pilibhit,Pillibhit,Uttar Pradesh,Cabbage,Cabbage,FAQ,2025-07-06,1315.0,1305.0,1298.0,1280.0,1275.0,1195.0,0.0130970724191064,0.02734375,0.0313725490196079,0.100418410041841,1300.5,1261.9310344827586,8.68907359835338,34.761360973776256,0.0111495578623606,0.042053776369002,7,6,0
Sheoraphuly,Hooghly,West Bengal,Brinjal,Round/Long,FAQ,2025-07-08,6200.0,6200.0,8200.0,6800.0,5600.0,5800.0,-0.2439024390243902,-0.088235294117647,0.1071428571428572,0.0689655172413792,7171.428571428572,6300.0,875.0510189207674,772.367609456754,-0.1354581673306772,-0.0158730158730159,7,1,0
Morinda,Ropar (Rupnagar),Punjab,Cabbage,Cabbage,FAQ,2025-07-09,350.0,500.0,400.0,225.0,200.0,200.0,-0.125,0.5555555555555556,0.75,0.75,433.3333333333333,304.54545454545456,76.37626158259732,105.36732286278549,-0.1923076923076923,0.1492537313432835,7,2,0
Munnar,Idukki,Kerala,Green Chilli,Other,FAQ,2025-07-11,5000.0,6000.0,6000.0,6000.0,6000.0,4000.0,-0.1666666666666666,-0.1666666666666666,-0.1666666666666666,0.25,5833.333333333333,5812.5,763.7626158259732,530.3300858899105,-0.1428571428571428,-0.1397849462365591,7,4,0
Muradnagar,Ghaziabad,Uttar Pradesh,Green Chilli,Green Chilly,FAQ,2025-07-11,800.0,800.0,800.0,800.0,2120.0,1850.0,0.0,0.0,-0.6226415094339622,-0.5675675675675675,807.1428571428571,855.6666666666666,18.898223650461368,240.1103673433253,-0.0088495575221239,-0.0650564861706272,7,4,0
Udaipur (F&V),Udaipur,Rajasthan,Banana,Other,Medium,2025-07-11,2000.0,1750.0,1500.0,1500.0,2000.0,1900.0,0.3333333333333332,0.3333333333333332,0.0,0.0526315789473683,1750.0,1775.0,204.1241452319315,255.2088927670204,0.1428571428571428,0.1267605633802817,7,4,0
Sheopurkalan(F&V),Sheopur,Madhya Pradesh,Green Chilli,Green Chilly,FAQ,2025-07-11,6000.0,4200.0,2300.0,2100.0,1300.0,800.0,1.608695652173913,1.8571428571428568,3.615384615384615,6.5,3700.0,2276.923076923077,1775.762746915627,1363.9121710199713,0.6216216216216217,1.635135135135135,7,4,0
Mukerian(Talwara),Hoshiarpur,Punjab,Cabbage,Cabbage,FAQ,2025-07-11,2100.0,2500.0,2400.0,1200.0,1200.0,1500.0,-0.125,0.75,0.75,0.3999999999999999,2200.0,2142.8571428571427,264.575131106459,340.86724129853866,-0.0454545454545454,-0.0199999999999999,7,4,0
Doraha,Ludhiana,Punjab,Green Chilli,Other,FAQ,2025-07-11,4500.0,4500.0,2650.0,2350.0,2000.0,2350.0,0.6981132075471699,0.9148936170212768,1.25,0.9148936170212768,3866.6666666666665,2669.230769230769,1096.965511460289,834.7999913997562,0.1637931034482758,0.6858789625360231,7,4,1
Vaniyamkulam  VFPCK,Palakad,Kerala,Brinjal,Round/Long,FAQ,2025-07-13,4300.0,6100.0,5100.0,3300.0,3600.0,4500.0,-0.1568627450980392,0.303030303030303,0.1944444444444444,-0.0444444444444444,5166.666666666667,4975.0,901.849950564579,856.4878449642056,-0.167741935483871,-0.135678391959799,7,6,1
Lohian Khas,Jalandhar,Punjab,Green Chilli,Other,FAQ,2025-07-13,1800.0,2900.0,2800.0,1800.0,1100.0,1100.0,-0.3571428571428571,0.0,0.6363636363636365,0.6363636363636365,2633.333333333333,2100.0,422.6897995772629,657.820091459111,-0.3164556962025316,-0.1428571428571429,7,6,0
Lohian Khas,Jalandhar,Punjab,Brinjal,Other,FAQ,2025-07-13,2900.0,2100.0,2300.0,1200.0,1100.0,1100.0,0.2608695652173913,1.4166666666666663,1.6363636363636362,1.6363636363636362,2083.333333333333,1658.3333333333333,499.6665554814196,561.5859576937341,0.3919999999999999,0.7487437185929648,7,6,0
Faridkot,Faridkot,Punjab,Banana,Banana - Ripe,Large,2025-07-14,3500.0,3300.0,3300.0,3300.0,3000.0,2300.0,0.0606060606060605,0.0606060606060605,0.1666666666666667,0.5217391304347827,3350.0,3300.0,100.0,160.35674514745455,0.0447761194029849,0.0606060606060605,7,0,0
Gautampura,Indore,Madhya Pradesh,Garlic,Garlic,FAQ,2025-07-15,1975.0,5000.0,1400.0,6800.0,2500.0,2200.0,0.4107142857142858,-0.7095588235294117,-0.2099999999999999,-0.1022727272727272,2843.75,3712.076923076923,1582.5052659206751,1933.220347052168,-0.3054945054945055,-0.4679528358580102,7,1,0
Buland Shahr,Bulandshahar,Uttar Pradesh,Cabbage,Cabbage,FAQ,2025-07-17,1560.0,1550.0,1500.0,1325.0,1150.0,1050.0,0.04,0.1773584905660377,0.3565217391304347,0.4857142857142857,1480.8333333333333,1245.6,86.04746752035354,158.06327846783475,0.0534608891389982,0.2524084778420039,7,3,0
Khurja,Bulandshahar,Uttar Pradesh,Cabbage,Cabbage,FAQ,2025-07-18,1570.0,1550.0,1500.0,1320.0,1180.0,1050.0,0.0466666666666666,0.1893939393939394,0.3305084745762712,0.4952380952380952,1499.1666666666667,1251.0,90.02314517204033,166.98927111244862,0.047248471372985,0.2549960031974421,7,4,0
Budalada,Mansa,Punjab,Cabbage,Cabbage,FAQ,2025-07-19,1700.0,1800.0,1200.0,800.0,700.0,600.0,0.4166666666666667,1.125,1.4285714285714284,1.8333333333333333,1550.0,1136.3636363636365,264.5751311064591,374.8939243912257,0.096774193548387,0.4960000000000002,7,5,0
Naanpara,Bahraich,Uttar Pradesh,Garlic,Desi,FAQ,2025-07-19,5600.0,5200.0,5300.0,5700.0,6500.0,5500.0,0.0566037735849056,-0.0175438596491228,-0.1384615384615384,0.018181818181818,5325.0,5685.0,189.2969448600092,520.7099853938744,0.0516431924882629,-0.0149516270888302,7,5,0
Kodungalloor,Thirssur,Kerala,Brinjal,Other,FAQ,2025-07-21,3200.0,4200.0,4200.0,3200.0,3700.0,3800.0,-0.2380952380952381,0.0,-0.1351351351351351,-0.1578947368421053,3866.6666666666665,3814.285714285714,577.3502691896257,393.39789623472063,-0.1724137931034483,-0.1610486891385767,7,0,0
Patiala,Patiala,Punjab,Banana,Banana - Ripe,Medium,2025-07-22,3500.0,3500.0,3500.0,2800.0,3000.0,2500.0,0.0,0.25,0.1666666666666667,0.3999999999999999,3500.0,3053.333333333333,0.0,292.4445409369263,0.0,0.1462882096069868,7,1,0
Javad,Neemuch,Madhya Pradesh,Garlic,Garlic,FAQ,2025-07-22,9000.0,3300.0,10400.0,11600.0,9660.0,9600.0,-0.1346153846153845,-0.2241379310344827,-0.0683229813664596,-0.0625,9140.2,7871.2,3440.7746511505247,3060.369905402733,-0.0153388328482966,0.1434088830165667,7,1,1
Jasdan,Rajkot,Gujarat,Garlic,Garlic,FAQ,2025-07-23,1250.0,1250.0,3000.0,4975.0,3000.0,1500.0,-0.5833333333333333,-0.7487437185929648,-0.5833333333333333,-0.1666666666666666,1333.3333333333333,3090.625,144.33756729740642,1626.6715304132128,-0.0625,-0.5955510616784632,7,2,0
Lalganj,Raebarelli,Uttar Pradesh,Brinjal,Round/Long,FAQ,2025-07-24,1550.0,1600.0,1600.0,1750.0,1700.0,1400.0,-0.03125,-0.1142857142857143,-0.088235294117647,0.1071428571428572,1657.142857142857,1656.6666666666667,88.64052604279186,73.9679955644067,-0.064655172413793,-0.0643863179074447,7,3,0
Ramganjmandi,Kota,Rajasthan,Garlic,Other,FAQ,2025-07-24,1500.0,1581.0,2200.0,2800.0,3690.0,22700.0,-0.3181818181818182,-0.4642857142857143,-0.5934959349593496,-0.933920704845815,2014.0,2828.5454545454545,595.931204083156,1073.5469587900088,-0.2552135054617676,-0.4696921000192839,7,3,0
Mukerian(Talwara),Hoshiarpur,Punjab,Brinjal,Brinjal,FAQ,2025-07-24,2800.0,3000.0,3500.0,3000.0,1900.0,2000.0,-0.1999999999999999,-0.0666666666666666,0.4736842105263157,0.3999999999999999,3200.0,2617.6470588235293,355.9026084010438,597.1131531351988,-0.125,0.0696629213483146,7,3,0
Rampurmaniharan,Saharanpur,Uttar Pradesh,Brinjal,Round/Long,FAQ,2025-07-25,1900.0,800.0,800.0,650.0,600.0,500.0,1.375,1.923076923076923,2.1666666666666665,2.8,1062.5,832.3529411764706,558.8306243099662,343.66643369269974,0.7882352941176471,1.282685512367491,7,4,1
Rampurmaniharan,Saharanpur,Uttar Pradesh,Green Chilli,Green Chilly,FAQ,2025-07-25,1650.0,1700.0,1550.0,1650.0,1500.0,1750.0,0.064516129032258,0.0,0.1,-0.0571428571428571,1600.0,1703.571428571429,91.28709291752774,269.94606705948166,0.03125,-0.0314465408805032,7,4,0
Karvi,Chitrakut,Uttar Pradesh,Brinjal,Round/Long,FAQ,2025-07-25,1670.0,1830.0,2050.0,1645.0,1335.0,1365.0,-0.1853658536585366,0.0151975683890577,0.2509363295880149,0.2234432234432235,1840.0,1785.0,175.2141546793522,223.6547083596253,-0.092391304347826,-0.0644257703081232,7,4,0
Karvi,Chitrakut,Uttar Pradesh,Green Chilli,Green Chilly,FAQ,2025-07-25,4650.0,5040.0,3545.0,3550.0,2345.0,2600.0,0.311706629055007,0.3098591549295775,0.9829424307036247,0.7884615384615385,4297.0,3690.0,644.7053590594699,837.4745586366413,0.0821503374447287,0.2601626016260163,7,4,0
Haathras,Hathras,Uttar Pradesh,Brinjal,Round/Long,FAQ,2025-07-26,1200.0,1450.0,1680.0,2250.0,1900.0,1300.0,-0.2857142857142857,-0.4666666666666667,-0.368421052631579,-0.0769230769230768,1536.0,1803.9130434782608,212.67345861672547,257.906592154367,-0.21875,-0.3347794649313087,7,5,0
Gangoh,Saharanpur,Uttar Pradesh,Brinjal,Round/Long,FAQ,2025-07-27,1800.0,1250.0,2100.0,2200.0,1050.0,1300.0,-0.1428571428571429,-0.1818181818181817,0.7142857142857142,0.3846153846153846,1750.0,1681.8181818181818,316.227766016838,373.0098706956207,0.0285714285714284,0.0702702702702702,7,6,1
Bhulath (Nadala),kapurthala,Punjab,Brinjal,Brinjal,FAQ,2025-07-28,2665.0,2265.0,1875.0,1555.0,1955.0,770.0,0.4213333333333333,0.7138263665594855,0.3631713554987212,2.461038961038961,2192.5,1827.0,356.4056677439347,426.55727764405634,0.2155074116305586,0.4586754241926656,7,0,1
Dudhi,Sonbhadra,Uttar Pradesh,Green Chilli,Green Chilly,FAQ,2025-07-28,3000.0,2900.0,2700.0,1600.0,1600.0,1700.0,0.1111111111111111,0.875,0.875,0.7647058823529411,2966.6666666666665,2712.5,57.73502691896261,464.25824094539,0.0112359550561798,0.1059907834101383,7,0,0
Sikanderabad,Bulandshahar,Uttar Pradesh,Brinjal,Brinjal,FAQ,2025-07-28,1300.0,1800.0,1500.0,1900.0,1900.0,1600.0,-0.1333333333333333,-0.3157894736842105,-0.3157894736842105,-0.1875,1520.0,1610.0,178.88543819998318,204.59018269981289,-0.1447368421052631,-0.1925465838509317,7,0,0
Sikanderabad,Bulandshahar,Uttar Pradesh,Green Chilli,Green Chilly,FAQ,2025-07-28,3500.0,5500.0,5500.0,5800.0,1350.0,2650.0,-0.3636363636363636,-0.396551724137931,1.5925925925925926,0.320754716981132,5000.0,4882.142857142857,1000.0,1075.1756820411942,-0.3,-0.2831016825164594,7,0,0
Fatehpur Sikri,Agra,Uttar Pradesh,Brinjal,Round,FAQ,2025-07-28,1600.0,1690.0,1500.0,1620.0,1240.0,1200.0,0.0666666666666666,-0.0123456790123457,0.2903225806451612,0.3333333333333332,1593.3333333333333,1614.0,74.47594690010105,84.3537524687287,0.0041841004184099,-0.0086741016109045,7,0,1
Giddarbaha,Muktsar,Punjab,Cabbage,Cabbage,FAQ,2025-07-28,3200.0,2600.0,2600.0,3200.0,2200.0,1300.0,0.2307692307692308,0.0,0.4545454545454546,1.4615384615384617,2860.0,2887.5,357.7708763999664,1042.3531071570708,0.1188811188811189,0.1082251082251082,7,0,1
Giddarbaha,Muktsar,Punjab,Garlic,Garlic,FAQ,2025-07-28,8500.0,10000.0,9500.0,10000.0,8500.0,7000.0,-0.1052631578947368,-0.15,0.0,0.2142857142857142,9500.0,9666.666666666666,612.3724356957946,1159.843996077962,-0.1052631578947368,-0.1206896551724137,7,0,1
Giddarbaha,Muktsar,Punjab,Brinjal,Brinjal,FAQ,2025-07-28,2600.0,3200.0,2600.0,4500.0,2600.0,1500.0,0.0,-0.4222222222222223,0.0,0.7333333333333334,3000.0,3068.75,374.1657386773945,649.8397238293986,-0.1333333333333333,-0.1527494908350305,7,0,1
Purwa,Unnao,Uttar Pradesh,Green Chilli,Green Chilly,FAQ,2025-07-28,4400.0,4350.0,4300.0,4040.0,3050.0,2400.0,0.0232558139534884,0.0891089108910891,0.4426229508196722,0.8333333333333333,4320.0,3302.6,57.00877125500033,786.6875703437403,0.0185185185185186,0.3322836553018833,7,0,0
Giddarbaha,Muktsar,Punjab,Green Chilli,Green Chilly,FAQ,2025-07-28,3200.0,3800.0,4500.0,6500.0,3200.0,1600.0,-0.2888888888888888,-0.5076923076923077,0.0,1.0,3940.0,4806.25,527.2570530585629,1433.163749657841,-0.1878172588832487,-0.3342002600780234,7,0,0
Ujhani,Badaun,Uttar Pradesh,Garlic,Garlic,FAQ,2025-07-29,6425.0,6420.0,6425.0,6430.0,6400.0,6380.0,0.0,-0.0007776049766718,0.00390625,0.0070532915360501,6423.571428571428,6413.478260869565,3.779644730092251,14.957119208607006,0.0002223951962638,0.0017964883736696,7,1,0
Ujhani,Badaun,Uttar Pradesh,Brinjal,Brinjal,FAQ,2025-07-29,1750.0,1760.0,1720.0,1700.0,1350.0,1350.0,0.0174418604651163,0.0294117647058822,0.2962962962962963,0.2962962962962963,1733.3333333333333,1604.0625,23.38090388900024,173.3899146432697,0.0096153846153845,0.0909799337619325,7,1,0
Dera Baba Nanak,Gurdaspur,Punjab,Brinjal,Round,FAQ,2025-07-29,1400.0,1500.0,1200.0,1300.0,1000.0,1000.0,0.1666666666666667,0.0769230769230768,0.3999999999999999,0.3999999999999999,1375.0,1225.0,125.83057392117917,191.28750375000743,0.018181818181818,0.1428571428571428,7,1,0
Ujhani,Badaun,Uttar Pradesh,Green Chilli,Green Chilly,FAQ,2025-07-29,4200.0,4200.0,4150.0,4120.0,3600.0,2000.0,0.0120481927710842,0.0194174757281553,0.1666666666666667,1.1,4168.571428571428,3313.333333333333,24.10295378065516,1046.0262972281116,0.0075394105551747,0.2676056338028167,7,1,0
Noor Mehal,Jalandhar,Punjab,Green Chilli,Other,FAQ,2025-07-29,1500.0,1500.0,1500.0,1500.0,1100.0,1500.0,0.0,0.0,0.3636363636363635,0.0,1500.0,1290.909090909091,0.0,197.38550848793057,0.0,0.1619718309859155,7,1,0
Naanpara,Bahraich,Uttar Pradesh,Green Chilli,Green Chilly,FAQ,2025-07-29,4100.0,4100.0,4020.0,4100.0,2050.0,2050.0,0.0199004975124377,0.0,1.0,1.0,4100.0,3957.777777777778,0.0,379.0375237947325,0.0,0.0359348680516564,7,1,0
Bilsi,Badaun,Uttar Pradesh,Brinjal,Brinjal,FAQ,2025-07-29,1750.0,1765.0,1760.0,1710.0,1365.0,1350.0,-0.0056818181818182,0.023391812865497,0.2820512820512821,0.2962962962962963,1745.0,1634.4117647058824,21.408720964441923,150.34213432348665,0.0028653295128939,0.070721612380781,7,1,0
Sardhana,Meerut,Uttar Pradesh,Green Chilli,Green Chilly,FAQ,2025-07-29,2100.0,1500.0,2200.0,2150.0,1750.0,2200.0,-0.0454545454545454,-0.0232558139534884,0.1999999999999999,-0.0454545454545454,1866.6666666666667,1965.3846153846157,321.45502536643187,217.355905702122,0.125,0.0684931506849315,7,1,0
Tanda(Rampur),Rampur,Uttar Pradesh,Brinjal,Other,FAQ,2025-07-29,1020.0,1020.0,1040.0,1420.0,920.0,920.0,-0.0192307692307692,-0.2816901408450704,0.108695652173913,0.108695652173913,1071.428571428571,1086.875,83.15218406203012,140.22452234422673,-0.0479999999999999,-0.061529614721104,7,1,1
Meerut,Meerut,Uttar Pradesh,Garlic,Garlic,FAQ,2025-07-30,6320.0,6340.0,6350.0,6310.0,6280.0,5940.0,-0.0047244094488189,0.0015847860538826,0.0063694267515923,0.063973063973064,6337.5,6300.555555555556,12.583057392151382,36.37585207818852,-0.0027613412228796,0.003086147606031,7,2,0
Patiala,Patiala,Punjab,Green Chilli,Green Chilly,FAQ,2025-07-30,5000.0,5000.0,5000.0,5000.0,1800.0,1800.0,0.0,0.0,1.7777777777777777,1.7777777777777777,5000.0,5000.0,0.0,0.0,0.0,0.0,7,2,0
Patiala,Patiala,Punjab,Garlic,Average,FAQ,2025-07-30,5000.0,5000.0,5000.0,5000.0,7000.0,8000.0,0.0,0.0,-0.2857142857142857,-0.375,5000.0,5705.882352941177,0.0,985.1843661437792,0.0,-0.1237113402061855,7,2,0
Partaval,Maharajganj,Uttar Pradesh,Brinjal,Round/Long,FAQ,2025-07-30,1700.0,1745.0,1745.0,1570.0,1325.0,1185.0,-0.0257879656160457,0.0828025477707006,0.2830188679245282,0.4345991561181435,1735.0,1678.571428571429,31.22498999199199,77.7664390828,-0.0201729106628242,0.0127659574468084,7,2,0
Bhagta Bhai Ka,Bhatinda,Punjab,Brinjal,Other,FAQ,2025-07-30,3100.0,3000.0,3000.0,3000.0,2000.0,1700.0,0.0333333333333334,0.0333333333333334,0.55,0.8235294117647058,3150.0,2986.6666666666665,164.3167672515499,396.1721607488087,-0.0158730158730159,0.0379464285714286,7,2,0
Jalalabad,Shahjahanpur,Uttar Pradesh,Cabbage,Cabbage,FAQ,2025-07-30,950.0,950.0,950.0,650.0,450.0,350.0,0.0,0.4615384615384614,1.1111111111111112,1.7142857142857144,883.3333333333334,831.8181818181819,103.27955589886444,147.09304414677004,0.0754716981132075,0.1420765027322403,7,2,1
Purwa,Unnao,Uttar Pradesh,Banana,Banana - Ripe,Medium,2025-07-30,2875.0,2875.0,2850.0,2800.0,2775.0,2760.0,0.0087719298245614,0.0267857142857141,0.0360360360360361,0.0416666666666667,2862.5,2805.0,13.693063937629152,38.22778618182407,0.0043668122270741,0.0249554367201425,7,2,0
Purwa,Unnao,Uttar Pradesh,Garlic,Desi,FAQ,2025-07-30,6250.0,6260.0,6250.0,6250.0,6075.0,6280.0,0.0,0.0,0.0288065843621398,-0.0047770700636943,6251.428571428572,6203.6,3.77964473009222,57.96047504061123,-0.0002285191956123,0.0074795280159907,7,2,0
Purwa,Unnao,Uttar Pradesh,Brinjal,Round/Long,FAQ,2025-07-30,1675.0,1700.0,1725.0,1700.0,1725.0,1350.0,-0.0289855072463768,-0.0147058823529411,-0.0289855072463768,0.2407407407407407,1712.5,1700.0,26.220221204261943,44.59412925081495,-0.021897810218978,-0.0147058823529411,7,2,0
Mamdot,Ferozpur,Punjab,Green Chilli,Other,FAQ,2025-07-30,3550.0,3700.0,3700.0,3500.0,1650.0,3700.0,-0.0405405405405405,0.0142857142857142,1.1515151515151514,-0.0405405405405405,3620.0,3635.0,90.82951062292476,97.32534213770636,-0.0193370165745856,-0.0233837689133424,7,2,0
Tikonia,Khiri (Lakhimpur),Uttar Pradesh,Green Chilli,Green Chilly,FAQ,2025-07-30,4240.0,4130.0,4140.0,2470.0,2260.0,3290.0,0.0241545893719807,0.7165991902834008,0.8761061946902655,0.2887537993920972,4210.0,3022.3076923076924,70.00000000000084,820.5806262047432,0.007125890736342,0.4029015016543649,7,2,0
Bilsi,Badaun,Uttar Pradesh,Green Chilli,Green Chilly,FAQ,2025-07-30,4200.0,4200.0,4160.0,4150.0,3600.0,2000.0,0.0096153846153845,0.0120481927710842,0.1666666666666667,1.1,4167.142857142857,3400.4347826086955,22.88688541079137,1000.9199325932424,0.0078848131642099,0.2351361718450326,7,2,0
Sahnewal,Ludhiana,Punjab,Brinjal,Brinjal,FAQ,2025-07-30,2500.0,2500.0,2600.0,2500.0,1600.0,1000.0,-0.0384615384615384,0.0,0.5625,1.5,2525.0,2762.5,50.00000000000004,370.0868623908237,-0.0099009900990099,-0.0950226244343891,7,2,1
Bhawanigarh,Sangrur,Punjab,Cabbage,Other,FAQ,2025-07-30,1000.0,4250.0,3250.0,1500.0,1000.0,500.0,-0.6923076923076923,-0.3333333333333333,0.0,1.0,2900.0,2213.6363636363635,1232.3757543866238,1172.4101051020737,-0.6551724137931034,-0.5482546201232033,7,2,0
Nedumangadu,Thiruvananthapuram,Kerala,Brinjal,Other,FAQ,2025-07-30,8900.0,8500.0,12000.0,5800.0,6500.0,4800.0,-0.2583333333333333,0.5344827586206897,0.3692307692307692,0.8541666666666667,11400.0,8466.666666666666,4680.811895387381,3309.8567212421026,-0.2192982456140351,0.0511811023622048,7,2,1
Bilsi,Badaun,Uttar Pradesh,Garlic,Garlic,FAQ,2025-07-30,6425.0,6420.0,6420.0,6430.0,6400.0,6400.0,0.0007788161993769,-0.0007776049766718,0.00390625,0.00390625,6421.428571428572,6410.833333333333,2.4397501846526635,16.59404467819623,0.0005561735261401,0.0022098011178994,7,2,0
Tikonia,Khiri (Lakhimpur),Uttar Pradesh,Brinjal,Brinjal,FAQ,2025-07-31,1490.0,1390.0,1710.0,1480.0,1430.0,1250.0,-0.1286549707602339,0.0067567567567567,0.0419580419580418,0.1919999999999999,1582.5,1543.571428571429,169.97548842896927,107.38909433651632,-0.0584518167456555,-0.034706154558075,7,3,0
Pathankot,Pathankot,Punjab,Green Chilli,Green Chilly,FAQ,2025-07-31,2100.0,2200.0,3000.0,3800.0,1700.0,1500.0,-0.3,-0.4473684210526315,0.2352941176470588,0.3999999999999999,2700.0,3022.222222222222,668.3312551921141,582.6186097649512,-0.2222222222222222,-0.3051470588235294,7,3,0
Abohar,Fazilka,Punjab,Banana,Other,Medium,2025-07-31,2700.0,2600.0,2600.0,2650.0,2600.0,2200.0,0.0384615384615385,0.0188679245283018,0.0384615384615385,0.2272727272727273,2600.0,2612.5,54.77225575051661,51.75491695067655,0.0384615384615385,0.0334928229665072,7,3,0
Sailana(F&V),Ratlam,Madhya Pradesh,Garlic,Garlic,FAQ,2025-07-31,4500.0,1850.0,2400.0,2799.0,3899.0,3600.0,0.875,0.607717041800643,0.1541420877147987,0.25,2612.5,3023.5652173913045,1293.8154170256764,779.835520308829,0.7224880382775121,0.488309223203244,7,3,1
Tikonia,Khiri (Lakhimpur),Uttar Pradesh,Banana,Amruthapani,Medium,2025-07-31,2630.0,2520.0,2590.0,2640.0,2720.0,2640.0,0.0154440154440154,-0.0037878787878787,-0.0330882352941176,-0.0037878787878787,2582.5,2638.75,45.73474244670743,53.77421934966869,0.0183930300096806,-0.0033159639981051,7,3,0
Ichhawar(F&V),Sehore,Madhya Pradesh,Garlic,Garlic,FAQ,2025-08-01,3800.0,3905.0,3705.0,4200.0,4700.0,3500.0,0.0256410256410255,-0.0952380952380952,-0.1914893617021277,0.0857142857142856,3865.0,4042.368421052632,56.78908345800253,530.7080396901949,-0.0168175937904269,-0.0599570340472626,8,4,0
Sirhind,Fatehgarh,Punjab,Garlic,Other,FAQ,2025-08-01,6500.0,5500.0,5700.0,5500.0,6500.0,6500.0,0.1403508771929824,0.1818181818181818,0.0,0.0,5750.0,5942.105263157895,525.9911279353165,698.6620463219394,0.1304347826086955,0.0938883968113373,8,4,0
Sirhind,Fatehgarh,Punjab,Green Chilli,Other,FAQ,2025-08-01,3000.0,2500.0,2000.0,2500.0,3500.0,4300.0,0.5,0.1999999999999999,-0.1428571428571429,-0.3023255813953488,2625.0,2931.5789473684213,478.713553878169,567.697720406191,0.1428571428571428,0.0233393177737881,8,4,1
Muzzafarnagar,Muzaffarnagar,Uttar Pradesh,Green Chilli,Green Chilly,FAQ,2025-08-01,4575.0,4500.0,4800.0,4950.0,4600.0,2450.0,-0.046875,-0.0757575757575758,-0.0054347826086956,0.8673469387755102,4762.5,4212.321428571428,198.58877108236757,761.0975045128278,-0.0393700787401575,0.0860994531349357,8,4,0
Kasganj,Kasganj,Uttar Pradesh,Banana,Banana - Ripe,Large,2025-08-01,2500.0,2510.0,2550.0,2510.0,2600.0,2720.0,-0.0196078431372549,-0.0039840637450199,-0.0384615384615384,-0.0808823529411765,2526.0,2548.125,32.09361307176243,49.560569003999454,-0.0102929532858273,-0.0188864361049792,8,4,0
Muzzafarnagar,Muzaffarnagar,Uttar Pradesh,Cabbage,Cabbage,FAQ,2025-08-01,1565.0,1300.0,1300.0,1150.0,1150.0,890.0,0.2038461538461538,0.3608695652173912,0.3608695652173912,0.7584269662921348,1352.5,1166.25,106.00707523557077,121.3246715467224,0.1571164510166358,0.3419078242229367,8,4,0
Madhavapuram,Alappuzha,Kerala,Green Chilli,Other,FAQ,2025-08-01,3500.0,3800.0,3500.0,3500.0,3700.0,3400.0,0.0,0.0,-0.054054054054054,0.0294117647058822,3580.0,3585.0,130.3840481040529,181.4415956487933,-0.0223463687150837,-0.0237099023709902,8,4,0
Muzzafarnagar,Muzaffarnagar,Uttar Pradesh,Garlic,Garlic,FAQ,2025-08-01,6100.0,6100.0,6350.0,6450.0,6500.0,6500.0,-0.0393700787401575,-0.0542635658914728,-0.0615384615384615,-0.0615384615384615,6313.333333333333,6470.740740740741,176.82382946499922,118.77340825041324,-0.0337909186906018,-0.0572949459103657,8,4,0
Lehra Gaga,Sangrur,Punjab,Banana,Banana - Ripe,Medium,2025-08-01,3500.0,3300.0,3700.0,3200.0,3000.0,3000.0,-0.054054054054054,0.09375,0.1666666666666667,0.1666666666666667,3500.0,3433.333333333333,163.29931618554522,173.20508075688767,0.0,0.0194174757281553,8,4,0
Bareilly,Bareilly,Uttar Pradesh,Garlic,Average,FAQ,2025-08-01,6475.0,6480.0,6500.0,6485.0,6350.0,6350.0,-0.0038461538461538,-0.0015420200462605,0.0196850393700787,0.0196850393700787,6496.0,6471.923076923077,19.81161275615893,48.58576873037021,-0.0032327586206896,0.0004754263980506,8,4,0
Shahganj,Jaunpur,Uttar Pradesh,Garlic,Garlic,FAQ,2025-08-01,6475.0,6300.0,6450.0,6560.0,6200.0,6140.0,0.003875968992248,-0.0129573170731707,0.0443548387096774,0.0545602605863191,6391.666666666667,6468.333333333333,87.79711460710593,86.74675785443833,0.013037809647979,0.0010306622004638,8,4,0
Muzzafarnagar,Muzaffarnagar,Uttar Pradesh,Brinjal,Round/Long,FAQ,2025-08-01,1820.0,1950.0,1900.0,1950.0,2100.0,1525.0,-0.0421052631578947,-0.0666666666666666,-0.1333333333333333,0.1934426229508197,1933.3333333333333,2011.9642857142856,65.01281924872222,80.74123373715497,-0.0586206896551724,-0.0954113783615869,8,4,0
Rudauli,Ayodhya,Uttar Pradesh,Garlic,Desi,FAQ,2025-08-01,6370.0,6440.0,6440.0,6400.0,6500.0,6550.0,-0.0108695652173913,-0.0046874999999999,-0.02,-0.0274809160305343,6430.0,6455.555555555556,26.457513110645905,102.05086518458909,-0.0093312597200622,-0.0132530120481927,8,4,0
Perinthalmanna,Malappuram,Kerala,Garlic,Garlic,FAQ,2025-08-03,4800.0,8800.0,8500.0,14500.0,15000.0,25500.0,-0.4352941176470588,-0.6689655172413793,-0.6799999999999999,-0.8117647058823529,7133.333333333333,9387.5,2081.6659994661327,3258.1491240097826,-0.3271028037383177,-0.488681757656458,8,6,0
Nedumpaikulam  VFPCK,Kollam,Kerala,Brinjal,Brinjal,FAQ,2025-08-03,4200.0,4200.0,4500.0,4700.0,6000.0,4200.0,-0.0666666666666666,-0.1063829787234043,-0.3,0.0,4300.0,4566.666666666667,173.20508075688772,291.5475947422636,-0.0232558139534884,-0.0802919708029197,8,6,0
Bariwala,Muktsar,Punjab,Banana,Banana - Ripe,Medium,2025-08-04,3200.0,3500.0,3000.0,2600.0,3000.0,2800.0,0.0666666666666666,0.2307692307692308,0.0666666666666666,0.1428571428571428,3175.0,2950.0,236.29078131263043,274.68990781342035,0.0078740157480314,0.0847457627118644,8,0,0
Vamanapuram,Thiruvananthapuram,Kerala,Cabbage,Cabbage,FAQ,2025-08-04,3000.0,3000.0,3000.0,3000.0,3000.0,3000.0,0.0,0.0,0.0,0.0,3000.0,3073.684210526316,0.0,232.95709014313303,0.0,-0.023972602739726,8,0,0
Rampur,Rampur,Uttar Pradesh,Cabbage,Cabbage,FAQ,2025-08-04,1350.0,1360.0,1340.0,1350.0,1360.0,1300.0,0.007462686567164,0.0,-0.0073529411764705,0.0384615384615385,1348.0,1343.2692307692307,8.366600265342369,23.278415224930644,0.0014836795252226,0.0050107372942018,8,0,0
Rampur,Rampur,Uttar Pradesh,Brinjal,Round,FAQ,2025-08-04,1500.0,1540.0,1500.0,1650.0,1800.0,1360.0,0.0,-0.0909090909090909,-0.1666666666666666,0.1029411764705883,1538.0,1680.7692307692307,41.47288270665536,109.57821232062722,-0.0247074122236671,-0.1075514874141876,8,0,0
Bhikhiwind,Tarntaran,Punjab,Green Chilli,Other,FAQ,2025-08-04,2400.0,2500.0,2500.0,2500.0,1400.0,2500.0,-0.04,-0.04,0.7142857142857142,-0.04,2600.0,2261.1111111111118,234.5207879911715,551.0833062772963,-0.0769230769230768,0.0614250614250613,8,0,0
Tarantaran,Tarntaran,Punjab,Cabbage,Cabbage,FAQ,2025-08-04,1300.0,1700.0,1800.0,1500.0,700.0,800.0,-0.2777777777777778,-0.1333333333333333,0.8571428571428572,0.625,1566.6666666666667,1590.0,230.9401076758504,144.91376746188712,-0.1702127659574468,-0.1823899371069182,8,0,0
Gajol,Malda,West Bengal,Brinjal,Other,FAQ,2025-08-04,3500.0,3500.0,3600.0,3600.0,3100.0,3300.0,-0.0277777777777777,-0.0277777777777777,0.1290322580645162,0.0606060606060605,3440.0,3410.5263157894738,194.93588689617928,225.81884785548803,0.0174418604651163,0.0262345679012345,8,0,0
Rudauli,Ayodhya,Uttar Pradesh,Green Chilli,Green Chilly,FAQ,2025-08-04,3600.0,3500.0,3500.0,3100.0,2200.0,2050.0,0.0285714285714284,0.1612903225806452,0.6363636363636365,0.7560975609756098,3385.714285714286,2559.074074074074,177.28105208558412,564.8179370330788,0.0632911392405062,0.4067588103335988,8,0,0
Shajapur,Shajapur,Madhya Pradesh,Garlic,Desi,FAQ,2025-08-04,1950.0,2100.0,2389.0,4103.0,2839.0,3000.0,-0.1837588949351193,-0.5247379965878625,-0.3131384290243043,-0.35,2293.25,3127.0,345.73339921583295,998.3697544831116,-0.1496784040117736,-0.3763991045730732,8,0,1
Uluberia,Howrah,West Bengal,Green Chilli,Other,FAQ,2025-08-05,9000.0,9000.0,9000.0,9000.0,9500.0,6000.0,0.0,0.0,-0.0526315789473684,0.5,9000.0,9383.333333333334,0.0002488925533782,1562.951084312618,0.0,-0.0408525754884547,8,1,0
Visavadar,Junagarh,Gujarat,Garlic,Other,FAQ,2025-08-05,2115.0,2155.0,2520.0,3940.0,2900.0,2140.0,-0.1607142857142857,-0.4631979695431472,-0.2706896551724138,-0.0116822429906542,2438.333333333333,2894.0,525.7692776621066,659.5566692861178,-0.1326042378673958,-0.269177608845888,8,1,0
Pathankot,Pathankot,Punjab,Brinjal,Brinjal,FAQ,2025-08-05,1700.0,1600.0,2600.0,3600.0,2700.0,900.0,-0.3461538461538461,-0.5277777777777778,-0.3703703703703703,0.8888888888888888,1666.6666666666667,2831.25,57.735026918963065,683.8311195024697,0.02,-0.3995584988962473,8,1,0
Shajapur,Shajapur,Madhya Pradesh,Garlic,Average,FAQ,2025-08-05,1975.0,2645.0,2345.0,3425.0,4250.0,2900.0,-0.1577825159914712,-0.4233576642335767,-0.5352941176470588,-0.3189655172413793,2375.833333333333,3213.4,595.5791858910655,847.3482102852914,-0.1687127323746055,-0.3853861953071513,8,1,0
Uluberia,Howrah,West Bengal,Brinjal,Other,FAQ,2025-08-05,6000.0,5500.0,5500.0,8000.0,8500.0,8600.0,0.0909090909090908,-0.25,-0.2941176470588235,-0.3023255813953488,5928.571428571428,7880.0,731.9250547113976,1156.8089282814913,0.0120481927710842,-0.2385786802030457,8,1,0
Thodupuzha,Idukki,Kerala,Garlic,Other,FAQ,2025-08-05,10000.0,10000.0,10000.0,12000.0,6000.0,12000.0,0.0,-0.1666666666666666,0.6666666666666667,-0.1666666666666666,10000.0,11500.0,0.0,1847.0962903656025,0.0,-0.1304347826086956,8,1,0
Vishalpur,Pillibhit,Uttar Pradesh,Banana,Banana - Ripe,Medium,2025-08-05,2820.0,2815.0,2840.0,2820.0,2810.0,2830.0,-0.0070422535211267,0.0,0.00355871886121,-0.0035335689045936,2818.75,2825.555555555556,16.520189668040274,23.694681017005717,0.0004434589800443,-0.0019661816751868,8,1,0
Jasra,Prayagraj,Uttar Pradesh,Green Chilli,Green Chilly,FAQ,2025-08-05,4400.0,4440.0,4410.0,4280.0,2215.0,2500.0,-0.0022675736961451,0.0280373831775699,0.9864559819413092,0.76,4374.0,4092.727272727273,109.90905331227268,564.005157939027,0.0059442158207589,0.0750777432252332,8,1,0
Naanpara,Bahraich,Uttar Pradesh,Brinjal,Brinjal,FAQ,2025-08-05,830.0,680.0,830.0,830.0,640.0,550.0,0.0,0.0,0.296875,0.509090909090909,797.5,983.0769230769232,78.89866919029751,392.542664674483,0.0407523510971787,-0.1557120500782473,8,1,0
Chorichora,Gorakhpur,Uttar Pradesh,Green Chilli,Green Chilly,FAQ,2025-08-05,5500.0,2300.0,2600.0,2200.0,2200.0,1600.0,1.1153846153846154,1.5,1.5,2.4375,3433.333333333333,2745.0,1792.5772879665003,979.3563646032472,0.6019417475728155,1.0036429872495445,8,1,1
Chorichora,Gorakhpur,Uttar Pradesh,Garlic,Garlic,FAQ,2025-08-05,8300.0,8300.0,8300.0,8300.0,8200.0,8600.0,0.0,0.0,0.0121951219512195,-0.0348837209302325,8283.333333333334,8259.09090909091,28.86751345948116,49.08249086070003,0.0020120724346075,0.004953219592735,8,1,0
Varipaal,Kanpur,Uttar Pradesh,Green Chilli,Green Chilly,FAQ,2025-08-05,4000.0,4200.0,4200.0,4200.0,3000.0,2500.0,-0.0476190476190476,-0.0476190476190476,0.3333333333333332,0.6000000000000001,4100.0,3978.571428571429,100.00000000000006,349.01745918103035,-0.024390243902439,0.0053859964093356,8,1,0
Bikaner (F&V),Bikaner,Rajasthan,Banana,Other,Medium,2025-08-06,2800.0,3000.0,2800.0,2800.0,2500.0,3000.0,0.0,0.0,0.1200000000000001,-0.0666666666666666,2880.0,2747.058823529412,109.54451150103324,158.57824196127623,-0.0277777777777777,0.0192719486081369,8,2,0
Badnawar,Dhar,Madhya Pradesh,Garlic,Average,FAQ,2025-08-06,2100.0,2000.0,2051.0,1600.0,2000.0,3500.0,0.023890784982935,0.3125,0.05,-0.4,2066.5,2123.714285714286,52.08006656421774,223.1178420219144,0.0162109847568352,-0.0111664200188349,8,2,0
Bikaner (F&V),Bikaner,Rajasthan,Cabbage,Other,FAQ,2025-08-06,1400.0,1400.0,2000.0,1400.0,1500.0,1200.0,-0.3,0.0,-0.0666666666666666,0.1666666666666667,1520.0,1388.235294117647,268.3281572999747,193.2690900699481,-0.0789473684210526,0.0084745762711864,8,2,0
Mauranipur,Jhansi,Uttar Pradesh,Brinjal,Brinjal,FAQ,2025-08-06,2060.0,2050.0,1920.0,2315.0,2250.0,1380.0,0.0729166666666667,-0.1101511879049675,-0.0844444444444444,0.4927536231884057,1990.0,2161.1363636363635,75.27726527090799,152.15853119270432,0.0351758793969849,-0.046797770533179,8,2,0
Bikaner (F&V),Bikaner,Rajasthan,Brinjal,Other,FAQ,2025-08-06,1800.0,1600.0,1800.0,1800.0,1800.0,1600.0,0.0,0.0,0.0,0.125,1680.0,1723.529411764706,109.54451150103318,178.63864281247425,0.0714285714285714,0.0443686006825938,8,2,0
Vishalpur,Pillibhit,Uttar Pradesh,Brinjal,Round/Long,FAQ,2025-08-06,1720.0,1780.0,1685.0,1670.0,1600.0,1400.0,0.0207715133531156,0.0299401197604789,0.0749999999999999,0.2285714285714286,1700.8333333333333,1618.1818181818182,42.94376167347187,92.03448440853886,0.0112689857912788,0.0629213483146067,8,2,0
Mauranipur,Jhansi,Uttar Pradesh,Green Chilli,Green Chilly,FAQ,2025-08-06,4100.0,4100.0,4860.0,4985.0,5960.0,3000.0,-0.1563786008230452,-0.1775325977933801,-0.3120805369127517,0.3666666666666667,4477.5,4795.25,435.9185703775422,569.9849374741132,-0.0843104410943607,-0.1449872269433293,8,2,0
Vishalpur,Pillibhit,Uttar Pradesh,Green Chilli,Green Chilly,FAQ,2025-08-06,4320.0,4320.0,4200.0,4080.0,3800.0,2120.0,0.0285714285714284,0.0588235294117647,0.1368421052631578,1.0377358490566038,4272.5,3843.75,58.5234995533747,587.1628371826969,0.0111176126389702,0.1239024390243903,8,2,0
Bikaner (F&V),Bikaner,Rajasthan,Green Chilli,Other,FAQ,2025-08-06,2500.0,2500.0,2000.0,2500.0,3000.0,1500.0,0.25,0.0,-0.1666666666666666,0.6666666666666667,2240.0,2394.1176470588234,250.99800796022265,251.1737153726884,0.1160714285714286,0.0442260442260442,8,2,1
Phagwara,kapurthala,Punjab,Cabbage,Other,FAQ,2025-08-06,1700.0,1800.0,1600.0,1500.0,1010.0,850.0,0.0625,0.1333333333333333,0.6831683168316831,1.0,1625.0,1303.047619047619,170.78251276599593,316.05212800904553,0.0461538461538462,0.3046338254641134,8,2,1
Sikar,Sikar,Rajasthan,Garlic,Average,FAQ,2025-08-06,5000.0,5000.0,5000.0,6750.0,6000.0,5500.0,0.0,-0.2592592592592593,-0.1666666666666666,-0.0909090909090909,5000.0,5870.833333333333,0.0,810.8520583967505,0.0,-0.1483321504613201,8,2,0
Bikaner (F&V),Bikaner,Rajasthan,Garlic,Other,FAQ,2025-08-06,5000.0,5500.0,5000.0,5000.0,5500.0,5500.0,0.0,0.0,-0.0909090909090909,-0.0909090909090909,5250.0,5000.0,288.67513459481285,790.569415042126,-0.0476190476190476,0.0,8,2,0
Jodhpur (Grain),Jodhpur,Rajasthan,Garlic,Average,FAQ,2025-08-06,6800.0,6500.0,6500.0,7000.0,7000.0,8000.0,0.0461538461538462,-0.0285714285714285,-0.0285714285714285,-0.15,6600.0,6816.666666666667,173.20508075688772,440.7294229370488,0.0303030303030302,-0.0024449877750611,8,2,0
Milak,Rampur,Uttar Pradesh,Banana,Banana - Ripe,Medium,2025-08-06,2860.0,2845.0,2820.0,2845.0,2860.0,2860.0,0.0141843971631205,0.0052724077328647,0.0,0.0,2831.6666666666665,2831.3636363636365,36.85557397916001,22.37084141141987,0.0100058858151854,0.0101139829828222,8,2,0
Mukerian(Talwara),Hoshiarpur,Punjab,Green Chilli,Green Chilly,FAQ,2025-08-06,3000.0,3500.0,3000.0,4000.0,3500.0,3000.0,0.0,-0.25,-0.1428571428571429,0.0,3125.0,3607.142857142857,250.00000000000009,400.8918628685926,-0.04,-0.1683168316831683,8,2,0
Mukerian(Talwara),Hoshiarpur,Punjab,Banana,Other,Medium,2025-08-06,3200.0,3100.0,2900.0,2900.0,3000.0,3000.0,0.1034482758620689,0.1034482758620689,0.0666666666666666,0.0666666666666666,3150.0,3033.333333333333,208.16659994661327,149.60264830861928,0.0158730158730158,0.0549450549450549,8,2,0
Kattakada,Thiruvananthapuram,Kerala,Green Chilli,Other,FAQ,2025-08-06,8800.0,6700.0,7800.0,8200.0,6700.0,5700.0,0.1282051282051282,0.0731707317073171,0.3134328358208955,0.5438596491228069,7900.0,7847.368421052632,793.725393319377,698.7038961555342,0.1139240506329113,0.1213950368879945,8,2,0
Pathankot,Pathankot,Punjab,Banana,Medium,Medium,2025-08-06,3600.0,3500.0,3700.0,3700.0,3600.0,3500.0,-0.0270270270270269,-0.0270270270270269,0.0,0.0285714285714284,3533.333333333333,3588.235294117647,57.73502691896251,99.26198253344442,0.0188679245283018,0.0032786885245901,8,2,0
Mandsaur,Mandsaur,Madhya Pradesh,Garlic,Garlic-Organic,FAQ,2025-08-06,2300.0,3912.0,3509.0,9000.0,2811.0,3852.0,-0.3445426047306925,-0.7444444444444445,-0.1817858413376022,-0.4029075804776739,3930.25,4012.285714285714,1540.493941349116,1739.7345698773631,-0.4147954964696903,-0.4267606636758527,8,2,0
Awagarh,Etah,Uttar Pradesh,Cabbage,Cabbage,FAQ,2025-08-06,1250.0,1400.0,1400.0,1100.0,1100.0,650.0,-0.1071428571428571,0.1363636363636364,0.1363636363636364,0.9230769230769232,1350.0,1169.4444444444443,70.71067811865476,120.21902669330424,-0.074074074074074,0.0688836104513064,8,2,0
Egra/contai,Medinipur(E),West Bengal,Green Chilli,Green Chilly,FAQ,2025-08-06,8500.0,8500.0,10500.0,12000.0,7200.0,5100.0,-0.1904761904761904,-0.2916666666666666,0.1805555555555555,0.6666666666666667,8500.0,9094.444444444443,0.0,2225.38092501887,0.0,-0.0653634697617594,8,2,1
Egra/contai,Medinipur(E),West Bengal,Brinjal,Brinjal,FAQ,2025-08-06,4250.0,4200.0,4600.0,4600.0,4200.0,3400.0,-0.0760869565217391,-0.0760869565217391,0.0119047619047618,0.25,4200.0,4641.666666666667,50.0,413.46811527968737,0.0119047619047618,-0.0843806104129264,8,2,0
Rajgarh,Dhar,Madhya Pradesh,Garlic,Garlic,FAQ,2025-08-06,6200.0,2000.0,5000.0,6100.0,6001.0,8050.0,0.24,0.0163934426229508,0.0331611398100317,-0.2298136645962732,3740.0,3939.684210526316,1785.4971296532512,1535.776750725589,0.6577540106951871,0.5737301947791702,8,2,0
Tundla,Firozabad,Uttar Pradesh,Banana,Banana - Ripe,Medium,2025-08-06,2550.0,2625.0,2650.0,2520.0,2350.0,2400.0,-0.0377358490566037,0.0119047619047618,0.0851063829787233,0.0625,2612.5,2532.9166666666665,43.30127018922218,108.4070262175543,-0.0239234449760765,0.0067445303503865,8,2,0
Kalimpong,Kalimpong,West Bengal,Cabbage,Cabbage,FAQ,2025-08-06,3100.0,3100.0,3100.0,3100.0,3100.0,3100.0,0.0,0.0,0.0,0.0,3100.0,3025.0,0.0,183.17377426626155,0.0,0.0247933884297519,8,2,0
Chamkaur Sahib,Ropar (Rupnagar),Punjab,Garlic,Average,FAQ,2025-08-07,5950.0,5950.0,5900.0,5950.0,5900.0,6900.0,0.0084745762711864,0.0,0.0084745762711864,-0.1376811594202898,5916.666666666667,5978.846153846154,40.82482904638485,302.7120998318615,0.0056338028169014,-0.0048247024766806,8,3,0
Dhamnod(F&V),Dhar,Madhya Pradesh,Green Chilli,Green Chilly,FAQ,2025-08-07,2500.0,2500.0,2500.0,5000.0,2500.0,1850.0,0.0,-0.5,0.0,0.3513513513513513,2600.0,2687.5,223.6067977499789,777.0671356667566,-0.0384615384615384,-0.0697674418604651,8,3,0
Chamkaur Sahib,Ropar (Rupnagar),Punjab,Brinjal,Other,FAQ,2025-08-07,1550.0,1550.0,1450.0,1300.0,2100.0,2900.0,0.0689655172413792,0.1923076923076923,-0.2619047619047618,-0.4655172413793104,1470.0,2142.0,103.68220676663871,613.1680030790909,0.054421768707483,-0.2763772175536881,8,3,0
Chamkaur Sahib,Ropar (Rupnagar),Punjab,Banana,Other,Medium,2025-08-07,3450.0,3450.0,3400.0,3150.0,2900.0,2900.0,0.0147058823529411,0.0952380952380953,0.1896551724137931,0.1896551724137931,3266.6666666666665,3086.0,265.8320271650252,226.16365755797275,0.0561224489795919,0.1179520414776409,8,3,0
Chamkaur Sahib,Ropar (Rupnagar),Punjab,Green Chilli,Other,FAQ,2025-08-07,3450.0,3350.0,3400.0,3050.0,3700.0,3000.0,0.0147058823529411,0.1311475409836064,-0.0675675675675675,0.1499999999999999,3283.333333333333,3671.153846153846,218.32697191750816,551.3933399893583,0.0507614213197968,-0.0602409638554216,8,3,0
Garh Shankar,Hoshiarpur,Punjab,Brinjal,Brinjal,FAQ,2025-08-07,1400.0,1400.0,1500.0,1300.0,3000.0,800.0,-0.0666666666666666,0.0769230769230768,-0.5333333333333333,0.75,1533.3333333333333,1764.2857142857142,230.9401076758504,381.5094370385228,-0.0869565217391303,-0.2064777327935222,8,3,0
Malout,Muktsar,Punjab,Cabbage,Cabbage,FAQ,2025-08-07,1900.0,2300.0,2200.0,1900.0,2900.0,1300.0,-0.1363636363636363,0.0,-0.3448275862068966,0.4615384615384614,2175.0,2281.25,189.29694486000932,416.6833330000136,-0.1264367816091953,-0.1671232876712328,8,3,0
Bagpat,Baghpat,Uttar Pradesh,Green Chilli,Green Chilly,FAQ,2025-08-07,2600.0,2800.0,5000.0,5000.0,2800.0,1800.0,-0.48,-0.48,-0.0714285714285714,0.4444444444444444,3000.0,3828.571428571429,529.1502622129182,810.9145562773044,-0.1333333333333333,-0.3208955223880596,8,3,0
Chengannur,Alappuzha,Kerala,Garlic,Garlic,FAQ,2025-08-07,10000.0,10000.0,10000.0,10000.0,12000.0,13000.0,0.0,0.0,-0.1666666666666666,-0.2307692307692307,9900.0,10900.0,223.60679774997897,1363.0461242535332,0.0101010101010101,-0.0825688073394494,8,3,0
Naushera Pannuan,Tarntaran,Punjab,Brinjal,Other,FAQ,2025-08-07,1500.0,2500.0,2500.0,3000.0,3000.0,1200.0,-0.4,-0.5,-0.5,0.25,2400.0,2625.0,547.7225575051662,591.6079783099623,-0.375,-0.4285714285714286,8,3,0
Sanawad(F&V),Khandwa,Madhya Pradesh,Cabbage,Cabbage,FAQ,2025-08-07,900.0,900.0,1200.0,900.0,1800.0,900.0,-0.25,0.0,-0.5,0.0,1266.6666666666667,1207.4074074074074,760.7014306984485,486.68891179694737,-0.2894736842105263,-0.254601226993865,8,3,0
Khadur Sahib(Fetehabad),Tarntaran,Punjab,Brinjal,Other,FAQ,2025-08-07,1200.0,1200.0,2000.0,3000.0,1100.0,1500.0,-0.4,-0.6,0.0909090909090908,-0.1999999999999999,1200.0,2341.6666666666665,0.0,784.4608262232015,0.0,-0.4875444839857651,8,3,0
Dhamnod(F&V),Dhar,Madhya Pradesh,Cabbage,Cabbage,FAQ,2025-08-07,2000.0,1100.0,1050.0,1100.0,1000.0,1000.0,0.9047619047619048,0.8181818181818181,1.0,1.0,1240.0,1182.3529411764705,429.2435206266951,230.44873105977277,0.6129032258064515,0.691542288557214,8,3,1
Thirurrangadi,Malappuram,Kerala,Cabbage,Other,FAQ,2025-08-07,2400.0,2400.0,2300.0,2500.0,2800.0,2500.0,0.0434782608695651,-0.04,-0.1428571428571429,-0.04,2300.0,2312.5,100.00000000000018,192.7865832122878,0.0434782608695651,0.0378378378378378,8,3,0
Shamgarh,Mandsaur,Madhya Pradesh,Garlic,Garlic,FAQ,2025-08-07,3700.0,3101.0,2760.0,2400.0,5201.0,4900.0,0.3405797101449275,0.5416666666666667,-0.2885983464718323,-0.2448979591836735,3370.2,3141.375,679.0914518678615,668.0895871284918,0.0978576939054063,0.1778281803350443,8,3,1
Thirurrangadi,Malappuram,Kerala,Green Chilli,Other,FAQ,2025-08-07,6500.0,6500.0,6900.0,8000.0,5500.0,4000.0,-0.0579710144927536,-0.1875,0.1818181818181818,0.625,6900.0,6700.0,406.2019202317979,1081.0048235652937,-0.0579710144927536,-0.0298507462686566,8,3,0
Hoshiarpur,Hoshiarpur,Punjab,Green Chilli,Other,FAQ,2025-08-07,1300.0,1400.0,1300.0,1400.0,1500.0,1300.0,0.0,-0.0714285714285714,-0.1333333333333333,0.0,1460.0,1688.888888888889,181.6590212458495,579.7509043642011,-0.1095890410958904,-0.2302631578947368,8,3,0
Dhamnod(F&V),Dhar,Madhya Pradesh,Brinjal,Brinjal,FAQ,2025-08-07,1000.0,900.0,800.0,1300.0,1300.0,1000.0,0.25,-0.2307692307692307,-0.2307692307692307,0.0,880.0,1123.529411764706,83.66600265340756,178.63864281247348,0.1363636363636364,-0.1099476439790575,8,3,0
Thirurrangadi,Malappuram,Kerala,Brinjal,Other,FAQ,2025-08-07,3500.0,3500.0,3600.0,3000.0,3000.0,3000.0,-0.0277777777777777,0.1666666666666667,0.1666666666666667,0.1666666666666667,3480.0,3323.529411764706,109.54451150103324,435.21461913162574,0.0057471264367816,0.0530973451327434,8,3,0
Allahabad,Prayagraj,Uttar Pradesh,Garlic,Garlic,FAQ,2025-08-07,6510.0,6515.0,6535.0,6635.0,6535.0,6520.0,-0.0038255547054323,-0.0188394875659382,-0.0038255547054323,-0.0015337423312883,6493.75,6557.380952380952,53.59959576962041,67.55773544918073,0.0025024061597689,-0.0072255909371482,8,3,0
Sri Har Gobindpur,Gurdaspur,Punjab,Green Chilli,Other,FAQ,2025-08-08,1900.0,1900.0,1900.0,2000.0,2000.0,1800.0,0.0,-0.05,-0.05,0.0555555555555555,1900.0,1944.4444444444443,0.0,52.70462766947305,0.0,-0.0228571428571427,8,4,0
Bariwala,Muktsar,Punjab,Green Chilli,Other,FAQ,2025-08-08,2500.0,3000.0,3000.0,2000.0,2500.0,1500.0,-0.1666666666666666,0.25,0.0,0.6666666666666667,2833.333333333333,2636.3636363636365,288.67513459481296,674.1998624632415,-0.1176470588235294,-0.0517241379310344,8,4,0
Porbandar,Porbandar,Gujarat,Garlic,Average,FAQ,2025-08-08,6000.0,6000.0,5000.0,5000.0,7500.0,10000.0,0.1999999999999999,0.1999999999999999,-0.1999999999999999,-0.4,5750.0,6157.894736842105,500.0,1054.7858073631774,0.0434782608695651,-0.0256410256410255,8,4,0
Sunam,Sangrur,Punjab,Banana,Other,Large,2025-08-08,1400.0,1400.0,1400.0,1400.0,1400.0,1400.0,0.0,0.0,0.0,0.0,1400.0,1400.0,0.0,0.0,0.0,0.0,8,4,0
Lashkar(F&V),Gwalior,Madhya Pradesh,Banana,Other,Medium,2025-08-08,1150.0,1200.0,1200.0,1200.0,1100.0,1050.0,-0.0416666666666666,-0.0416666666666666,0.0454545454545454,0.0952380952380953,1187.5,1128.571428571429,25.0,64.19407387663775,-0.031578947368421,0.0189873417721517,8,4,0
GarhShankar (Kotfatuhi),Hoshiarpur,Punjab,Banana,Other,Medium,2025-08-08,3500.0,3200.0,3200.0,3200.0,3300.0,2800.0,0.09375,0.09375,0.0606060606060605,0.25,3166.6666666666665,3230.0,351.18845842842467,194.65068427543392,0.1052631578947369,0.0835913312693499,8,4,0
Jagnair,Agra,Uttar Pradesh,Green Chilli,Green Chilly,FAQ,2025-08-08,3225.0,3250.0,1500.0,1650.0,1600.0,1250.0,1.15,0.9545454545454546,1.015625,1.58,2162.5,1889.5833333333333,835.426537763794,634.7385228771309,0.4913294797687861,0.7067254685777289,8,4,1
Munnar,Idukki,Kerala,Brinjal,Other,FAQ,2025-08-08,6000.0,6000.0,4500.0,4000.0,4500.0,4500.0,0.3333333333333332,0.5,0.3333333333333332,0.3333333333333332,5500.0,4760.0,866.0254037844386,673.6302975503536,0.0909090909090908,0.2605042016806722,8,4,1
Munnar,Idukki,Kerala,Cabbage,Other,FAQ,2025-08-08,5000.0,4500.0,4500.0,3500.0,4600.0,3000.0,0.1111111111111111,0.4285714285714286,0.0869565217391303,0.6666666666666667,4500.0,3888.8888888888887,500.0,697.2166887783959,0.1111111111111111,0.2857142857142858,8,4,1
Shahjahanpur,Shahjahanpur,Uttar Pradesh,Green Chilli,Green Chilly,FAQ,2025-08-08,4410.0,4500.0,4250.0,4110.0,3920.0,2150.0,0.0376470588235293,0.0729927007299269,0.125,1.0511627906976746,4336.0,3880.5,113.2695899171532,631.460087499811,0.0170664206642066,0.136451488210282,8,4,0
Shahganj,Jaunpur,Uttar Pradesh,Green Chilli,Green Chilly,FAQ,2025-08-08,5000.0,4450.0,5000.0,4550.0,4050.0,2160.0,0.0,0.098901098901099,0.2345679012345678,1.3148148148148149,4796.666666666667,4354.0,272.5191124795959,658.7839674654111,0.0423905489923557,0.1483693155718879,8,4,0
Shahganj,Jaunpur,Uttar Pradesh,Brinjal,Brinjal,FAQ,2025-08-08,1780.0,1750.0,1725.0,1730.0,1950.0,1540.0,0.0318840579710144,0.0289017341040462,-0.0871794871794872,0.1558441558441559,1743.3333333333333,1823.1818181818185,40.41451884327335,104.0437803287969,0.0210325047801147,-0.0236848666168038,8,4,0
Jhansi,Jhansi,Uttar Pradesh,Green Chilli,Green Chilly,FAQ,2025-08-08,3650.0,3420.0,5020.0,3250.0,2460.0,2450.0,-0.2729083665338645,0.123076923076923,0.4837398373983739,0.489795918367347,3443.333333333333,4440.0,196.0442127004348,1037.1917212678989,0.0600193610842205,-0.1779279279279279,8,4,0
Milak,Rampur,Uttar Pradesh,Green Chilli,Green Chilly,FAQ,2025-08-08,4810.0,4880.0,4975.0,4545.0,2940.0,2000.0,-0.0331658291457286,0.0583058305830583,0.6360544217687074,1.4049999999999998,4883.75,4373.333333333333,68.23672031976095,740.0860632064247,-0.0151011005886869,0.0998475609756097,8,4,0
Zira,Ferozpur,Punjab,Brinjal,Brinjal,FAQ,2025-08-09,1200.0,800.0,900.0,3300.0,1300.0,1600.0,0.3333333333333332,-0.6363636363636364,-0.0769230769230768,-0.25,1075.0,2715.3846153846152,275.3785273643053,1230.7491985549243,0.1162790697674418,-0.5580736543909348,8,5,0
Baghapurana,Moga,Punjab,Green Chilli,Green Chilly,FAQ,2025-08-09,3200.0,3500.0,3500.0,3400.0,2500.0,2000.0,-0.0857142857142857,-0.0588235294117647,0.28,0.6000000000000001,3350.0,3235.294117647059,173.2050807568875,421.2202162625047,-0.044776119402985,-0.0109090909090909,8,5,0
Nedumkandam,Idukki,Kerala,Cabbage,Other,FAQ,2025-08-09,3000.0,3000.0,3000.0,3000.0,2500.0,2500.0,0.0,0.0,0.1999999999999999,0.1999999999999999,3000.0,3000.0,0.0,0.0,0.0,0.0,8,5,0
Bhilwara,Bhilwara,Rajasthan,Garlic,Other,FAQ,2025-08-09,5500.0,5500.0,5500.0,5500.0,7000.0,8000.0,0.0,0.0,-0.2142857142857143,-0.3125,5500.0,6214.285714285715,0.0,815.037247177029,0.0,-0.1149425287356322,8,5,0
Dibiapur,Auraiya,Uttar Pradesh,Green Chilli,Green Chilly,FAQ,2025-08-09,2800.0,2800.0,2500.0,2900.0,2000.0,1700.0,0.1200000000000001,-0.0344827586206896,0.3999999999999999,0.6470588235294117,2740.0,2778.5714285714284,134.16407864998737,288.7068553942687,0.0218978102189781,0.0077120822622107,8,5,0
Malout,Muktsar,Punjab,Garlic,Garlic,FAQ,2025-08-09,7000.0,8000.0,8000.0,4400.0,6000.0,3400.0,-0.125,0.5909090909090908,0.1666666666666667,1.0588235294117645,7850.0,7900.0,597.2157622389637,810.3497187428854,-0.10828025477707,-0.1139240506329114,8,5,0
Malout,Muktsar,Punjab,Banana,Banana - Ripe,Medium,2025-08-09,2500.0,2600.0,2600.0,1500.0,1900.0,2000.0,-0.0384615384615384,0.6666666666666667,0.3157894736842106,0.25,2500.0,2109.090909090909,141.42135623730945,467.8772177709569,0.0,0.1853448275862068,8,5,0
Lashkar(F&V),Gwalior,Madhya Pradesh,Brinjal,Brinjal,FAQ,2025-08-09,1100.0,1000.0,1000.0,1000.0,1200.0,800.0,0.1,0.1,-0.0833333333333333,0.375,1020.0,1076.923076923077,44.7213595499958,217.82138059922815,0.0784313725490195,0.0214285714285713,8,5,0
Lashkar(F&V),Gwalior,Madhya Pradesh,Cabbage,Cabbage,FAQ,2025-08-09,1900.0,1700.0,1800.0,1500.0,1800.0,600.0,0.0555555555555555,0.2666666666666666,0.0555555555555555,2.1666666666666665,1800.0,1629.1666666666667,57.73502691896264,463.8957591553501,0.0555555555555555,0.166240409207161,8,5,1
Udaipur (F&V),Udaipur,Rajasthan,Cabbage,Other,FAQ,2025-08-09,1750.0,1750.0,2000.0,2000.0,2500.0,1500.0,-0.125,-0.125,-0.3,0.1666666666666667,1857.142857142857,1886.842105263158,133.63062095621217,224.1292442512885,-0.0576923076923077,-0.0725244072524406,8,5,0
Udaipur (F&V),Udaipur,Rajasthan,Brinjal,Other,FAQ,2025-08-09,1750.0,1750.0,1750.0,1750.0,2250.0,2100.0,0.0,0.0,-0.2222222222222222,-0.1666666666666666,1785.7142857142858,2250.0,94.49111825230666,634.6477588219924,-0.02,-0.2222222222222222,8,5,0
Noor Mehal,Jalandhar,Punjab,Brinjal,Other,FAQ,2025-08-09,2000.0,2000.0,2500.0,1500.0,1500.0,1400.0,-0.1999999999999999,0.3333333333333332,0.3333333333333332,0.4285714285714286,2066.6666666666665,2185.714285714286,115.47005383792512,267.2612419124245,-0.032258064516129,-0.0849673202614379,8,5,0
Jalalabad,Shahjahanpur,Uttar Pradesh,Banana,Amruthapani,Medium,2025-08-09,950.0,750.0,950.0,750.0,950.0,950.0,0.0,0.2666666666666666,0.0,0.0,870.0,845.6521739130435,109.54451150103324,102.15078369105017,0.0919540229885058,0.1233933161953726,8,5,0
Milak,Rampur,Uttar Pradesh,Brinjal,Brinjal,FAQ,2025-08-09,1535.0,1520.0,1550.0,1625.0,1775.0,1295.0,-0.0096774193548386,-0.0553846153846153,-0.1352112676056338,0.1853281853281854,1547.0,1670.8823529411766,22.24859546129476,118.2190140972128,-0.0077569489334194,-0.0813237106143285,8,5,0
Sirhind,Fatehgarh,Punjab,Cabbage,Other,FAQ,2025-08-09,1500.0,900.0,800.0,1300.0,1100.0,300.0,0.875,0.1538461538461537,0.3636363636363635,4.0,1133.3333333333333,1116.6666666666667,321.45502536643187,197.7818168053462,0.323529411764706,0.3432835820895521,8,5,1
Sirhind,Fatehgarh,Punjab,Brinjal,Other,FAQ,2025-08-09,1200.0,1500.0,1800.0,1800.0,3500.0,1500.0,-0.3333333333333333,-0.3333333333333333,-0.6571428571428571,-0.1999999999999999,1400.0,2262.5,173.20508075688772,686.9012544269614,-0.1428571428571429,-0.4696132596685083,8,5,0
Irinjalakkuda,Thirssur,Kerala,Green Chilli,Other,FAQ,2025-08-09,5000.0,4800.0,4500.0,4500.0,5000.0,4500.0,0.1111111111111111,0.1111111111111111,0.0,0.1111111111111111,5060.0,5006.25,563.9148871948673,740.6922437828031,-0.0118577075098814,-0.0012484394506866,8,5,0
Irinjalakkuda,Thirssur,Kerala,Cabbage,Other,FAQ,2025-08-09,3500.0,4000.0,3000.0,2500.0,3000.0,2800.0,0.1666666666666667,0.3999999999999999,0.1666666666666667,0.25,3460.0,2883.333333333333,456.0701700396552,527.2012675161059,0.0115606936416186,0.2138728323699421,8,5,1
Irinjalakkuda,Thirssur,Kerala,Brinjal,Other,FAQ,2025-08-09,4000.0,4800.0,4000.0,3000.0,3000.0,4000.0,0.0,0.3333333333333332,0.3333333333333332,0.0,4160.0,3400.0,357.7708763999664,588.7840577551874,-0.0384615384615384,0.1764705882352941,8,5,1
Samana,Patiala,Punjab,Brinjal,Other,FAQ,2025-08-09,4500.0,3500.0,3000.0,3500.0,4500.0,2300.0,0.5,0.2857142857142858,0.0,0.9565217391304348,4166.666666666667,3894.7368421052633,577.3502691896259,488.164002736019,0.0799999999999998,0.1554054054054052,8,5,0
Udaipur (F&V),Udaipur,Rajasthan,Green Chilli,Other,FAQ,2025-08-09,3000.0,2750.0,3250.0,2600.0,3750.0,2000.0,-0.0769230769230768,0.1538461538461537,-0.1999999999999999,0.5,3214.285714285714,3444.736842105264,303.7464481469779,671.8330515260491,-0.0666666666666666,-0.1291061879297174,8,5,0
Gopiganj,Bhadohi(Sant Ravi Nagar),Uttar Pradesh,Banana,Amruthapani,Medium,2025-08-09,1820.0,1830.0,1820.0,1860.0,1850.0,1820.0,0.0,-0.021505376344086,-0.0162162162162161,0.0,1826.0,1931.4285714285716,5.477225575047028,297.4102505678826,-0.0032858707557502,-0.0576923076923076,8,5,0
Gopiganj,Bhadohi(Sant Ravi Nagar),Uttar Pradesh,Garlic,Desi,FAQ,2025-08-09,6400.0,6420.0,6450.0,6460.0,6500.0,6350.0,-0.0077519379844961,-0.0092879256965944,-0.0153846153846153,0.0078740157480314,6426.0,6473.095238095239,19.49358868961856,53.95544899218041,-0.0040460628695923,-0.0112921616949277,8,5,0
Kurali,Mohali,Punjab,Garlic,Other,FAQ,2025-08-09,6600.0,6250.0,6450.0,6500.0,7500.0,7350.0,0.0232558139534884,0.0153846153846153,-0.12,-0.1020408163265306,6600.0,7061.764705882353,262.2022120425379,677.4329791030791,0.0,-0.0653894210745522,8,5,0
Gopiganj,Bhadohi(Sant Ravi Nagar),Uttar Pradesh,Brinjal,Brinjal,FAQ,2025-08-09,1710.0,1730.0,1710.0,1740.0,1900.0,1530.0,0.0,-0.0172413793103448,-0.0999999999999999,0.1176470588235294,1720.0,1776.6666666666667,10.000000000003633,67.10687992548588,-0.0058139534883721,-0.0375234521575985,8,5,0
Patran,Patiala,Punjab,Garlic,Average,FAQ,2025-08-09,4350.0,4780.0,3230.0,5200.0,4380.0,5540.0,0.3467492260061919,-0.1634615384615384,-0.0068493150684931,-0.2148014440433213,4636.666666666667,4800.0,248.2606157515392,903.6799765403626,-0.0618260244428469,-0.09375,8,5,0
Alwar (F&V),Alwar,Rajasthan,Garlic,Other,FAQ,2025-08-10,8000.0,8000.0,8000.0,7500.0,7500.0,6500.0,0.0,0.0666666666666666,0.0666666666666666,0.2307692307692308,8000.0,8121.428571428572,0.0,409.837813003,0.0,-0.0149516270888302,8,6,0
Siyana,Bulandshahar,Uttar Pradesh,Garlic,Average,FAQ,2025-08-10,17500.0,17500.0,17500.0,16800.0,16800.0,15700.0,0.0,0.0416666666666667,0.0416666666666667,0.1146496815286624,17500.0,16963.157894736843,0.0,341.9072751423657,0.0,0.0316475333540178,8,6,0
Sunam,Sangrur,Punjab,Green Chilli,Other,FAQ,2025-08-10,1400.0,1600.0,1600.0,1400.0,1100.0,1200.0,-0.125,0.0,0.2727272727272727,0.1666666666666667,1480.0,1442.1052631578948,109.54451150103324,186.53504131241456,-0.054054054054054,-0.0291970802919708,8,6,0
Mansa,Mansa,Punjab,Cabbage,Cabbage,FAQ,2025-08-10,2500.0,2500.0,2500.0,2500.0,1800.0,600.0,0.0,0.0,0.3888888888888888,3.166666666666667,2500.0,2105.555555555556,0.0,373.3350840295082,0.0,0.1873350923482848,8,6,0
Kiratpur,Bijnor,Uttar Pradesh,Green Chilli,Green Chilly,FAQ,2025-08-10,2250.0,2550.0,1850.0,2450.0,1950.0,1850.0,0.2162162162162162,-0.0816326530612244,0.1538461538461537,0.2162162162162162,2300.0,2120.0,331.66247903554006,268.4612235899821,-0.0217391304347825,0.0613207547169811,8,6,0
Muskara,Hamirpur,Uttar Pradesh,Banana,Banana - Ripe,Medium,2025-08-10,2350.0,2300.0,2300.0,2550.0,2500.0,2400.0,0.0217391304347827,-0.0784313725490196,-0.06,-0.0208333333333333,2324.0,2430.0,25.099800796022283,93.80831519646902,0.0111876075731498,-0.0329218106995884,8,6,0
Muskara,Hamirpur,Uttar Pradesh,Green Chilli,Green Chilly,FAQ,2025-08-10,4300.0,4400.0,4200.0,4500.0,4250.0,2550.0,0.0238095238095237,-0.0444444444444444,0.0117647058823529,0.6862745098039216,4260.0,4288.888888888889,114.0175425099138,262.65362762500314,0.0093896713615022,0.0025906735751295,8,6,0
Muskara,Hamirpur,Uttar Pradesh,Brinjal,Round,FAQ,2025-08-10,1720.0,1700.0,1650.0,2000.0,1950.0,1350.0,0.0424242424242424,-0.14,-0.1179487179487179,0.2740740740740741,1694.0,1842.7777777777776,43.931765272977614,137.40475013433107,0.0153482880755608,-0.0666264697015375,8,6,0
Khekda,Baghpat,Uttar Pradesh,Green Chilli,Green Chilly,FAQ,2025-08-10,2500.0,3000.0,3000.0,4400.0,3000.0,1000.0,-0.1666666666666666,-0.4318181818181817,-0.1666666666666666,1.5,2775.0,3635.714285714286,262.9955639676581,687.9256923838221,-0.099099099099099,-0.31237721021611,8,6,0
Ghiraur,Mainpuri,Uttar Pradesh,Garlic,Garlic,FAQ,2025-08-10,4900.0,5000.0,4900.0,5700.0,5800.0,5800.0,0.0,-0.1403508771929824,-0.1551724137931034,-0.1551724137931034,4933.333333333333,5368.181818181818,57.73502691896271,436.0462861165659,-0.0067567567567566,-0.0872142252328534,8,6,0
Phillaur(Apra Mandi),Jalandhar,Punjab,Green Chilli,Other,FAQ,2025-08-10,3000.0,4000.0,4000.0,4000.0,2000.0,1500.0,-0.25,-0.25,0.5,1.0,3400.0,2684.2105263157896,894.4271909999159,945.9053029269148,-0.1176470588235294,0.1176470588235294,8,6,0
Bhinga,Shravasti,Uttar Pradesh,Garlic,Average,FAQ,2025-08-10,6300.0,6200.0,6250.0,6300.0,6500.0,6400.0,0.008,0.0,-0.0307692307692307,-0.015625,6266.666666666667,6388.0,40.824829049930784,108.28203913838216,0.0053191489361701,-0.0137758296806512,8,6,0
Phillaur(Apra Mandi),Jalandhar,Punjab,Brinjal,Other,FAQ,2025-08-10,3000.0,3000.0,3000.0,2500.0,3500.0,2500.0,0.0,0.1999999999999999,-0.1428571428571429,0.1999999999999999,3000.0,3142.8571428571427,0.0,280.30595529069166,0.0,-0.0454545454545454,8,6,1
Richha,Bareilly,Uttar Pradesh,Banana,Banana - Ripe,Medium,2025-08-10,545.0,585.0,575.0,575.0,585.0,565.0,-0.0521739130434782,-0.0521739130434782,-0.0683760683760683,-0.0353982300884956,570.0,581.1538461538462,21.79449471770337,22.560460078959554,-0.043859649122807,-0.0622104566512243,8,6,0
Dibiapur,Auraiya,Uttar Pradesh,Brinjal,Round/Long,FAQ,2025-08-10,1200.0,1400.0,1400.0,1300.0,1400.0,1400.0,-0.1428571428571429,-0.0769230769230768,-0.1428571428571429,-0.1428571428571429,1300.0,1310.5263157894738,89.4427190999915,114.96249070460192,-0.0769230769230768,-0.0843373493975904,8,6,0
Dibiapur,Auraiya,Uttar Pradesh,Cabbage,Cabbage,FAQ,2025-08-10,1500.0,1700.0,1600.0,1300.0,1500.0,1300.0,-0.0625,0.1538461538461537,0.0,0.1538461538461537,1550.0,1468.421052631579,83.66600265340738,166.84201302412575,-0.032258064516129,0.021505376344086,8,6,0
Banur,Mohali,Punjab,Banana,Other,Large,2025-08-10,2890.0,2890.0,2901.0,3300.0,3300.0,4000.0,-0.003791795932437,-0.1242424242424242,-0.1242424242424242,-0.2774999999999999,2940.285714285714,3004.3809523809523,114.63087758206694,220.3972495723364,-0.0171023224176464,-0.0380713878146199,8,6,0
Hoshangabad(F&V),Hoshangabad,Madhya Pradesh,Banana,Other,Medium,2025-08-11,1800.0,1770.0,1740.0,1710.0,1750.0,1710.0,0.0344827586206897,0.0526315789473683,0.0285714285714284,0.0526315789473683,1761.6666666666667,1745.8823529411766,37.638632635454,32.798403834909124,0.021759697256386,0.0309973045822102,8,0,0
Broadway market,Ernakulam,Kerala,Cabbage,Cabbage,FAQ,2025-08-11,4200.0,4000.0,4200.0,4800.0,5000.0,4200.0,0.0,-0.125,-0.16,0.0,4150.0,4500.0,99.99999999999991,325.13733362116244,0.0120481927710842,-0.0666666666666666,8,0,0
Jamnagar,Jamnagar,Gujarat,Garlic,Other,FAQ,2025-08-11,3650.0,4250.0,3650.0,4050.0,3725.0,3900.0,0.0,-0.0987654320987654,-0.0201342281879194,-0.0641025641025641,3710.0,3678.571428571429,357.7708763999663,256.33056225003673,-0.0161725067385444,-0.0077669902912621,8,0,0
Broadway market,Ernakulam,Kerala,Green Chilli,Green Chilly,FAQ,2025-08-11,8200.0,8200.0,8200.0,8200.0,8200.0,6500.0,0.0,0.0,0.0,0.2615384615384615,8200.0,8172.222222222223,0.0,775.9666120437034,0.0,0.0033990482664854,8,0,0
Jamanian,Ghazipur,Uttar Pradesh,Green Chilli,Green Chilly,FAQ,2025-08-11,1250.0,1250.0,1250.0,1250.0,1250.0,1250.0,0.0,0.0,0.0,0.0,1250.0,1250.0,0.0,0.0,0.0,0.0,8,0,0
Broadway market,Ernakulam,Kerala,Brinjal,Arkasheela Mattigulla,FAQ,2025-08-11,6000.0,6200.0,6200.0,5000.0,5400.0,5200.0,-0.032258064516129,0.1999999999999999,0.1111111111111111,0.1538461538461537,6060.0,5352.631578947368,219.08902300206617,582.4931292419071,-0.0099009900990099,0.1209439528023599,8,0,0
Jasra,Prayagraj,Uttar Pradesh,Garlic,Garlic,FAQ,2025-08-11,6580.0,6550.0,6450.0,6610.0,6520.0,6060.0,0.0201550387596898,-0.0045385779122542,0.00920245398773,0.0858085808580857,6524.0,6533.666666666667,64.26507605223854,47.52693471926028,0.0085836909871244,0.0070914749247485,8,0,0
Phagwara,kapurthala,Punjab,Brinjal,Other,FAQ,2025-08-11,1749.0,2219.0,1900.0,2093.0,3150.0,1200.0,-0.0794736842105263,-0.164357381748686,-0.4447619047619048,0.4575,1917.0,2310.222222222222,210.87595089688787,632.2377210731062,-0.0876369327073552,-0.242929973066564,8,0,1
Hoshangabad(F&V),Hoshangabad,Madhya Pradesh,Garlic,Garlic,FAQ,2025-08-11,7250.0,7250.0,7220.0,7200.0,7360.0,7340.0,0.0041551246537396,0.0069444444444444,-0.014945652173913,-0.0122615803814714,7228.333333333333,7289.5,21.36976056643339,83.38086363828354,0.0029974636845746,-0.0054187530008916,8,0,0
Balarampuram,Thiruvananthapuram,Kerala,Cabbage,Cabbage,FAQ,2025-08-11,4000.0,4000.0,4000.0,4000.0,4000.0,4000.0,0.0,0.0,0.0,0.0,4000.0,4000.0,0.0,0.0,0.0,0.0,8,0,0
Wazirganj,Badaun,Uttar Pradesh,Garlic,Garlic,FAQ,2025-08-11,6450.0,6450.0,6475.0,6500.0,6450.0,6450.0,-0.0038610038610038,-0.0076923076923076,0.0,0.0,6456.25,6459.210526315789,12.5,22.377019331274884,-0.0009680542110358,-0.0014259523324505,8,0,0
Balarampuram,Thiruvananthapuram,Kerala,Brinjal,Arkasheela Mattigulla,FAQ,2025-08-11,6000.0,6000.0,6000.0,5000.0,6000.0,6000.0,0.0,0.1999999999999999,0.0,0.0,6000.0,5947.368421052632,0.0,229.4157338705618,0.0,0.0088495575221239,8,0,0
Kalanaur,Gurdaspur,Punjab,Green Chilli,Green Chilly,FAQ,2025-08-11,4000.0,3500.0,4500.0,5000.0,4000.0,4000.0,-0.1111111111111111,-0.1999999999999999,0.0,0.0,4000.0,4210.714285714285,500.0000000000007,466.141995306528,0.0,-0.0500424088210347,8,0,0
Balarampuram,Thiruvananthapuram,Kerala,Green Chilli,Green Chilly,FAQ,2025-08-11,8000.0,8000.0,8000.0,8000.0,8000.0,8000.0,0.0,0.0,0.0,0.0,8000.0,8052.631578947368,0.0,229.41573387056937,0.0,-0.0065359477124182,8,0,0
Robertsganj,Sonbhadra,Uttar Pradesh,Brinjal,Brinjal,FAQ,2025-08-11,1760.0,1725.0,1725.0,1680.0,1980.0,1570.0,0.0202898550724637,0.0476190476190476,-0.1111111111111111,0.1210191082802547,1726.0,1759.1666666666667,20.43281674170255,108.5043243644968,0.0196987253765932,0.0004737091425863,8,0,0
Robertsganj,Sonbhadra,Uttar Pradesh,Garlic,Garlic,FAQ,2025-08-11,6530.0,6460.0,6485.0,6460.0,6475.0,6550.0,0.0069390902081727,0.0108359133126934,0.0084942084942085,-0.0030534351145038,6478.0,6468.75,32.51922508314326,44.28784306054231,0.0080271688792836,0.0094685990338163,8,0,0
Bhawanigarh,Sangrur,Punjab,Garlic,Other,FAQ,2025-08-11,8250.0,8000.0,9000.0,8500.0,9000.0,8500.0,-0.0833333333333333,-0.0294117647058823,-0.0833333333333333,-0.0294117647058823,8458.333333333334,8254.347826086956,430.600356092131,732.6652844045014,-0.0246305418719212,-0.0005267316302343,8,0,0
Wadakkanchery,Thirssur,Kerala,Brinjal,Brinjal,FAQ,2025-08-11,4000.0,3500.0,4000.0,4000.0,3500.0,3200.0,0.0,0.0,0.1428571428571428,0.25,3785.714285714286,3720.0,267.2612419124244,253.31140255950783,0.0566037735849056,0.075268817204301,8,0,0
Jalalabad,Shahjahanpur,Uttar Pradesh,Brinjal,Round/Long,FAQ,2025-08-11,350.0,750.0,750.0,750.0,750.0,550.0,-0.5333333333333333,-0.5333333333333333,-0.5333333333333333,-0.3636363636363636,650.0,720.4347826086956,200.0,87.41116325990981,-0.4615384615384615,-0.5141822570911285,8,0,0
Wadakkanchery,Thirssur,Kerala,Green Chilli,Green Chilly,FAQ,2025-08-11,8500.0,8500.0,8500.0,8000.0,7500.0,6500.0,0.0,0.0625,0.1333333333333333,0.3076923076923077,8416.666666666666,8190.476190476191,204.12414523193144,402.37390808144255,0.0099009900990099,0.0377906976744184,8,0,0
Balurghat,Dakshin Dinajpur,West Bengal,Brinjal,Round/Long,FAQ,2025-08-11,3900.0,3900.0,4000.0,3200.0,3600.0,2450.0,-0.025,0.21875,0.0833333333333332,0.5918367346938775,3950.0,3390.0,57.73502691896252,321.01811721294695,-0.0126582278481012,0.1504424778761062,8,0,0
Bhadara,Hanumangarh,Rajasthan,Garlic,Average,FAQ,2025-08-11,7000.0,7000.0,6500.0,8000.0,6000.0,8000.0,0.0769230769230768,-0.125,0.1666666666666667,-0.125,6714.285714285715,6734.375,393.3978962347213,679.8820363366985,0.0425531914893615,0.0394431554524361,8,0,0
Balurghat,Dakshin Dinajpur,West Bengal,Green Chilli,Other,FAQ,2025-08-11,6700.0,6700.0,6800.0,6000.0,5700.0,1450.0,-0.0147058823529411,0.1166666666666667,0.1754385964912281,3.6206896551724137,6725.0,6247.619047619048,49.99999999999992,926.6169907890952,-0.0037174721189591,0.0724085365853659,8,0,0
Bharuasumerpur,Hamirpur,Uttar Pradesh,Banana,Banana - Ripe,Medium,2025-08-11,2275.0,2250.0,2400.0,2400.0,2675.0,2615.0,-0.0520833333333333,-0.0520833333333333,-0.1495327102803738,-0.1300191204588909,2325.0,2471.1111111111118,73.5980072193986,109.10808935820708,-0.021505376344086,-0.079361510791367,8,0,0
Wadakkanchery,Thirssur,Kerala,Cabbage,Cabbage,FAQ,2025-08-11,3000.0,3500.0,3500.0,3500.0,3500.0,3500.0,-0.1428571428571429,-0.1428571428571429,-0.1428571428571429,-0.1428571428571429,3428.5714285714284,3511.764705882353,188.9822365046136,228.8076510444245,-0.125,-0.1457286432160804,8,0,0
Rajkot,Rajkot,Gujarat,Garlic,Garlic,FAQ,2025-08-11,2675.0,2750.0,3075.0,3260.0,3500.0,3930.0,-0.1300813008130081,-0.1794478527607361,-0.2357142857142857,-0.3193384223918575,2941.0,3598.958333333333,213.81651012023084,548.6722692622335,-0.0904454267256035,-0.2567293777134588,8,0,0
Jabalpur(F&V),Jabalpur,Madhya Pradesh,Garlic,Desi,FAQ,2025-08-11,4000.0,3300.0,3000.0,2800.0,3000.0,2800.0,0.3333333333333332,0.4285714285714286,0.3333333333333332,0.4285714285714286,3400.0,3211.1111111111118,334.6640106136301,280.5223885138517,0.1764705882352941,0.245674740484429,8,0,1
Pothencode,Thiruvananthapuram,Kerala,Green Chilli,Green Chilly,FAQ,2025-08-11,4000.0,4000.0,4000.0,4000.0,4500.0,4000.0,0.0,0.0,-0.1111111111111111,0.0,4000.0,4166.666666666667,0.0,240.77170617153763,0.0,-0.04,8,0,0
Pothencode,Thiruvananthapuram,Kerala,Brinjal,Brinjal,FAQ,2025-08-11,4500.0,4500.0,4500.0,4200.0,4500.0,4800.0,0.0,0.0714285714285714,0.0,-0.0625,4440.0,4525.0,134.16407864998743,196.15876444748957,0.0135135135135135,-0.005524861878453,8,0,0
Fatehpur Sikri,Agra,Uttar Pradesh,Banana,Banana - Ripe,Medium,2025-08-11,2560.0,2500.0,2740.0,2500.0,2580.0,2550.0,-0.0656934306569343,0.024,-0.0077519379844961,0.0039215686274509,2536.6666666666665,2560.0,32.14550253664323,65.63301233138968,0.0091984231274639,0.0,8,0,0
Awagarh,Etah,Uttar Pradesh,Green Chilli,Green Chilly,FAQ,2025-08-11,4200.0,3300.0,3200.0,1600.0,1600.0,1600.0,0.3125,1.625,1.625,1.625,3487.5,2400.0,476.75115801292674,919.7486069573566,0.2043010752688172,0.75,8,0,0
Pothencode,Thiruvananthapuram,Kerala,Cabbage,Cabbage,FAQ,2025-08-11,4000.0,4000.0,4000.0,4000.0,4500.0,4500.0,0.0,0.0,-0.1111111111111111,-0.1111111111111111,4000.0,4250.0,0.0,255.3769592276253,0.0,-0.0588235294117647,8,0,0
Awagarh,Etah,Uttar Pradesh,Brinjal,Round/Long,FAQ,2025-08-11,1000.0,1400.0,1200.0,1300.0,1250.0,1100.0,-0.1666666666666666,-0.2307692307692307,-0.1999999999999999,-0.0909090909090909,1212.5,1257.5,165.20189667999173,78.26237921249292,-0.1752577319587629,-0.2047713717693836,8,0,0
Sangrur,Sangrur,Punjab,Garlic,Garlic,FAQ,2025-08-11,4000.0,5000.0,5500.0,4500.0,4000.0,22000.0,-0.2727272727272727,-0.1111111111111111,0.0,-0.8181818181818181,4750.0,4790.909090909091,645.4972243679028,425.3340932832577,-0.1578947368421053,-0.1650853889943074,8,0,0
Banur,Mohali,Punjab,Green Chilli,Other,FAQ,2025-08-11,2890.0,2890.0,3200.0,2900.0,3300.0,1200.0,-0.096875,-0.0034482758620689,-0.1242424242424242,1.4083333333333332,2938.8571428571427,3019.1,115.277098869678,235.8306484256115,-0.0166245382072719,-0.0427610877413798,8,0,0
Jagnair,Agra,Uttar Pradesh,Cabbage,Cabbage,FAQ,2025-08-11,1450.0,1450.0,1450.0,1200.0,950.0,1050.0,0.0,0.2083333333333332,0.5263157894736843,0.3809523809523809,1460.0,1111.904761904762,22.360679775003103,454.12133893507774,-0.0068493150684931,0.3040685224839401,8,0,0
Bhopal(F&V),Bhopal,Madhya Pradesh,Cabbage,Other,FAQ,2025-08-11,1000.0,700.0,1200.0,900.0,1200.0,1000.0,-0.1666666666666666,0.1111111111111111,-0.1666666666666666,0.0,975.0,1077.2727272727273,206.155281280883,141.19158946291725,0.0256410256410255,-0.0717299578059071,8,0,0
Bhopal(F&V),Bhopal,Madhya Pradesh,Banana,Other,Medium,2025-08-11,1700.0,1500.0,1700.0,1700.0,1500.0,1500.0,0.0,0.0,0.1333333333333333,0.1333333333333333,1733.3333333333333,1686.3636363636365,251.6611478423584,203.06099141333416,-0.0192307692307691,0.0080862533692722,8,0,0
Robertsganj,Sonbhadra,Uttar Pradesh,Green Chilli,Green Chilly,FAQ,2025-08-11,5000.0,4970.0,4975.0,4825.0,4730.0,2150.0,0.0050251256281406,0.0362694300518133,0.0570824524312896,1.3255813953488371,4974.0,4579.375,22.192341021005756,433.0134863348047,0.0052271813429836,0.0918520540466767,8,0,0
Baghapurana,Moga,Punjab,Cabbage,Cabbage,FAQ,2025-08-11,800.0,700.0,800.0,900.0,800.0,600.0,0.0,-0.1111111111111111,0.0,0.3333333333333332,816.6666666666666,871.4285714285714,75.27726527090809,120.43875831929849,-0.020408163265306,-0.081967213114754,8,0,0
Baghapurana,Moga,Punjab,Brinjal,Brinjal,FAQ,2025-08-11,1700.0,1700.0,1700.0,1800.0,2200.0,1200.0,0.0,-0.0555555555555555,-0.2272727272727273,0.4166666666666667,1800.0,1969.2307692307693,173.20508075688772,283.97363546819906,-0.0555555555555555,-0.13671875,8,0,0
Bhogpur,Jalandhar,Punjab,Green Chilli,Other,FAQ,2025-08-11,1700.0,1800.0,1800.0,2000.0,2000.0,2200.0,-0.0555555555555555,-0.15,-0.15,-0.2272727272727273,1800.0,2044.4444444444443,109.54451150103267,291.4915440650689,-0.0555555555555555,-0.1684782608695652,8,0,0
Vithinasserri VFPCK,Palakad,Kerala,Brinjal,Brinjal,FAQ,2025-08-11,4900.0,4900.0,5900.0,4900.0,5900.0,5900.0,-0.1694915254237288,0.0,-0.1694915254237288,-0.1694915254237288,5233.333333333333,5273.684210526316,577.3502691896257,658.9908996700588,-0.0636942675159235,-0.0708582834331337,8,0,0
Jagnair,Agra,Uttar Pradesh,Brinjal,Brinjal,FAQ,2025-08-11,1625.0,1700.0,1650.0,1250.0,850.0,800.0,-0.0151515151515151,0.3,0.911764705882353,1.03125,1655.0,1191.6666666666667,27.38612787525817,328.5701345730207,-0.0181268882175226,0.3636363636363635,8,0,0
Nakodar,Jalandhar,Punjab,Brinjal,Other,FAQ,2025-08-11,900.0,900.0,850.0,1000.0,900.0,1000.0,0.0588235294117647,-0.0999999999999999,0.0,-0.0999999999999999,862.5,946.1538461538462,47.87135538781691,123.2570796843235,0.0434782608695651,-0.048780487804878,8,0,0
Batala,Gurdaspur,Punjab,Brinjal,Other,FAQ,2025-08-11,2800.0,2200.0,2000.0,2200.0,4500.0,1800.0,0.3999999999999999,0.2727272727272727,-0.3777777777777777,0.5555555555555556,2250.0,2942.8571428571427,378.5938897200179,719.7374368629041,0.2444444444444444,-0.0485436893203883,8,0,0
Kottarakkara,Kollam,Kerala,Brinjal,Other,FAQ,2025-08-11,4000.0,4000.0,4000.0,4700.0,4000.0,4500.0,0.0,-0.1489361702127659,0.0,-0.1111111111111111,4400.0,4835.294117647059,651.9202405202649,655.6877843823468,-0.0909090909090909,-0.1727493917274938,8,0,0
Kurali,Mohali,Punjab,Brinjal,Other,FAQ,2025-08-11,1400.0,1700.0,1700.0,2250.0,3550.0,1300.0,-0.1764705882352941,-0.3777777777777777,-0.6056338028169015,0.0769230769230768,1675.0,2336.25,206.1552812808833,824.9595949701614,-0.1641791044776119,-0.4007490636704119,8,0,0
Unnao,Unnao,Uttar Pradesh,Garlic,Desi,FAQ,2025-08-11,6250.0,6250.0,6250.0,6200.0,6200.0,6200.0,0.0,0.0080645161290322,0.0080645161290322,0.0080645161290322,6250.0,6200.0,0.000727784653065,39.52847074691447,0.0,0.0080645161290322,8,0,0
Kurali,Mohali,Punjab,Cabbage,Other,FAQ,2025-08-11,1700.0,1140.0,1420.0,1700.0,1050.0,650.0,0.1971830985915492,0.0,0.6190476190476191,1.6153846153846154,1352.0,1368.125,221.6303228351211,343.3408170705412,0.2573964497041421,0.2425765189584285,8,0,0
Vilthararoad,Ballia,Uttar Pradesh,Banana,Medium,Medium,2025-08-11,1850.0,1850.0,1850.0,1850.0,1800.0,1850.0,0.0,0.0,0.0277777777777776,0.0,1850.0,1826.923076923077,0.0,59.91446895152783,0.0,0.0126315789473683,8,0,0
Gopiganj,Bhadohi(Sant Ravi Nagar),Uttar Pradesh,Green Chilli,Green Chilly,FAQ,2025-08-11,5040.0,4920.0,4930.0,4730.0,4770.0,2345.0,0.0223123732251522,0.06553911205074,0.0566037735849056,1.1492537313432836,4952.0,4571.5,49.69909455912365,455.5306333220012,0.0177705977382875,0.1024827737066609,8,0,0
Lashkar(F&V),Gwalior,Madhya Pradesh,Green Chilli,Green Chilly,FAQ,2025-08-11,4500.0,4200.0,4500.0,4500.0,4500.0,2500.0,0.0,0.0,0.0,0.8,4440.0,4896.2962962962965,134.16407864998737,1245.756329267016,0.0135135135135135,-0.0809379727685325,8,0,1
Chattarpur(F&V),Chhatarpur,Madhya Pradesh,Cabbage,Cabbage,FAQ,2025-08-11,1500.0,1200.0,1200.0,1500.0,700.0,1000.0,0.25,0.0,1.1428571428571428,0.5,1320.0,1430.7692307692307,164.31676725154983,317.239697454505,0.1363636363636364,0.0483870967741935,8,0,0
Tundla,Firozabad,Uttar Pradesh,Brinjal,Round,FAQ,2025-08-11,1385.0,1350.0,1425.0,1625.0,1800.0,1525.0,-0.0280701754385964,-0.1476923076923076,-0.2305555555555555,-0.0918032786885245,1380.0,1551.470588235294,45.13867521316948,147.79382499239554,0.0036231884057971,-0.1072985781990522,8,0,0
Khair,Aligarh,Uttar Pradesh,Banana,Banana - Ripe,Small,2025-08-11,2200.0,2200.0,2800.0,2400.0,1800.0,2000.0,-0.2142857142857143,-0.0833333333333333,0.2222222222222223,0.1,2380.0,2115.7894736842104,268.32815729997475,359.4179830638797,-0.0756302521008402,0.0398009950248756,8,0,0
Toofanganj,Coochbehar,West Bengal,Brinjal,Brinjal,FAQ,2025-08-11,2500.0,2550.0,2500.0,7000.0,3000.0,2500.0,0.0,-0.6428571428571428,-0.1666666666666666,0.0,2512.5,2915.625,25.00000000000004,1106.0016199505935,-0.0049751243781094,-0.142550911039657,8,0,0
Vilthararoad,Ballia,Uttar Pradesh,Brinjal,Brinjal,FAQ,2025-08-11,1350.0,1350.0,1500.0,1350.0,1350.0,1150.0,-0.0999999999999999,0.0,0.0,0.1739130434782609,1383.3333333333333,1376.923076923077,57.73502691896256,97.07253433941412,-0.0240963855421686,-0.0195530726256982,8,0,0
Khalilabad,Sant Kabir Nagar,Uttar Pradesh,Brinjal,Brinjal,FAQ,2025-08-11,750.0,1730.0,750.0,750.0,800.0,765.0,0.0,0.0,-0.0625,-0.0196078431372549,997.5,881.0526315789474,488.35608593184,312.9455887538095,-0.2481203007518797,-0.1487455197132616,8,0,0
Kurali,Mohali,Punjab,Green Chilli,Other,FAQ,2025-08-11,2200.0,2000.0,1800.0,2550.0,5900.0,1850.0,0.2222222222222223,-0.1372549019607842,-0.6271186440677966,0.1891891891891892,1970.0,3341.1111111111118,432.434966208793,1423.958396983517,0.116751269035533,-0.341536415031593,8,0,0
Khamano,Fatehgarh,Punjab,Brinjal,Brinjal,FAQ,2025-08-11,3000.0,3000.0,3600.0,4000.0,2400.0,2000.0,-0.1666666666666666,-0.25,0.25,0.5,3650.0,3533.333333333333,943.3981132056604,993.0058439206722,-0.1780821917808219,-0.1509433962264151,8,0,0
Unnao,Unnao,Uttar Pradesh,Brinjal,Round/Long,FAQ,2025-08-11,1650.0,1650.0,1685.0,1650.0,1700.0,1675.0,-0.0207715133531157,0.0,-0.0294117647058823,-0.0149253731343284,1658.75,1678.125,17.50000000000017,24.39763441844312,-0.0052750565184627,-0.0167597765363128,8,0,0
Chathanoor,Kollam,Kerala,Brinjal,Other,FAQ,2025-08-11,4000.0,4000.0,4000.0,4000.0,2500.0,6000.0,0.0,0.0,0.6000000000000001,-0.3333333333333333,4000.0,3289.4736842105262,0.0,769.4837640638659,0.0,0.2159999999999999,8,0,0
Talwandi Sabo,Bhatinda,Punjab,Green Chilli,Other,FAQ,2025-08-11,3200.0,3000.0,3000.0,3200.0,3000.0,1000.0,0.0666666666666666,0.0,0.0666666666666666,2.2,3140.0,2852.6315789473683,219.08902300206637,1121.6894108900751,0.019108280254777,0.1217712177121772,8,0,1
Chutmalpur,Saharanpur,Uttar Pradesh,Cabbage,Cabbage,FAQ,2025-08-11,1700.0,1600.0,600.0,500.0,500.0,350.0,1.8333333333333333,2.4,2.4,3.8571428571428568,1350.0,689.1304347826087,506.6228051190221,412.2985794022037,0.2592592592592593,1.4668769716088326,8,0,1
Dinhata,Coochbehar,West Bengal,Brinjal,Brinjal,FAQ,2025-08-11,2500.0,2600.0,2550.0,2400.0,2600.0,2700.0,-0.0196078431372549,0.0416666666666667,-0.0384615384615384,-0.074074074074074,2530.0,2613.8888888888887,44.72135954999581,192.3580879165982,-0.0118577075098814,-0.0435706695005312,8,0,0
Kattakada,Thiruvananthapuram,Kerala,Cabbage,Other,FAQ,2025-08-11,3400.0,3200.0,3600.0,3200.0,3200.0,2800.0,-0.0555555555555555,0.0625,0.0625,0.2142857142857142,3450.0,3429.4117647058824,191.48542155126748,220.12696870883013,-0.0144927536231883,-0.0085763293310463,8,0,0
Adimali,Idukki,Kerala,Brinjal,Brinjal,FAQ,2025-08-11,4000.0,4000.0,4000.0,4000.0,4000.0,4000.0,0.0,0.0,0.0,0.0,4166.666666666667,4142.857142857143,408.24829046386304,478.0914437337629,-0.04,-0.0344827586206897,8,0,0
Malout,Muktsar,Punjab,Brinjal,Round/Long,FAQ,2025-08-11,2800.0,2500.0,2100.0,2000.0,2000.0,1900.0,0.3333333333333332,0.3999999999999999,0.3999999999999999,0.4736842105263157,2600.0,2169.5652173913045,418.3300132670378,421.50680206815474,0.0769230769230768,0.2905811623246492,8,0,0
Chhibramau,Kannuj,Uttar Pradesh,Garlic,Desi,FAQ,2025-08-11,6150.0,6100.0,5950.0,6050.0,6150.0,6500.0,0.0336134453781513,0.0165289256198346,0.0,-0.0538461538461538,6050.0,6232.692307692308,70.71067811865426,180.52274521085195,0.0165289256198346,-0.0132675100277691,8,0,0
Thamarassery,Kozhikode(Calicut),Kerala,Green Chilli,Other,FAQ,2025-08-11,6300.0,6000.0,5600.0,5600.0,7000.0,3500.0,0.125,0.125,-0.0999999999999999,0.8,6116.666666666667,6400.0,285.7738033247021,577.0991927397457,0.0299727520435966,-0.015625,8,0,1
Chhibramau,Kannuj,Uttar Pradesh,Banana,Banana - Ripe,Medium,2025-08-11,2750.0,2760.0,2850.0,2700.0,2800.0,2800.0,-0.0350877192982456,0.0185185185185186,-0.0178571428571429,-0.0178571428571429,2785.0,2773.076923076923,39.370039370059175,43.15268063694688,-0.0125673249551166,-0.0083217753120664,8,0,0
Chalakudy,Thirssur,Kerala,Brinjal,Other,FAQ,2025-08-11,4400.0,4200.0,4000.0,4200.0,3500.0,3500.0,0.1,0.0476190476190476,0.2571428571428571,0.2571428571428571,4200.0,3947.058823529412,163.29931618554534,267.2022807229177,0.0476190476190476,0.1147540983606556,8,0,0
Sirali(F&V),Harda,Madhya Pradesh,Brinjal,Brinjal,FAQ,2025-08-11,1000.0,1000.0,1000.0,1000.0,2000.0,2000.0,0.0,0.0,-0.5,-0.5,1000.0,1176.470588235294,0.0,392.952623996688,0.0,-0.15,8,0,1
Garh Shankar,Hoshiarpur,Punjab,Banana,Medium,Medium,2025-08-11,3200.0,3000.0,2800.0,3200.0,2800.0,3200.0,0.1428571428571428,0.0,0.1428571428571428,0.0,3040.0,3119.0476190476197,167.33200530681512,174.9829923708322,0.0526315789473683,0.0259541984732822,8,0,0
Chalakudy,Thirssur,Kerala,Cabbage,Other,FAQ,2025-08-11,3500.0,4000.0,4000.0,3000.0,3000.0,3300.0,-0.125,0.1666666666666667,0.1666666666666667,0.0606060606060605,3875.0,3256.25,250.0,438.1304980634587,-0.0967741935483871,0.0748560460652592,8,0,0
Chalakudy,Thirssur,Kerala,Green Chilli,Other,FAQ,2025-08-11,8500.0,8500.0,8000.0,8500.0,6000.0,5000.0,0.0625,0.0,0.4166666666666667,0.7,8375.0,7833.333333333333,249.99999999999983,1029.8573010888756,0.0149253731343284,0.0851063829787235,8,0,0
Allahabad,Prayagraj,Uttar Pradesh,Green Chilli,Green Chilly,FAQ,2025-08-11,4515.0,4445.0,4530.0,4270.0,4480.0,2415.0,-0.0033112582781457,0.0573770491803278,0.0078125,0.8695652173913044,4485.0,4252.727272727273,68.46531968814631,292.6102855690255,0.0066889632107023,0.0616716545532278,8,0,0
Gondal(Veg.market Gondal),Rajkot,Gujarat,Cabbage,Cabbage,FAQ,2025-08-11,1300.0,950.0,1250.0,1250.0,1750.0,1500.0,0.04,0.04,-0.2571428571428571,-0.1333333333333333,1240.0,1611.0,298.7473849257917,436.0141435014864,0.0483870967741935,-0.1930477963997516,8,0,0
Sirhind,Fatehgarh,Punjab,Banana,Other,Medium,2025-08-11,3200.0,3000.0,3100.0,3000.0,3200.0,3000.0,0.032258064516129,0.0666666666666666,0.0,0.0666666666666666,3125.0,3095.0,95.7427107756338,99.86833437344556,0.024,0.0339256865912762,8,0,0
Chhotisadri,Pratapgarh,Rajasthan,Garlic,Average,FAQ,2025-08-11,5560.0,3280.0,2900.0,6200.0,5900.0,5800.0,0.9172413793103448,-0.1032258064516129,-0.0576271186440677,-0.0413793103448275,3735.0,5004.066666666667,1227.6128597132458,1421.7316637851873,0.4886211512717537,0.1110963083358869,8,0,1
Gondal(Veg.market Gondal),Rajkot,Gujarat,Brinjal,Brinjal,FAQ,2025-08-11,900.0,1250.0,1250.0,1075.0,850.0,3500.0,-0.28,-0.1627906976744185,0.0588235294117647,-0.7428571428571429,1060.0,1187.0,178.18529681206425,286.876134710905,-0.150943396226415,-0.2417860151642796,8,0,0
Khanna,Ludhiana,Punjab,Garlic,Other,FAQ,2025-08-11,6000.0,6000.0,6000.0,7000.0,4000.0,4000.0,0.0,-0.1428571428571429,0.5,0.5,6000.0,5343.75,0.0,1350.5400154506406,0.0,0.1228070175438595,8,0,0
Kota (F&V),Kota,Rajasthan,Cabbage,Other,FAQ,2025-08-11,2500.0,900.0,1100.0,1750.0,2000.0,650.0,1.272727272727273,0.4285714285714286,0.25,2.8461538461538463,1316.6666666666667,1497.5,600.5552985917839,413.4180374441959,0.8987341772151898,0.669449081803005,8,0,1
Kota,Kota,Rajasthan,Garlic,Average,FAQ,2025-08-11,6000.0,6500.0,6500.0,6500.0,6500.0,6500.0,-0.0769230769230768,-0.0769230769230768,-0.0769230769230768,-0.0769230769230768,6300.0,6363.1578947368425,273.86127875258103,412.59413244580537,-0.0476190476190476,-0.0570719602977668,8,0,0
Chhabra,Baran,Rajasthan,Garlic,Other,FAQ,2025-08-11,5325.0,5400.0,5775.0,5375.0,4950.0,5950.0,-0.0779220779220779,-0.0093023255813953,0.0757575757575756,-0.1050420168067226,5645.0,5375.0,342.5091239660636,508.9087297719418,-0.0566873339238264,-0.0093023255813953,8,0,0
Chhibramau,Kannuj,Uttar Pradesh,Green Chilli,Green Chilly,FAQ,2025-08-11,5270.0,5300.0,5200.0,5250.0,4850.0,2300.0,0.0134615384615384,0.0038095238095237,0.0865979381443298,1.2913043478260868,5245.0,4806.538461538462,39.37003937006349,505.7583795267497,0.0047664442326025,0.0964231415539729,8,0,0
Chhibramau,Kannuj,Uttar Pradesh,Brinjal,Round/Long,FAQ,2025-08-11,1640.0,1680.0,1650.0,1620.0,1600.0,1680.0,-0.0060606060606061,0.0123456790123457,0.0249999999999999,-0.0238095238095238,1638.3333333333333,1661.3461538461538,39.70726214015116,51.7601717985662,0.0010172939979653,-0.0128487093413589,8,0,0
Mekhliganj,Coochbehar,West Bengal,Brinjal,Other,FAQ,2025-08-11,2550.0,2500.0,2500.0,2650.0,3000.0,2500.0,0.02,-0.0377358490566037,-0.15,0.02,2533.333333333333,2693.75,28.867513459481252,202.3816526598457,0.006578947368421,-0.0533642691415313,8,0,0
Gondal(Veg.market Gondal),Rajkot,Gujarat,Green Chilli,Green Chilly,FAQ,2025-08-11,2750.0,3000.0,2000.0,3450.0,4500.0,6500.0,0.375,-0.2028985507246377,-0.3888888888888888,-0.5769230769230769,2400.0,3822.0,518.4110338331844,1331.5936567386714,0.1458333333333332,-0.2804814233385662,8,0,1
Thanabhavan,Shamli,Uttar Pradesh,Green Chilli,Green Chilly,FAQ,2025-08-12,3100.0,3100.0,2900.0,2900.0,2600.0,2450.0,0.0689655172413792,0.0689655172413792,0.1923076923076923,0.2653061224489796,2957.1428571428573,2754.5454545454545,97.59000729485324,183.8147948013892,0.0483091787439613,0.1254125412541253,8,1,0
Tilhar,Shahjahanpur,Uttar Pradesh,Green Chilli,Green Chilly,FAQ,2025-08-12,4330.0,4310.0,4330.0,4350.0,4150.0,2690.0,0.0,-0.0045977011494252,0.0433734939759036,0.6096654275092936,4330.0,4140.892857142857,23.804761428729435,186.35913939483703,0.0,0.0456682047522531,8,1,0
Khaga,Fatehpur,Uttar Pradesh,Garlic,Desi,FAQ,2025-08-12,6500.0,6400.0,6425.0,6400.0,6450.0,6225.0,0.0116731517509727,0.015625,0.0077519379844961,0.0441767068273093,6415.833333333333,6401.739130434783,54.44416099699306,60.3137383669788,0.0131185868294583,0.0153490899212169,8,1,0
Madhavapuram,Alappuzha,Kerala,Brinjal,Other,FAQ,2025-08-12,3600.0,3700.0,3400.0,3400.0,3500.0,3400.0,0.0588235294117647,0.0588235294117647,0.0285714285714284,0.0588235294117647,3600.0,3505.555555555556,100.0,134.917064817926,0.0,0.0269413629160062,8,1,0
Thamarassery,Kozhikode(Calicut),Kerala,Cabbage,Other,FAQ,2025-08-12,2400.0,1800.0,2600.0,1700.0,1600.0,1800.0,-0.0769230769230768,0.411764705882353,0.5,0.3333333333333332,2100.0,1950.0,476.0952285695234,268.59422395661306,0.1428571428571428,0.2307692307692308,8,1,1
Kollengode,Palakad,Kerala,Cabbage,Other,FAQ,2025-08-12,1200.0,3200.0,3200.0,2200.0,2200.0,3200.0,-0.625,-0.4545454545454546,-0.4545454545454546,-0.625,2800.0,2723.809523809524,894.4271909999159,622.0166894101487,-0.5714285714285714,-0.5594405594405594,8,1,0
Omalloor,Pathanamthitta,Kerala,Green Chilli,Green Chilly,FAQ,2025-08-12,7800.0,7800.0,7800.0,7800.0,7800.0,7800.0,0.0,0.0,0.0,0.0,7800.0,7800.0,0.0,0.0,0.0,0.0,8,1,0
Chomu (F&V),Jaipur Rural,Rajasthan,Brinjal,Other,FAQ,2025-08-12,1500.0,1500.0,1500.0,1500.0,1500.0,1500.0,0.0,0.0,0.0,0.0,1500.0,1500.0,0.0,0.0,0.0,0.0,8,1,1
Thanabhavan,Shamli,Uttar Pradesh,Brinjal,Round/Long,FAQ,2025-08-12,900.0,900.0,900.0,900.0,850.0,850.0,0.0,0.0,0.0588235294117647,0.0588235294117647,900.0,872.9166666666666,0.0,25.448868885202486,0.0,0.0310262529832936,8,1,0
Kalipur,Hooghly,West Bengal,Brinjal,Brinjal,FAQ,2025-08-12,6200.0,6000.0,5000.0,5000.0,5000.0,5600.0,0.24,0.24,0.24,0.1071428571428572,5257.142857142857,5070.0,596.8169536721383,422.7577769018923,0.1793478260869565,0.2228796844181459,8,1,0
Khurai(F&V),Sagar,Madhya Pradesh,Green Chilli,Green Chilly,FAQ,2025-08-12,3800.0,4000.0,4000.0,4000.0,4400.0,3000.0,-0.05,-0.05,-0.1363636363636363,0.2666666666666666,3860.0,4060.0,219.08902300206643,395.81140290126274,-0.0155440414507772,-0.0640394088669951,8,1,0
Dhuri,Sangrur,Punjab,Banana,Banana - Ripe,Medium,2025-08-12,1900.0,2000.0,1850.0,1800.0,1800.0,2000.0,0.0270270270270269,0.0555555555555555,0.0555555555555555,-0.05,1792.857142857143,1855.357142857143,169.38263249364203,116.53904584451236,0.0597609561752987,0.0240615976900866,8,1,0
Ludhiana,Ludhiana,Punjab,Garlic,Other,FAQ,2025-08-12,3800.0,3800.0,3800.0,3800.0,3800.0,3000.0,0.0,0.0,0.0,0.2666666666666666,3800.0,3675.0,0.0,221.1629342324344,0.0,0.0340136054421769,8,1,0
Rampuraphul(Nabha Mandi),Bhatinda,Punjab,Green Chilli,Green Chilly,FAQ,2025-08-12,2500.0,2500.0,2500.0,3000.0,2000.0,2000.0,0.0,-0.1666666666666666,0.25,0.25,2500.0,2565.217391304348,0.0,312.7716210856087,0.0,-0.0254237288135593,8,1,0
Chindwara(F&V),Chhindwara,Madhya Pradesh,Cabbage,Cabbage,FAQ,2025-08-12,400.0,400.0,500.0,500.0,500.0,450.0,-0.1999999999999999,-0.1999999999999999,-0.1999999999999999,-0.1111111111111111,400.0,478.9473684210527,0.0,41.88539082917051,0.0,-0.1648351648351649,8,1,0
Ludhiana,Ludhiana,Punjab,Cabbage,Other,FAQ,2025-08-12,900.0,900.0,900.0,900.0,500.0,500.0,0.0,0.0,0.8,0.8,900.0,626.9230769230769,0.0,186.67124536509056,0.0,0.4355828220858897,8,1,0
F.G.Churian,Gurdaspur,Punjab,Green Chilli,Green Chilly,FAQ,2025-08-12,3900.0,2700.0,3400.0,3400.0,3750.0,1400.0,0.1470588235294117,0.1470588235294117,0.04,1.7857142857142856,3533.333333333333,3671.428571428572,476.0952285695233,499.8928456608107,0.1037735849056602,0.0622568093385214,8,1,0
Neyyatinkara,Thiruvananthapuram,Kerala,Green Chilli,Green Chilly,FAQ,2025-08-12,7700.0,7000.0,8000.0,8000.0,7600.0,8700.0,-0.0374999999999999,-0.0374999999999999,0.013157894736842,-0.1149425287356321,7340.0,7387.5,477.4934554525331,832.13319377003,0.0490463215258856,0.0423011844331642,8,1,0
Ludhiana,Ludhiana,Punjab,Green Chilli,Other,FAQ,2025-08-12,1800.0,1800.0,1800.0,1800.0,2500.0,2200.0,0.0,0.0,-0.28,-0.1818181818181817,1800.0,2396.0,0.0,513.5497379352194,0.0,-0.2487479131886477,8,1,0
Neemuch,Neemuch,Madhya Pradesh,Garlic,Average,FAQ,2025-08-12,3200.0,5300.0,3801.0,2800.0,3900.0,2700.0,-0.1581162851881083,0.1428571428571428,-0.1794871794871795,0.1851851851851851,4160.2,3366.2,1281.7254776277769,1036.5020933279277,-0.2308062112398442,-0.0493731804408531,8,1,0
Balarampur,Puruliya,West Bengal,Brinjal,Other,FAQ,2025-08-12,4500.0,4500.0,4500.0,3800.0,4000.0,4500.0,0.0,0.1842105263157893,0.125,0.0,4425.0,4516.666666666667,149.99999999999812,622.5240813687772,0.0169491525423728,-0.003690036900369,8,1,0
Guru Har Sahai,Ferozpur,Punjab,Green Chilli,Green Chilly,FAQ,2025-08-12,3900.0,3850.0,4250.0,2500.0,1500.0,900.0,-0.0823529411764706,0.56,1.6,3.333333333333333,3950.0,3472.222222222222,314.2451272494134,675.5142074334551,-0.0126582278481012,0.1231999999999999,8,1,0
Chindwara(F&V),Chhindwara,Madhya Pradesh,Brinjal,Arkasheela Mattigulla,FAQ,2025-08-12,1200.0,1300.0,1500.0,1300.0,1000.0,1200.0,-0.1999999999999999,-0.0769230769230768,0.1999999999999999,0.0,1325.0,1314.2857142857142,125.83057392117918,228.6606968539068,-0.0943396226415094,-0.0869565217391303,8,1,0
Neemuch,Neemuch,Madhya Pradesh,Garlic,Garlic,FAQ,2025-08-12,4500.0,4000.0,5000.0,2600.0,2500.0,6000.0,-0.0999999999999999,0.7307692307692308,0.8,-0.25,4140.0,4138.095238095239,1283.7445228704655,2034.570271697628,0.0869565217391303,0.0874568469505177,8,1,1
Neyyatinkara,Thiruvananthapuram,Kerala,Brinjal,Brinjal,FAQ,2025-08-12,5700.0,5600.0,5700.0,3700.0,5800.0,3700.0,0.0,0.5405405405405406,-0.0172413793103448,0.5405405405405406,5260.0,5087.5,928.9779329994864,920.9222692969048,0.0836501901140684,0.1203931203931203,8,1,0
Guru Har Sahai,Ferozpur,Punjab,Brinjal,Brinjal,FAQ,2025-08-12,1550.0,1650.0,1100.0,3700.0,2000.0,1700.0,0.4090909090909091,-0.5810810810810811,-0.2249999999999999,-0.088235294117647,1512.5,2593.75,286.8652413009751,1402.4054589984205,0.0247933884297519,-0.4024096385542168,8,1,0
Neyyatinkara,Thiruvananthapuram,Kerala,Cabbage,Other,FAQ,2025-08-12,3700.0,3700.0,3700.0,3600.0,3700.0,3600.0,0.0,0.0277777777777776,0.0,0.0277777777777776,3680.0,3683.3333333333335,44.7213595499958,38.069349381302594,0.0054347826086955,0.004524886877828,8,1,0
Madhavapuram,Alappuzha,Kerala,Cabbage,Other,FAQ,2025-08-12,2500.0,2600.0,2600.0,2400.0,2600.0,2600.0,-0.0384615384615384,0.0416666666666667,-0.0384615384615384,-0.0384615384615384,2600.0,2594.4444444444443,100.0,87.260409608061,-0.0384615384615384,-0.0364025695931476,8,1,0
Chindwara(F&V),Chhindwara,Madhya Pradesh,Green Chilli,Green Chilly,FAQ,2025-08-12,2000.0,2500.0,2500.0,3000.0,2000.0,2500.0,-0.1999999999999999,-0.3333333333333333,0.0,-0.1999999999999999,2333.333333333333,2552.3809523809523,288.67513459481296,378.9710379686616,-0.1428571428571429,-0.2164179104477611,8,1,0
Tilhar,Shahjahanpur,Uttar Pradesh,Cabbage,Cabbage,FAQ,2025-08-12,1560.0,1570.0,1570.0,1490.0,1360.0,1300.0,-0.0063694267515923,0.0469798657718121,0.1470588235294117,0.1999999999999999,1548.571428571429,1429.074074074074,27.342623276093395,81.64224299010604,0.0073800738007379,0.0916159129195282,8,1,0
Jahangirabad,Bulandshahar,Uttar Pradesh,Green Chilli,Green Chilly,FAQ,2025-08-12,4200.0,4300.0,4150.0,4100.0,4675.0,2488.0,0.0120481927710842,0.024390243902439,-0.1016042780748662,0.6881028938906752,4151.666666666667,4292.625,97.0395108534032,372.6715318510047,0.0116419108791649,-0.0215777059491569,8,1,0
Kollengode,Palakad,Kerala,Brinjal,Other,FAQ,2025-08-12,2200.0,4200.0,4200.0,3700.0,3200.0,3200.0,-0.4761904761904761,-0.4054054054054054,-0.3125,-0.3125,3800.0,3628.571428571429,894.4271909999159,657.3757351339138,-0.4210526315789473,-0.3937007874015747,8,1,0
Rayya,Amritsar,Punjab,Brinjal,Brinjal,FAQ,2025-08-12,1800.0,2000.0,2200.0,2000.0,2200.0,900.0,-0.1818181818181817,-0.0999999999999999,-0.1818181818181817,1.0,2040.0,2140.909090909091,167.33200530681518,208.5302100052902,-0.1176470588235294,-0.159235668789809,8,1,0
Rayya,Amritsar,Punjab,Green Chilli,Green Chilly,FAQ,2025-08-12,3600.0,3400.0,3800.0,3400.0,3100.0,2900.0,-0.0526315789473684,0.0588235294117647,0.1612903225806452,0.2413793103448276,3533.333333333333,3350.0,115.47005383792512,274.3413164194214,0.0188679245283018,0.0746268656716417,8,1,0
Tilhar,Shahjahanpur,Uttar Pradesh,Brinjal,Round/Long,FAQ,2025-08-12,1700.0,1720.0,1710.0,1720.0,1660.0,1390.0,-0.0058479532163743,-0.0116279069767442,0.0240963855421687,0.2230215827338129,1703.571428571429,1643.148148148148,16.511179473860462,55.76647994001524,-0.0020964360587002,0.0345993463315676,8,1,0
Ludhiana,Ludhiana,Punjab,Brinjal,Other,FAQ,2025-08-12,800.0,800.0,800.0,700.0,1000.0,1200.0,0.0,0.1428571428571428,-0.1999999999999999,-0.3333333333333333,766.6666666666666,1076.923076923077,51.63977794943223,374.4945311298338,0.0434782608695651,-0.2571428571428571,8,1,0
Tilhar,Shahjahanpur,Uttar Pradesh,Banana,Banana - Ripe,Medium,2025-08-12,2790.0,2800.0,2800.0,2830.0,2820.0,2860.0,-0.0035714285714285,-0.0141342756183745,-0.0106382978723403,-0.0244755244755244,2796.6666666666665,2820.3703703703704,20.65591117978524,18.90898880296421,-0.00238379022646,-0.0107682206172029,8,1,0
Bharuasumerpur,Hamirpur,Uttar Pradesh,Garlic,Desi,FAQ,2025-08-12,6250.0,6255.0,6345.0,6455.0,6575.0,6275.0,-0.0149724192277383,-0.0317583268783888,-0.0494296577946767,-0.0039840637450199,6300.0,6415.882352941177,54.924190177613866,142.29409788913853,-0.0079365079365079,-0.0258549555331438,8,1,0
Achnera,Agra,Uttar Pradesh,Banana,Banana - Ripe,Medium,2025-08-12,2560.0,2520.0,2500.0,2570.0,2540.0,2500.0,0.024,-0.0038910505836575,0.0078740157480314,0.024,2521.6666666666665,2537.2413793103447,27.141603981101024,41.13536467080301,0.0152015862524785,0.0089698287578146,8,1,0
F.G.Churian,Gurdaspur,Punjab,Brinjal,Brinjal,FAQ,2025-08-12,2900.0,3100.0,2100.0,4400.0,3400.0,1400.0,0.3809523809523809,-0.3409090909090909,-0.1470588235294118,1.0714285714285716,2633.333333333333,3218.181818181818,388.1580434135906,639.4836932552678,0.10126582278481,-0.098870056497175,8,1,1
Kollengode,Palakad,Kerala,Green Chilli,Green Chilly,FAQ,2025-08-12,5200.0,6200.0,6200.0,5200.0,4700.0,5200.0,-0.1612903225806451,0.0,0.1063829787234043,0.0,6000.0,5771.428571428572,447.21359549995793,870.1395618766268,-0.1333333333333333,-0.0990099009900989,8,1,0
Fatehpur,Fatehpur,Uttar Pradesh,Green Chilli,Green Chilly,FAQ,2025-08-12,4700.0,4710.0,4700.0,4750.0,4760.0,2700.0,0.0,-0.0105263157894737,-0.0126050420168066,0.7407407407407407,4705.833333333333,4549.615384615385,6.645800678924781,430.0393541919556,-0.0012395962457941,0.0330543579338913,8,1,0
Dankaur,Gautam Budh Nagar,Uttar Pradesh,Green Chilli,Green Chilly,FAQ,2025-08-12,4055.0,3925.0,3610.0,4255.0,4100.0,2160.0,0.1232686980609418,-0.0470035252643947,-0.0109756097560975,0.8773148148148149,3958.0,3902.272727272728,250.96314470454865,488.1713381705811,0.0245073269327944,0.0391380314502038,8,1,0
Khandwa(F&V),Khandwa,Madhya Pradesh,Cabbage,Cabbage,FAQ,2025-08-12,450.0,450.0,450.0,450.0,450.0,450.0,0.0,0.0,0.0,0.0,450.0,447.9166666666667,0.0,10.206207261596578,0.0,0.0046511627906975,8,1,0
Achnera,Agra,Uttar Pradesh,Brinjal,Round/Long,FAQ,2025-08-12,1340.0,1350.0,1360.0,1550.0,1600.0,1600.0,-0.0147058823529411,-0.1354838709677419,-0.1624999999999999,-0.1624999999999999,1383.3333333333333,1600.0,48.442405665558894,162.27548592850445,-0.0313253012048192,-0.1624999999999999,8,1,0
Vadodara(Sayajipura),Vadodara(Baroda),Gujarat,Brinjal,Other,FAQ,2025-08-12,700.0,800.0,1500.0,1300.0,1050.0,3500.0,-0.5333333333333333,-0.4615384615384615,-0.3333333333333333,-0.8,1250.0,1605.357142857143,388.58718455451015,855.1953735750232,-0.4399999999999999,-0.5639599555061179,8,1,0
Khandwa(F&V),Khandwa,Madhya Pradesh,Brinjal,Round,FAQ,2025-08-12,700.0,700.0,800.0,850.0,800.0,850.0,-0.125,-0.1764705882352941,-0.125,-0.1764705882352941,750.0,785.4166666666666,54.77225575051662,47.72923328679085,-0.0666666666666666,-0.1087533156498673,8,1,0
Pratapgarh,Pratapgarh,Rajasthan,Garlic,Other,FAQ,2025-08-12,6550.0,5150.0,5500.0,5150.0,6600.0,7500.0,0.1909090909090909,0.2718446601941748,-0.0075757575757575,-0.1266666666666667,5990.0,5893.913043478261,629.8809411309409,565.7395733213883,0.0934891485809683,0.1113160224254943,8,1,0
Wazirganj,Badaun,Uttar Pradesh,Green Chilli,Green Chilly,FAQ,2025-08-12,4450.0,4550.0,4375.0,4400.0,4200.0,2200.0,0.0171428571428571,0.0113636363636364,0.0595238095238095,1.022727272727273,4442.857142857143,4187.857142857143,74.60211920901723,229.26787087109545,0.0016077170418005,0.0625959406447209,8,1,0
Vadakkenchery,Palakad,Kerala,Cabbage,Other,FAQ,2025-08-12,3750.0,3750.0,3750.0,3250.0,3250.0,2750.0,0.0,0.1538461538461537,0.1538461538461537,0.3636363636363635,3583.333333333333,3182.692307692308,258.1988897471611,328.31153122981164,0.0465116279069766,0.1782477341389727,8,1,0
Ahirora,Mirzapur,Uttar Pradesh,Brinjal,Brinjal,FAQ,2025-08-12,2100.0,1900.0,1900.0,1900.0,2100.0,3000.0,0.1052631578947369,0.1052631578947369,0.0,-0.3,1966.6666666666667,2000.0,103.27955589886449,138.56406460550707,0.0677966101694915,0.05,8,1,0
Jawra(F&V),Ratlam,Madhya Pradesh,Brinjal,Brinjal,FAQ,2025-08-12,1400.0,1400.0,1400.0,1400.0,2000.0,4500.0,0.0,0.0,-0.3,-0.6888888888888889,1400.0,1878.571428571429,1.9581699779831847e-05,522.3572942509251,0.0,-0.2547528517110267,8,1,0
Vadakkenchery,Palakad,Kerala,Brinjal,Other,FAQ,2025-08-12,4750.0,4750.0,4750.0,4750.0,4750.0,4750.0,0.0,0.0,0.0,0.0,4750.0,4798.076923076923,0.0,245.1451689227274,0.0,-0.0100200400801603,8,1,0
Ahirora,Mirzapur,Uttar Pradesh,Cabbage,Cabbage,FAQ,2025-08-12,1100.0,1200.0,1300.0,900.0,1100.0,800.0,-0.1538461538461538,0.2222222222222223,0.0,0.375,1216.6666666666667,1081.25,98.31920802501752,147.05441169852742,-0.0958904109589041,0.0173410404624276,8,1,0
Vadakkenchery,Palakad,Kerala,Green Chilli,Other,FAQ,2025-08-12,10000.0,10000.0,10000.0,9000.0,9000.0,8500.0,0.0,0.1111111111111111,0.1111111111111111,0.1764705882352941,9666.666666666666,8961.538461538461,516.3977794943223,598.716576070464,0.0344827586206897,0.1158798283261803,8,1,0
Vadakkenchery,Palakad,Kerala,Garlic,Other,FAQ,2025-08-12,17000.0,17000.0,17000.0,17000.0,17000.0,14000.0,0.0,0.0,0.0,0.2142857142857142,17000.0,16557.69230769231,0.0,898.0748641056903,0.0,0.0267131242740998,8,1,0
Baraut,Baghpat,Uttar Pradesh,Brinjal,Round/Long,FAQ,2025-08-12,1750.0,1750.0,1760.0,1800.0,1900.0,1700.0,-0.0056818181818182,-0.0277777777777777,-0.0789473684210526,0.0294117647058822,1768.571428571429,1860.892857142857,21.930626551751136,82.35035329511535,-0.0105008077544427,-0.0595912100566163,8,1,0
Achnera,Agra,Uttar Pradesh,Green Chilli,Green Chilly,FAQ,2025-08-12,4400.0,4750.0,4240.0,5000.0,4800.0,3700.0,0.0377358490566037,-0.12,-0.0833333333333333,0.1891891891891892,4606.666666666667,4631.785714285715,229.92752481309577,337.8149128500985,-0.044862518089725,-0.0500424088210348,8,1,0
Gondal,Rajkot,Gujarat,Garlic,Garlic,FAQ,2025-08-12,3555.0,3605.0,3655.0,3805.0,4255.0,5155.0,-0.027359781121751,-0.0657030223390275,-0.1645123384253819,-0.3103782735208535,3655.0,3742.5,132.2875655532296,97.99118698415904,-0.027359781121751,-0.0501002004008016,8,1,0
Bariwala,Muktsar,Punjab,Brinjal,Other,FAQ,2025-08-12,2500.0,2500.0,1200.0,1500.0,3000.0,1200.0,1.0833333333333337,0.6666666666666667,-0.1666666666666666,1.0833333333333337,2333.333333333333,2069.230769230769,288.67513459481285,675.0118707408232,0.0714285714285714,0.20817843866171,8,1,1
Bardoli(Katod),Surat,Gujarat,Brinjal,Other,FAQ,2025-08-12,2500.0,2500.0,2100.0,2250.0,1600.0,1950.0,0.1904761904761904,0.1111111111111111,0.5625,0.2820512820512821,2166.6666666666665,2136.538461538461,275.0757471437046,216.1285230170675,0.1538461538461539,0.1701170117011701,8,1,1
Jasvantnagar,Etawah,Uttar Pradesh,Cabbage,Cabbage,FAQ,2025-08-12,2110.0,2270.0,2100.0,2110.0,2100.0,1110.0,0.0047619047619047,0.0,0.0047619047619047,0.9009009009009008,2138.333333333333,2145.333333333333,64.93586579592716,70.92417144555228,-0.0132501948558068,-0.0164698570540708,8,1,0
Baraut,Baghpat,Uttar Pradesh,Green Chilli,Green Chilly,FAQ,2025-08-12,4100.0,4000.0,4000.0,4400.0,4650.0,2700.0,0.0249999999999999,-0.0681818181818182,-0.1182795698924731,0.5185185185185186,4057.142857142857,4067.142857142857,78.67957924696219,389.91791294574665,0.01056338028169,0.0080786793115559,8,1,0
Kopaganj,Mau(Maunathbhanjan),Uttar Pradesh,Brinjal,Brinjal,FAQ,2025-08-12,1100.0,1100.0,1760.0,1050.0,1000.0,900.0,-0.375,0.0476190476190476,0.1,0.2222222222222223,1185.0,1103.4615384615386,288.0104164782934,219.1974873522468,-0.0717299578059071,-0.0031369815266644,8,1,0
Fatehpur,Fatehpur,Uttar Pradesh,Brinjal,Brinjal,FAQ,2025-08-12,1650.0,1665.0,1675.0,1710.0,1710.0,1650.0,-0.0149253731343284,-0.0350877192982456,-0.0350877192982456,0.0,1673.3333333333333,1705.9615384615386,19.91649232838621,24.249504356581287,-0.0139442231075697,-0.0328035170781197,8,1,0
Dankaur,Gautam Budh Nagar,Uttar Pradesh,Cabbage,Cabbage,FAQ,2025-08-12,1600.0,1655.0,1545.0,1525.0,1500.0,1100.0,0.035598705501618,0.0491803278688525,0.0666666666666666,0.4545454545454546,1611.0,1505.6818181818182,46.01630145937425,101.97216537282388,-0.0068280571073867,0.0626415094339623,8,1,0
Jasvantnagar,Etawah,Uttar Pradesh,Banana,Banana - Ripe,Medium,2025-08-12,2815.0,2820.0,2650.0,2810.0,2700.0,2910.0,0.0622641509433963,0.001779359430605,0.0425925925925925,-0.0326460481099656,2777.5,2770.0,79.85925118607113,68.32171794427553,0.0135013501350134,0.0162454873646209,8,1,0
Phagwara,kapurthala,Punjab,Green Chilli,Other,FAQ,2025-08-12,3041.0,3100.0,2406.0,1900.0,2819.0,1650.0,0.2639235245220281,0.6005263157894736,0.078751330258957,0.843030303030303,2598.5,2858.708333333333,562.1457995929509,702.6277683077291,0.170290552241678,0.0637671442522118,8,1,0
Achnera,Agra,Uttar Pradesh,Cabbage,Cabbage,FAQ,2025-08-12,1950.0,1940.0,1900.0,1640.0,1600.0,1260.0,0.0263157894736842,0.1890243902439023,0.21875,0.5476190476190477,1881.6666666666667,1616.551724137931,91.7423929634859,188.4007101531376,0.0363153232949513,0.2062713310580206,8,1,0
Phagwara,kapurthala,Punjab,Garlic,Other,FAQ,2025-08-12,6105.0,7532.0,6000.0,6000.0,6423.0,6000.0,0.0175,0.0175,-0.0495095749649696,0.0175,6359.666666666667,6173.347826086957,605.3642429700205,1158.2129890752842,-0.0400440274647518,-0.0110714361173911,8,1,0
Varipaal,Kanpur,Uttar Pradesh,Brinjal,Brinjal,FAQ,2025-08-12,1000.0,900.0,900.0,1100.0,1000.0,1000.0,0.1111111111111111,-0.0909090909090909,0.0,0.0,960.0,1108.695652173913,89.44271909999087,255.68631967930204,0.0416666666666667,-0.0980392156862745,8,1,0
Kondotty,Malappuram,Kerala,Cabbage,Other,FAQ,2025-08-12,2000.0,2000.0,2000.0,2000.0,2000.0,2000.0,0.0,0.0,0.0,0.0,2000.0,2262.5,1.923019879618702e-05,908.3250232301692,0.0,-0.1160220994475138,8,1,0
Varipaal,Kanpur,Uttar Pradesh,Banana,Banana - Ripe,Medium,2025-08-12,2000.0,1900.0,1800.0,2000.0,2100.0,1900.0,0.1111111111111111,0.0,-0.0476190476190476,0.0526315789473683,1900.0,1978.2608695652173,100.00000000000004,108.5295173051208,0.0526315789473683,0.0109890109890109,8,1,0
Dankaur,Gautam Budh Nagar,Uttar Pradesh,Brinjal,Other,FAQ,2025-08-12,1600.0,1745.0,1700.0,1740.0,1955.0,1360.0,-0.0588235294117647,-0.0804597701149425,-0.1815856777493606,0.1764705882352941,1673.0,1769.090909090909,60.78651166172049,110.85851518764362,-0.0436341900777047,-0.0955806783144912,8,1,0
Jasvantnagar,Etawah,Uttar Pradesh,Brinjal,Brinjal,FAQ,2025-08-12,1510.0,1510.0,1580.0,1510.0,1480.0,1310.0,-0.0443037974683544,0.0,0.0202702702702701,0.1526717557251908,1565.0,1574.6666666666667,65.34523701081818,59.38574464184704,-0.0351437699680511,-0.0410668924640136,8,1,0
Adimali,Idukki,Kerala,Cabbage,Cabbage,FAQ,2025-08-12,4000.0,4000.0,4000.0,4000.0,5000.0,4000.0,0.0,0.0,-0.1999999999999999,0.0,3833.3333333333335,4181.818181818182,408.24829046386304,588.489886336501,0.0434782608695651,-0.0434782608695653,8,1,0
Vadodara(Sayajipura),Vadodara(Baroda),Gujarat,Cabbage,Other,FAQ,2025-08-12,950.0,1300.0,1050.0,1300.0,1700.0,1400.0,-0.0952380952380952,-0.2692307692307693,-0.4411764705882353,-0.3214285714285714,1075.0,1496.428571428571,117.26039399558498,306.3913532978091,-0.1162790697674418,-0.3651551312649164,8,1,0
Khekda,Baghpat,Uttar Pradesh,Brinjal,Round/Long,FAQ,2025-08-12,1500.0,1400.0,1200.0,1200.0,1200.0,1000.0,0.25,0.25,0.25,0.5,1375.0,1310.0,125.83057392117918,119.72189997378648,0.0909090909090908,0.1450381679389312,8,1,0
Vamanapuram,Thiruvananthapuram,Kerala,Brinjal,Other,FAQ,2025-08-12,3000.0,3000.0,3500.0,3500.0,3500.0,3500.0,-0.1428571428571429,-0.1428571428571429,-0.1428571428571429,-0.1428571428571429,3250.0,3238.095238095238,288.6751345948129,255.88315785957812,-0.0769230769230768,-0.0735294117647058,8,1,0
Vadodara(Sayajipura),Vadodara(Baroda),Gujarat,Green Chilli,Other,FAQ,2025-08-12,3500.0,4800.0,4500.0,4300.0,5500.0,6800.0,-0.2222222222222222,-0.1860465116279069,-0.3636363636363636,-0.4852941176470589,4383.333333333333,5355.357142857143,449.0731195102512,985.2936473095544,-0.2015209125475284,-0.3464488162720907,8,1,0
Khandwa(F&V),Khandwa,Madhya Pradesh,Green Chilli,Other,FAQ,2025-08-12,3000.0,3000.0,3000.0,2500.0,2500.0,1000.0,0.0,0.1999999999999999,0.1999999999999999,2.0,3000.0,2625.0,0.0,221.1629342323459,0.0,0.1428571428571428,8,1,0
Fatehpur,Fatehpur,Uttar Pradesh,Garlic,Garlic,FAQ,2025-08-12,6570.0,6560.0,6570.0,6620.0,6615.0,6570.0,0.0,-0.0075528700906344,-0.0068027210884353,0.0,6574.166666666667,6596.538461538462,9.174239292588055,24.850321159189797,-0.0006337938902269,-0.0040230890327095,8,1,0
Jasvantnagar,Etawah,Uttar Pradesh,Green Chilli,Green Chilly,FAQ,2025-08-12,4760.0,4820.0,5800.0,5520.0,6000.0,2015.0,-0.1793103448275862,-0.1376811594202898,-0.2066666666666666,1.3622828784119108,5135.0,5582.333333333333,392.1606813539571,486.62418275101714,-0.0730282375851996,-0.1473099659640532,8,1,0
Jasvantnagar,Etawah,Uttar Pradesh,Garlic,Garlic,FAQ,2025-08-12,6060.0,5760.0,5850.0,5460.0,5850.0,5060.0,0.0358974358974359,0.1098901098901099,0.0358974358974359,0.1976284584980236,5886.666666666667,5757.333333333333,228.706507705108,234.352197303444,0.0294450736126838,0.0525706345530339,8,1,0
Adimali,Idukki,Kerala,Green Chilli,Green Chilly,FAQ,2025-08-12,8000.0,8000.0,6000.0,10000.0,6000.0,8000.0,0.3333333333333332,-0.1999999999999999,0.3333333333333332,0.0,8000.0,7763.157894736842,1264.9110640673512,1902.983192053931,0.0,0.0305084745762711,8,1,1
Baraut,Baghpat,Uttar Pradesh,Cabbage,Cabbage,FAQ,2025-08-12,1650.0,1650.0,1630.0,1600.0,1550.0,1300.0,0.0122699386503066,0.03125,0.064516129032258,0.2692307692307691,1630.0,1534.2857142857142,16.32993161856043,74.82961245036017,0.0122699386503066,0.0754189944134078,8,1,0
Chomu (F&V),Jaipur Rural,Rajasthan,Cabbage,Other,FAQ,2025-08-12,2300.0,2300.0,2300.0,2300.0,2300.0,900.0,0.0,0.0,0.0,1.5555555555555554,2300.0,2062.5,0.0,465.1437365505151,0.0,0.1151515151515152,8,1,0
Wazirganj,Badaun,Uttar Pradesh,Brinjal,Round/Long,FAQ,2025-08-12,1700.0,1725.0,1725.0,1725.0,1700.0,1500.0,-0.0144927536231883,-0.0144927536231883,0.0,0.1333333333333333,1714.1666666666667,1688.7037037037037,12.416387021458409,34.04162024393279,-0.0082644628099174,0.0066893299703914,8,1,0
Bangarmau,Unnao,Uttar Pradesh,Banana,Banana - Ripe,Medium,2025-08-12,2770.0,2780.0,2780.0,2780.0,2750.0,2700.0,-0.0035971223021582,-0.0035971223021582,0.0072727272727273,0.0259259259259259,2775.0,2760.3846153846152,8.366600265340647,15.615574079942824,-0.0018018018018017,0.0034833495889647,8,1,0
Bangarmau,Unnao,Uttar Pradesh,Garlic,Average,FAQ,2025-08-12,6250.0,6250.0,6250.0,6270.0,6230.0,6200.0,0.0,-0.0031897926634768,0.0032102728731941,0.0080645161290322,6255.0,6227.692307692308,8.366600265341365,40.329412821140366,-0.0007993605115906,0.0035820158102766,8,1,0
Unnao,Unnao,Uttar Pradesh,Banana,Banana - Ripe,Medium,2025-08-12,2860.0,2860.0,2850.0,2850.0,2800.0,2750.0,0.0035087719298245,0.0035087719298245,0.0214285714285713,0.04,2855.0,2821.6,5.773502691907916,32.65093158446092,0.0017513134851139,0.0136092996881203,8,1,0
Bangarmau,Unnao,Uttar Pradesh,Brinjal,Round/Long,FAQ,2025-08-12,1650.0,1650.0,1640.0,1640.0,1750.0,1600.0,0.0060975609756097,0.0060975609756097,-0.0571428571428571,0.03125,1650.0,1678.076923076923,6.324555320336579,32.743760415599326,0.0,-0.0167316066926427,8,1,0
Kuthuparambu,Kannur,Kerala,Green Chilli,Green Chilly,FAQ,2025-08-12,8000.0,8000.0,8000.0,8000.0,8000.0,8000.0,0.0,0.0,0.0,0.0,8000.0,8000.0,0.0,0.0,0.0,0.0,8,1,0
Khaga,Fatehpur,Uttar Pradesh,Green Chilli,Green Chilly,FAQ,2025-08-12,4550.0,4600.0,4450.0,4400.0,4700.0,2400.0,0.0224719101123596,0.0340909090909091,-0.0319148936170212,0.8958333333333333,4470.833333333333,4477.173913043478,92.75864739564877,277.04949544242754,0.0177073625349488,0.0162660840009711,8,1,0
Chomu (F&V),Jaipur Rural,Rajasthan,Green Chilli,Other,FAQ,2025-08-12,3500.0,3500.0,3500.0,3500.0,6000.0,4000.0,0.0,0.0,-0.4166666666666666,-0.125,3500.0,4375.0,0.0,980.7938222374428,0.0,-0.1999999999999999,8,1,0
Tundla,Firozabad,Uttar Pradesh,Green Chilli,Green Chilly,FAQ,2025-08-12,4400.0,4500.0,4700.0,4850.0,5100.0,1950.0,-0.0638297872340425,-0.0927835051546391,-0.1372549019607842,1.2564102564102564,4600.0,4553.4,176.77669529663683,391.5240520495745,-0.0434782608695651,-0.0336891114332146,8,1,0
Jawra(F&V),Ratlam,Madhya Pradesh,Green Chilli,Green Chilly,FAQ,2025-08-12,3600.0,3600.0,4000.0,4000.0,4200.0,5000.0,-0.0999999999999999,-0.0999999999999999,-0.1428571428571429,-0.28,3800.0,4646.428571428572,219.08902300206643,1006.4540404060835,-0.0526315789473684,-0.2252113758647195,8,1,0
Parassala,Thiruvananthapuram,Kerala,Green Chilli,Green Chilly,FAQ,2025-08-12,8800.0,8800.0,6000.0,7500.0,8000.0,9000.0,0.4666666666666665,0.1733333333333333,0.1,-0.0222222222222222,7557.142857142857,7793.103448275862,1244.7987024108793,840.0387042455628,0.164461247637051,0.1292035398230089,8,1,0
Punalur,Kollam,Kerala,Cabbage,Cabbage,FAQ,2025-08-12,4800.0,4000.0,4100.0,4800.0,3800.0,3800.0,0.1707317073170731,0.0,0.263157894736842,0.263157894736842,4466.666666666667,4300.0,408.24829046386304,470.1063709417262,0.0746268656716417,0.1162790697674418,8,1,0
Khurai(F&V),Sagar,Madhya Pradesh,Brinjal,Brinjal,FAQ,2025-08-12,1600.0,1700.0,1600.0,1200.0,1500.0,1800.0,0.0,0.3333333333333332,0.0666666666666666,-0.1111111111111111,1600.0,1492.3076923076924,122.47448713916052,254.4375395621925,0.0,0.0721649484536082,8,1,0
Kollengode,Palakad,Kerala,Garlic,Other,FAQ,2025-08-12,12000.0,16000.0,17000.0,9200.0,14000.0,17000.0,-0.2941176470588235,0.3043478260869565,-0.1428571428571429,-0.2941176470588235,15800.0,15019.047619047618,2167.94833886788,2421.4910794012744,-0.240506329113924,-0.201014584654407,8,1,0
Fazilka,Fazilka,Punjab,Garlic,Other,FAQ,2025-08-12,13000.0,13000.0,13000.0,13000.0,9000.0,7000.0,0.0,0.0,0.4444444444444444,0.8571428571428572,13000.0,10346.153846153846,0.0,2897.4790103440973,0.0,0.2565055762081785,8,1,0
Jalore,Jalore,Rajasthan,Brinjal,Other,FAQ,2025-08-12,1300.0,1300.0,2300.0,2600.0,2800.0,2800.0,-0.4347826086956522,-0.5,-0.5357142857142857,-0.5357142857142857,1800.0,2368.181818181818,500.00000000000045,455.0105845303297,-0.2777777777777778,-0.4510556621880998,8,1,1
Batala,Gurdaspur,Punjab,Garlic,Other,FAQ,2025-08-12,8000.0,7500.0,7500.0,8500.0,7500.0,8000.0,0.0666666666666666,-0.0588235294117647,0.0666666666666666,0.0,7700.0,7923.529411764706,273.8612787525832,486.7358264049077,0.0389610389610388,0.0096510764662212,8,1,0
Jawra(F&V),Ratlam,Madhya Pradesh,Cabbage,Cabbage,FAQ,2025-08-12,1200.0,1200.0,1200.0,1200.0,1400.0,2500.0,0.0,0.0,-0.1428571428571429,-0.52,1200.0,1707.142857142857,0.0,606.7085281214014,0.0,-0.2970711297071129,8,1,0
Pathankot,Pathankot,Punjab,Cabbage,Cabbage,FAQ,2025-08-12,1800.0,1800.0,1300.0,1500.0,1000.0,600.0,0.3846153846153846,0.1999999999999999,0.8,2.0,1700.0,1478.571428571429,173.20508075688784,254.7353722789775,0.0588235294117647,0.2173913043478259,8,1,0
"Patan(Veg,Yard Patan)",Patan,Gujarat,Green Chilli,Other,FAQ,2025-08-12,4000.0,4250.0,3500.0,5000.0,1950.0,1850.0,0.1428571428571428,-0.1999999999999999,1.051282051282051,1.1621621621621625,3854.1666666666665,4078.125,514.882672719394,615.7802106735347,0.0378378378378378,-0.0191570881226054,8,1,0
Batala,Gurdaspur,Punjab,Green Chilli,Other,FAQ,2025-08-12,3200.0,3200.0,2800.0,4200.0,3800.0,1800.0,0.1428571428571428,-0.2380952380952381,-0.1578947368421053,0.7777777777777777,3400.0,3836.363636363637,346.4101615137755,548.2202609767905,-0.0588235294117647,-0.1658767772511848,8,1,0
"Patan(Veg,Yard Patan)",Patan,Gujarat,Brinjal,Other,FAQ,2025-08-12,2450.0,2250.0,3500.0,1750.0,2250.0,750.0,-0.3,0.3999999999999999,0.0888888888888888,2.2666666666666666,2800.0,2410.5263157894738,567.4504383644443,589.8043336961706,-0.125,0.0163755458515284,8,1,1
Kottarakkara,Kollam,Kerala,Cabbage,Other,FAQ,2025-08-12,3500.0,5200.0,5500.0,5500.0,5500.0,5000.0,-0.3636363636363636,-0.3636363636363636,-0.3636363636363636,-0.3,4980.0,5157.894736842105,840.8329203831163,484.55683014216976,-0.2971887550200803,-0.3214285714285714,8,1,0
Vijapur(veg),Mehsana,Gujarat,Green Chilli,Other,FAQ,2025-08-12,2650.0,3625.0,3000.0,3275.0,4000.0,3850.0,-0.1166666666666667,-0.1908396946564885,-0.3375,-0.3116883116883117,2881.25,4251.315789473684,582.8718412595802,1257.4631009665436,-0.0802603036876355,-0.376663571649644,8,1,0
Ahmedgarh,Sangrur,Punjab,Banana,Other,Medium,2025-08-12,3000.0,3800.0,2700.0,2800.0,2600.0,2500.0,0.1111111111111111,0.0714285714285714,0.1538461538461537,0.1999999999999999,3100.0,2860.0,412.31056256176606,274.1494022186489,-0.032258064516129,0.0489510489510489,8,1,0
Jetpur(Dist.Rajkot),Rajkot,Gujarat,Garlic,Garlic,FAQ,2025-08-12,3000.0,3250.0,3355.0,3105.0,3405.0,4500.0,-0.1058122205663188,-0.0338164251207729,-0.118942731277533,-0.3333333333333333,3215.0,3359.0,151.2723812641735,142.12300084004158,-0.0668740279937791,-0.1068770467401012,8,1,0
Bangarmau,Unnao,Uttar Pradesh,Green Chilli,Green Chilly,FAQ,2025-08-12,4550.0,4560.0,4560.0,4450.0,4170.0,2540.0,-0.0021929824561403,0.0224719101123596,0.091127098321343,0.7913385826771653,4548.333333333333,4146.538461538462,24.83277404291873,427.77510266673687,0.0003664345914256,0.0973008069752341,8,1,0
Khamano,Fatehgarh,Punjab,Green Chilli,Green Chilly,FAQ,2025-08-12,5000.0,5000.0,5000.0,6000.0,5000.0,4000.0,0.0,-0.1666666666666666,0.0,0.25,4880.0,4400.0,268.3281572999681,1191.237851584483,0.0245901639344261,0.1363636363636364,8,1,0
Kottarakkara,Kollam,Kerala,Green Chilli,Other,FAQ,2025-08-12,11000.0,11000.0,11000.0,12000.0,10000.0,11000.0,0.0,-0.0833333333333333,0.1,0.0,10800.0,10833.333333333334,447.2135954999581,514.4957554275247,0.0185185185185186,0.0153846153846153,8,1,1
Dablirathan,Hanumangarh,Rajasthan,Garlic,Average,FAQ,2025-08-12,5000.0,5000.0,5000.0,5000.0,5000.0,5000.0,0.0,0.0,0.0,0.0,5000.0,5000.0,0.0,0.0,0.0,0.0,8,1,0
Unnao,Unnao,Uttar Pradesh,Green Chilli,Green Chilly,FAQ,2025-08-12,4550.0,4550.0,4550.0,4400.0,4250.0,2550.0,0.0,0.0340909090909091,0.0705882352941176,0.7843137254901962,4550.0,4215.384615384615,0.0,326.3492701904632,0.0,0.0793795620437955,8,1,0
Thamarassery,Kozhikode(Calicut),Kerala,Brinjal,Other,FAQ,2025-08-12,4300.0,2800.0,7000.0,2300.0,2400.0,2100.0,-0.3857142857142857,0.8695652173913044,0.7916666666666667,1.0476190476190474,3500.0,2784.2105263157896,754.983443527075,1154.82714333971,0.2285714285714286,0.5444234404536861,8,1,1
Aralamoodu,Thiruvananthapuram,Kerala,Brinjal,Other,FAQ,2025-08-12,5000.0,5000.0,4500.0,4000.0,4500.0,4500.0,0.1111111111111111,0.25,0.1111111111111111,0.1111111111111111,4800.0,4576.923076923077,273.8612787525832,337.41095691479603,0.0416666666666667,0.0924369747899158,8,1,0
Harike,Tarntaran,Punjab,Brinjal,Brinjal,FAQ,2025-08-12,900.0,700.0,800.0,700.0,700.0,900.0,0.125,0.2857142857142858,0.2857142857142858,0.0,800.0,756.25,100.0,72.74384280931727,0.125,0.1900826446280992,8,1,1
Kollam,Kollam,Kerala,Brinjal,Other,FAQ,2025-08-12,2800.0,2800.0,3300.0,3300.0,2900.0,3800.0,-0.1515151515151515,-0.1515151515151515,-0.0344827586206896,-0.2631578947368421,3050.0,3173.913043478261,288.6751345948129,198.2133637003442,-0.081967213114754,-0.1178082191780822,8,1,0
Garh Shankar(Mahalpur),Hoshiarpur,Punjab,Green Chilli,Green Chilly,FAQ,2025-08-12,1900.0,1900.0,1800.0,1800.0,2500.0,1900.0,0.0555555555555555,0.0555555555555555,-0.24,0.0,1840.0,2069.5652173913045,54.77225575051661,275.40842828705104,0.0326086956521738,-0.0819327731092437,8,1,0
Bilga,Jalandhar,Punjab,Green Chilli,Other,FAQ,2025-08-12,3900.0,2900.0,2900.0,3900.0,3500.0,3000.0,0.3448275862068966,0.0,0.1142857142857143,0.3,3066.6666666666665,3331.818181818182,408.24829046386304,545.445526620969,0.2717391304347827,0.170532060027285,8,1,0
Jabalpur(F&V),Jabalpur,Madhya Pradesh,Green Chilli,Green Chilly,FAQ,2025-08-12,2000.0,2000.0,2000.0,2000.0,1900.0,1900.0,0.0,0.0,0.0526315789473683,0.0526315789473683,1933.3333333333333,1896.0,163.29931618554522,148.5485330343823,0.0344827586206897,0.0548523206751054,8,1,0
Talwandi Sabo,Bhatinda,Punjab,Banana,Other,Medium,2025-08-12,3100.0,2800.0,3100.0,3000.0,2800.0,3000.0,0.0,0.0333333333333334,0.1071428571428572,0.0333333333333334,3016.6666666666665,2952.3809523809523,172.24014243685085,160.0595127415045,0.0276243093922652,0.05,8,1,0
Champadanga,Hooghly,West Bengal,Brinjal,Brinjal,FAQ,2025-08-12,6400.0,6000.0,5000.0,5000.0,5000.0,5800.0,0.28,0.28,0.28,0.1034482758620689,5371.428571428572,5060.0,582.2779568621984,451.5108735850209,0.1914893617021276,0.2648221343873518,8,1,0
Kapurthala,kapurthala,Punjab,Brinjal,Round,FAQ,2025-08-12,1000.0,1000.0,1000.0,1400.0,1400.0,900.0,0.0,-0.2857142857142857,-0.2857142857142857,0.1111111111111111,1000.0,1260.0,0.0,191.9821420266553,0.0,-0.2063492063492064,8,1,0
Etah,Etah,Uttar Pradesh,Green Chilli,Green Chilly,FAQ,2025-08-12,4250.0,4320.0,4305.0,4400.0,4480.0,3380.0,-0.0127758420441347,-0.034090909090909,-0.0513392857142857,0.2573964497041421,4323.571428571428,4240.0,54.06125273815342,256.5986304383879,-0.0170163555261853,0.0023584905660376,8,1,0
Sandila,Hardoi,Uttar Pradesh,Brinjal,Brinjal,FAQ,2025-08-12,1660.0,1650.0,1650.0,1650.0,1700.0,1570.0,0.0060606060606061,0.0060606060606061,-0.0235294117647059,0.0573248407643312,1650.0,1671.7307692307693,6.324555320336917,25.05762589281877,0.0060606060606061,-0.0070171402277694,8,1,0
Talalagir,Gir Somnath,Gujarat,Cabbage,Other,FAQ,2025-08-12,2000.0,1500.0,2000.0,2000.0,2500.0,2000.0,0.0,0.0,-0.1999999999999999,0.0,1750.0,2062.5,288.6751345948133,449.9396094743303,0.1428571428571428,-0.0303030303030302,8,1,1
Gangarampur(Dakshin Dinajpur),Dakshin Dinajpur,West Bengal,Brinjal,Other,FAQ,2025-08-12,4000.0,3400.0,3400.0,3300.0,2800.0,3000.0,0.1764705882352941,0.2121212121212121,0.4285714285714286,0.3333333333333332,3500.0,3088.0,282.8427124746197,321.8695387886117,0.1428571428571428,0.2953367875647668,8,1,0
Talalagir,Gir Somnath,Gujarat,Green Chilli,Other,FAQ,2025-08-12,3000.0,3000.0,3000.0,4000.0,5000.0,4500.0,0.0,-0.25,-0.4,-0.3333333333333333,3000.0,4145.833333333333,0.0,902.6430594391256,0.0,-0.2763819095477386,8,1,0
Sandi,Hardoi,Uttar Pradesh,Brinjal,Brinjal,FAQ,2025-08-12,1655.0,1640.0,1650.0,1640.0,1715.0,1535.0,0.0030303030303029,0.0091463414634145,-0.0349854227405247,0.0781758957654723,1649.0,1670.0,8.944271909998939,26.824712810977744,0.0036385688295936,-0.0089820359281437,8,1,0
Viswan,Sitapur,Uttar Pradesh,Garlic,Desi,FAQ,2025-08-12,6270.0,6275.0,6250.0,6250.0,6225.0,6250.0,0.0032,0.0032,0.0072289156626506,0.0032,6254.0,6238.04347826087,19.81161275620226,48.25922263847603,0.0025583626479053,0.0051228437009931,8,1,0
Sandi,Hardoi,Uttar Pradesh,Green Chilli,Green Chilly,FAQ,2025-08-12,4570.0,4565.0,4540.0,4440.0,4040.0,2180.0,0.0066079295154184,0.0292792792792793,0.131188118811881,1.096330275229358,4541.0,4158.181818181818,28.372521918223537,427.2323597031212,0.0063862585333627,0.0990380411018803,8,1,0
Gangoh,Saharanpur,Uttar Pradesh,Green Chilli,Green Chilly,FAQ,2025-08-12,4200.0,4100.0,4500.0,5500.0,4500.0,3300.0,-0.0666666666666666,-0.2363636363636363,-0.0666666666666666,0.2727272727272727,4360.0,4747.619047619048,194.93588689618403,801.6352335189879,-0.036697247706422,-0.115346038114343,8,1,0
Kanjirappally,Kottayam,Kerala,Cabbage,Cabbage,FAQ,2025-08-12,4800.0,4800.0,4800.0,4800.0,5800.0,4600.0,0.0,0.0,-0.1724137931034483,0.0434782608695651,4800.0,5216.666666666667,0.0,503.6101551853349,0.0,-0.0798722044728434,8,1,0
Muradabad,Sambhal,Uttar Pradesh,Green Chilli,Green Chilly,FAQ,2025-08-12,4600.0,4700.0,4850.0,4980.0,4740.0,2100.0,-0.0515463917525773,-0.076305220883534,-0.0295358649789029,1.190476190476191,4742.5,4560.434782608696,115.0000000000081,570.5458173050138,-0.0300474433315761,0.0086757555534369,8,1,0
Nabha,Patiala,Punjab,Green Chilli,Other,FAQ,2025-08-12,2600.0,1500.0,2200.0,2300.0,2700.0,1200.0,0.1818181818181818,0.1304347826086955,-0.037037037037037,1.1666666666666663,2366.6666666666665,2845.833333333333,588.7840577551898,720.4944960515605,0.0985915492957747,-0.0863836017569547,8,1,0
Sailana,Ratlam,Madhya Pradesh,Garlic,Garlic,FAQ,2025-08-12,4200.0,4600.0,4701.0,1800.0,2799.0,4300.0,-0.1065730695596681,1.3333333333333337,0.5005359056806002,-0.0232558139534884,4550.5,3330.9523809523807,238.4680272080437,1216.560416756536,-0.0770245028018898,0.2609006433166547,8,1,1
Anoop Shahar,Bulandshahar,Uttar Pradesh,Brinjal,Round/Long,FAQ,2025-08-12,1000.0,1000.0,1000.0,600.0,1000.0,2000.0,0.0,0.6666666666666667,0.0,-0.5,942.8571428571428,1137.9310344827586,97.59000729485368,433.7657309650061,0.0606060606060605,-0.1212121212121212,8,1,0
Budalada,Mansa,Punjab,Banana,Other,Medium,2025-08-12,2000.0,2300.0,2200.0,2300.0,2300.0,2100.0,-0.0909090909090909,-0.1304347826086956,-0.1304347826086956,-0.0476190476190476,2140.0,2159.090909090909,240.83189157584545,146.90162211523435,-0.0654205607476635,-0.0736842105263158,8,1,0
Sahiyapur,Siddharth Nagar,Uttar Pradesh,Green Chilli,Green Chilly,FAQ,2025-08-12,1890.0,2300.0,4600.0,1950.0,1980.0,1900.0,-0.5891304347826087,-0.0307692307692307,-0.0454545454545454,-0.0052631578947368,3135.0,2795.7894736842104,1261.1766992244447,1058.155186001005,-0.3971291866028708,-0.3239834337349397,8,1,0
Viswan,Sitapur,Uttar Pradesh,Banana,Besrai,Medium,2025-08-12,2775.0,2770.0,2760.0,2780.0,2705.0,2670.0,0.0054347826086955,-0.0017985611510791,0.0258780036968577,0.0393258426966292,2772.0,2734.782608695652,7.582875444053417,40.07034328610421,0.001082251082251,0.0147058823529411,8,1,0
Sahiyapur,Siddharth Nagar,Uttar Pradesh,Brinjal,Brinjal,FAQ,2025-08-12,1650.0,1750.0,1750.0,1810.0,1850.0,1575.0,-0.0571428571428571,-0.0883977900552486,-0.1081081081081081,0.0476190476190476,1760.0,1490.5,98.65765724632584,288.7992382261404,-0.0625,0.1070110701107012,8,1,1
GarhShankar (Kotfatuhi),Hoshiarpur,Punjab,Banana,Other,Large,2025-08-12,3400.0,3500.0,3500.0,3000.0,3300.0,2800.0,-0.0285714285714285,0.1333333333333333,0.0303030303030302,0.2142857142857142,3350.0,3114.285714285714,238.04761428476164,241.33329285815051,0.0149253731343284,0.0917431192660551,8,1,0
Budalada,Mansa,Punjab,Brinjal,Brinjal,FAQ,2025-08-12,1300.0,1200.0,1200.0,2800.0,1200.0,1300.0,0.0833333333333332,-0.5357142857142857,0.0833333333333332,0.0,1300.0,1809.090909090909,122.47448713915878,664.0098575390971,0.0,-0.2814070351758794,8,1,0
Bilga,Jalandhar,Punjab,Garlic,Average,FAQ,2025-08-12,7900.0,7900.0,7900.0,8900.0,9000.0,9000.0,0.0,-0.1123595505617978,-0.1222222222222222,-0.1222222222222222,8066.666666666667,8440.0,408.24829046386384,634.4496164310277,-0.0206611570247934,-0.0639810426540284,8,1,0
Kanjirappally,Kottayam,Kerala,Green Chilli,Green Chilly,FAQ,2025-08-12,9800.0,9800.0,9800.0,9800.0,11800.0,7800.0,0.0,0.0,-0.1694915254237288,0.2564102564102564,9800.0,10191.666666666666,0.0,1030.7939812998936,0.0,-0.0384300899427636,8,1,0
Muradabad,Sambhal,Uttar Pradesh,Brinjal,Round/Long,FAQ,2025-08-12,1560.0,1550.0,1530.0,1550.0,1780.0,1580.0,0.0196078431372548,0.0064516129032257,-0.1235955056179775,-0.0126582278481012,1548.0,1669.5833333333333,13.03840481040207,113.3090873467848,0.0077519379844961,-0.0656351385076116,8,1,0
Nabha,Patiala,Punjab,Brinjal,Other,FAQ,2025-08-12,1300.0,1000.0,1400.0,1500.0,2400.0,2000.0,-0.0714285714285714,-0.1333333333333333,-0.4583333333333333,-0.35,1183.3333333333333,1825.0,172.24014243684928,624.3257232372008,0.0985915492957747,-0.2876712328767123,8,1,1
Nabha,Patiala,Punjab,Garlic,Other,FAQ,2025-08-12,6600.0,3600.0,6400.0,8400.0,5000.0,7400.0,0.03125,-0.2142857142857143,0.32,-0.1081081081081081,6016.666666666667,6012.5,1442.79820718861,1090.796478047855,0.0969529085872575,0.0977130977130977,8,1,0
Bilga,Jalandhar,Punjab,Brinjal,Other,FAQ,2025-08-12,2900.0,1900.0,1400.0,1900.0,3000.0,3000.0,1.0714285714285716,0.5263157894736843,-0.0333333333333333,-0.0333333333333333,2316.6666666666665,2740.909090909091,664.580067912563,807.5000167531114,0.2517985611510791,0.0580431177446103,8,1,0
Hoshangabad(F&V),Hoshangabad,Madhya Pradesh,Green Chilli,Green Chilly,FAQ,2025-08-12,2830.0,2840.0,2820.0,2750.0,2830.0,2030.0,0.00354609929078,0.029090909090909,0.0,0.3940886699507389,2801.6666666666665,2741.3636363636365,35.44949458972112,98.72016509140173,0.010113027959548,0.0323329464433759,8,1,0
Talalagir,Gir Somnath,Gujarat,Brinjal,Other,FAQ,2025-08-12,3000.0,2000.0,2000.0,3000.0,5000.0,3000.0,0.5,0.0,-0.4,0.0,2250.0,3083.333333333333,500.0,829.7022339981063,0.3333333333333332,-0.027027027027027,8,1,1
Indore(F&V),Indore,Madhya Pradesh,Garlic,Desi,FAQ,2025-08-12,4466.0,3069.0,3000.0,2565.0,3972.0,4727.0,0.4886666666666666,0.7411306042884991,0.1243705941591137,-0.0552147239263803,3410.4,3213.818181818182,913.3637282047076,704.3284972472957,0.3095238095238095,0.3896243494003166,8,1,1
Chandoli,Chandauli,Uttar Pradesh,Brinjal,Brinjal,FAQ,2025-08-12,1780.0,1770.0,1780.0,1690.0,2050.0,1660.0,0.0,0.0532544378698225,-0.1317073170731707,0.072289156626506,1774.1666666666667,1826.7391304347825,5.845225972248604,105.4924458266203,0.0032879286049787,-0.0255861002023086,8,1,0
Attingal,Thiruvananthapuram,Kerala,Brinjal,Other,FAQ,2025-08-12,6000.0,6000.0,6000.0,6000.0,5000.0,4000.0,0.0,0.0,0.1999999999999999,0.5,5833.333333333333,5692.307692307692,408.2482904638629,617.6879969195246,0.0285714285714286,0.0540540540540539,8,1,0
Etah,Etah,Uttar Pradesh,Cabbage,Cabbage,FAQ,2025-08-12,1380.0,1385.0,1375.0,1365.0,1150.0,1020.0,0.0036363636363636,0.0109890109890109,0.1999999999999999,0.3529411764705883,1377.5,1252.7272727272727,5.244044240863059,149.1541809570547,0.0018148820326677,0.1015965166908563,8,1,0
Anchal,Kollam,Kerala,Brinjal,Brinjal,FAQ,2025-08-12,4700.0,4600.0,4600.0,5300.0,4600.0,4300.0,0.0217391304347827,-0.1132075471698113,0.0217391304347827,0.0930232558139534,4300.0,4504.166666666667,754.983443527075,638.9387714196008,0.0930232558139534,0.0434782608695651,8,1,0
Anchal,Kollam,Kerala,Cabbage,Other,FAQ,2025-08-12,5100.0,6600.0,5100.0,5600.0,5300.0,5100.0,0.0,-0.0892857142857143,-0.0377358490566037,0.0,5171.428571428572,5212.5,786.7957924694432,510.16834391251285,-0.0138121546961326,-0.0215827338129496,8,1,0
Sehore,Sehore,Madhya Pradesh,Garlic,Garlic,FAQ,2025-08-12,5800.0,2800.0,5000.0,4000.0,1500.0,3000.0,0.1599999999999999,0.4499999999999999,2.8666666666666667,0.9333333333333332,4400.0,3485.0,1296.1481396815702,1372.0039128377807,0.3181818181818181,0.6642754662840746,8,1,0
Etah,Etah,Uttar Pradesh,Brinjal,Round/Long,FAQ,2025-08-12,1280.0,1200.0,1200.0,1275.0,1450.0,1865.0,0.0666666666666666,0.0039215686274509,-0.1172413793103448,-0.3136729222520107,1233.571428571429,1466.896551724138,39.02075149995677,237.7777090398836,0.0376375217139548,-0.1274094969440526,8,1,0
Attingal,Thiruvananthapuram,Kerala,Cabbage,Other,FAQ,2025-08-12,3000.0,4000.0,3000.0,3000.0,2000.0,3000.0,0.0,0.0,0.5,0.0,3166.6666666666665,2884.6153846153848,408.24829046386304,515.9010042186833,-0.0526315789473683,0.04,8,1,0
Kanjangadu,Kasargod,Kerala,Brinjal,Brinjal,FAQ,2025-08-12,4200.0,4200.0,4200.0,4000.0,4000.0,4000.0,0.0,0.05,0.05,0.05,4133.333333333333,4225.0,103.2795558988717,330.0197622541069,0.0161290322580645,-0.0059171597633136,8,1,0
Garh Shankar(Mahalpur),Hoshiarpur,Punjab,Banana,Other,Medium,2025-08-12,1900.0,1900.0,2000.0,1900.0,1900.0,2000.0,-0.05,0.0,0.0,-0.05,1920.0,1855.0,44.7213595499958,75.91546545162528,-0.0104166666666666,0.0242587601078168,8,1,0
Kanjangadu,Kasargod,Kerala,Cabbage,Cabbage,FAQ,2025-08-12,2500.0,2500.0,2400.0,2500.0,2500.0,2400.0,0.0416666666666667,0.0,0.0,0.0416666666666667,2450.0,2533.333333333333,54.77225575051661,70.196411816305,0.0204081632653061,-0.0131578947368421,8,1,0
Viswan,Sitapur,Uttar Pradesh,Brinjal,Round/Long,FAQ,2025-08-12,1660.0,1650.0,1675.0,1675.0,1660.0,1370.0,-0.0089552238805969,-0.0089552238805969,0.0,0.2116788321167884,1663.0,1645.8695652173913,9.74679434481058,35.536542457070986,-0.0018039687312086,0.008585391625941,8,1,0
Atrauli,Aligarh,Uttar Pradesh,Brinjal,Brinjal,FAQ,2025-08-12,1150.0,1150.0,1150.0,1150.0,1250.0,1050.0,0.0,0.0,-0.0799999999999999,0.0952380952380953,1150.0,1178.0,0.0,61.37317546507209,0.0,-0.0237691001697792,8,1,0
Mannar,Alappuzha,Kerala,Green Chilli,Other,FAQ,2025-08-12,6100.0,6200.0,6100.0,6200.0,6100.0,4100.0,0.0,-0.0161290322580645,0.0,0.4878048780487805,6166.666666666667,6050.0,57.73502691896271,599.6794015266714,-0.0108108108108108,0.0082644628099173,8,1,0
Mannar,Alappuzha,Kerala,Cabbage,Other,FAQ,2025-08-12,3100.0,3100.0,3200.0,3300.0,3100.0,3200.0,-0.03125,-0.0606060606060605,0.0,-0.03125,3175.0,3175.0,95.7427107756338,143.75905768565323,-0.0236220472440944,-0.0236220472440944,8,1,0
Sangrur,Sangrur,Punjab,Brinjal,Brinjal,FAQ,2025-08-12,1200.0,1500.0,1500.0,1500.0,1800.0,1500.0,-0.1999999999999999,-0.1999999999999999,-0.3333333333333333,-0.1999999999999999,1350.0,1692.857142857143,173.20508075688772,434.0582834212399,-0.1111111111111111,-0.2911392405063291,8,1,0
Garh Shankar(Mahalpur),Hoshiarpur,Punjab,Cabbage,Cabbage,FAQ,2025-08-12,1800.0,1800.0,2100.0,1100.0,700.0,400.0,-0.1428571428571429,0.6363636363636365,1.5714285714285716,3.5,1980.0,1566.6666666666667,164.31676725154983,566.2208585049337,-0.0909090909090909,0.1489361702127658,8,1,0
Muktsar,Muktsar,Punjab,Brinjal,Round/Long,FAQ,2025-08-12,4200.0,4200.0,4800.0,4800.0,4500.0,2200.0,-0.125,-0.125,-0.0666666666666666,0.9090909090909092,4500.0,4404.166666666667,300.0,219.64233112764992,-0.0666666666666666,-0.0463576158940397,8,1,0
Kapurthala,kapurthala,Punjab,Green Chilli,Green Chilly,FAQ,2025-08-12,2000.0,2000.0,1900.0,2100.0,1100.0,1100.0,0.0526315789473683,-0.0476190476190476,0.8181818181818181,0.8181818181818181,1966.6666666666667,1487.5,51.63977794943222,455.88741300164594,0.0169491525423728,0.3445378151260505,8,1,0
Sandila,Hardoi,Uttar Pradesh,Green Chilli,Green Chilly,FAQ,2025-08-12,4570.0,4570.0,4550.0,4480.0,4250.0,2160.0,0.0043956043956043,0.0200892857142858,0.0752941176470587,1.115740740740741,4555.0,4237.083333333333,12.24744871412026,353.31325141183186,0.0032930845225027,0.0785721309863309,8,1,0
Kanjirappally,Kottayam,Kerala,Brinjal,Brinjal,FAQ,2025-08-12,5800.0,5800.0,5800.0,5800.0,5800.0,5800.0,0.0,0.0,0.0,0.0,5800.0,5800.0,0.0,0.0,0.0,0.0,8,1,0
Mannar,Alappuzha,Kerala,Brinjal,Other,FAQ,2025-08-12,4100.0,4100.0,4200.0,4300.0,4100.0,3200.0,-0.0238095238095238,-0.0465116279069767,0.0,0.28125,4175.0,4164.705882352941,95.74271077563402,199.81609191512615,-0.0179640718562874,-0.0155367231638419,8,1,0
Muktsar,Muktsar,Punjab,Cabbage,Cabbage,FAQ,2025-08-12,2000.0,1800.0,1800.0,1800.0,1200.0,1200.0,0.1111111111111111,0.1111111111111111,0.6666666666666667,0.6666666666666667,1840.0,1691.304347826087,89.44271909999159,185.6512945337477,0.0869565217391303,0.1825192802056554,8,1,0
Shahganj,Jaunpur,Uttar Pradesh,Banana,Other,Medium,2025-08-12,2900.0,2850.0,2800.0,2820.0,2850.0,3000.0,0.0357142857142858,0.0283687943262411,0.0175438596491228,-0.0333333333333333,2824.0,2836.190476190476,51.28352561983227,33.537470160435404,0.0269121813031161,0.0224983210208193,8,1,0
Muktsar,Muktsar,Punjab,Green Chilli,Green Chilly,FAQ,2025-08-12,3500.0,3500.0,3800.0,3800.0,3800.0,1900.0,-0.0789473684210526,-0.0789473684210526,-0.0789473684210526,0.8421052631578947,3680.0,3580.0,164.3167672515498,191.48542155126088,-0.0489130434782608,-0.0223463687150837,8,1,0
Garh Shankar(Mahalpur),Hoshiarpur,Punjab,Garlic,Other,FAQ,2025-08-12,7000.0,7000.0,7000.0,7000.0,7000.0,5200.0,0.0,0.0,0.0,0.3461538461538462,7000.0,6800.0,0.0,636.6028258614157,0.0,0.0294117647058822,8,1,0
Sandila,Hardoi,Uttar Pradesh,Garlic,Garlic,FAQ,2025-08-12,6250.0,6250.0,6250.0,6270.0,6240.0,6240.0,0.0,-0.0031897926634768,0.001602564102564,0.001602564102564,6250.0,6240.384615384615,2.089395742436089e-06,26.60537828982743,0.0,0.0015408320493066,8,1,0
Moth,Jhansi,Uttar Pradesh,Banana,Banana - Ripe,Medium,2025-08-12,2370.0,2400.0,2350.0,2340.0,2350.0,2370.0,0.0085106382978723,0.0128205128205127,0.0085106382978723,0.0,2358.0,2388.5714285714284,37.01351104664347,51.89274653414493,0.0050890585241729,-0.0077751196172248,8,1,0
Muktsar,Muktsar,Punjab,Garlic,Garlic,FAQ,2025-08-12,8200.0,8500.0,8500.0,8500.0,8000.0,4800.0,-0.0352941176470588,-0.0352941176470588,0.0249999999999999,0.7083333333333333,8400.0,8185.714285714285,173.20508075688772,283.34733858939825,-0.0238095238095238,0.0017452006980802,8,1,0
Sangrur,Sangrur,Punjab,Cabbage,Cabbage,FAQ,2025-08-12,1500.0,1700.0,1200.0,1100.0,1200.0,400.0,0.25,0.3636363636363635,0.25,2.75,1566.6666666666667,1215.3846153846157,115.47005383792504,273.3927390103652,-0.0425531914893617,0.2341772151898733,8,1,0
Etah,Etah,Uttar Pradesh,Banana,Banana - Ripe,Medium,2025-08-12,2750.0,2770.0,2755.0,2725.0,2700.0,2600.0,-0.0018148820326678,0.0091743119266054,0.0185185185185186,0.0576923076923077,2751.1666666666665,2711.346153846154,12.172373091018835,37.48380162970997,-0.0004240625189313,0.0142563302361868,8,1,0
Kanjangadu,Kasargod,Kerala,Green Chilli,Green Chilly,FAQ,2025-08-12,6000.0,6000.0,6000.0,7000.0,6800.0,4400.0,0.0,-0.1428571428571429,-0.1176470588235294,0.3636363636363635,6000.0,6725.0,0.0,432.6360052555255,0.0,-0.1078066914498141,8,1,0
Shahabad(New Mandi),Hardoi,Uttar Pradesh,Banana,Banana - Ripe,Medium,2025-08-12,2780.0,2780.0,2750.0,2750.0,2725.0,2750.0,0.0109090909090909,0.0109090909090909,0.0201834862385321,0.0109090909090909,2760.0,2753.5,15.491933384829668,18.36042655163379,0.0072463768115942,0.0096241147630289,8,1,0
Garh Shankar(Mahalpur),Hoshiarpur,Punjab,Brinjal,Other,FAQ,2025-08-12,1400.0,1300.0,2000.0,2000.0,3200.0,1700.0,-0.3,-0.3,-0.5625,-0.1764705882352941,1700.0,2431.5789473684213,324.037034920393,652.3910139538386,-0.1764705882352941,-0.4242424242424243,8,1,0
Etah,Etah,Uttar Pradesh,Garlic,Garlic,FAQ,2025-08-12,6050.0,6110.0,6100.0,6100.0,6130.0,6170.0,-0.0081967213114754,-0.0081967213114754,-0.0130505709624796,-0.019448946515397,6115.714285714285,6111.041666666667,62.411842588070506,46.857303421011366,-0.010745153001635,-0.0099887498721576,8,1,0
Sangrur,Sangrur,Punjab,Green Chilli,Green Chilly,FAQ,2025-08-12,2500.0,2200.0,2000.0,3000.0,1800.0,2500.0,0.25,-0.1666666666666666,0.3888888888888888,0.0,2175.0,2346.153846153846,236.2907813126304,395.0008114240285,0.1494252873563217,0.0655737704918033,8,1,1
Mhow(F&V),Indore,Madhya Pradesh,Green Chilli,Green Chilly,FAQ,2025-08-12,5000.0,5000.0,5000.0,5000.0,4000.0,5000.0,0.0,0.0,0.25,0.0,5000.0,4730.769230769231,0.0,666.7948594698264,0.0,0.056910569105691,8,1,1
Chala,Thiruvananthapuram,Kerala,Green Chilli,Other,FAQ,2025-08-12,6000.0,7400.0,7300.0,7900.0,4500.0,3500.0,-0.1780821917808219,-0.240506329113924,0.3333333333333332,0.7142857142857142,7025.0,7281.818181818182,684.9574196011507,630.5841447708153,-0.1459074733096085,-0.1760299625468164,8,1,0
Tarantaran,Tarntaran,Punjab,Brinjal,Other,FAQ,2025-08-12,2500.0,2600.0,2600.0,2500.0,2800.0,2000.0,-0.0384615384615384,0.0,-0.1071428571428571,0.25,2471.428571428572,2603.703703703704,319.97023671109207,220.979430789177,0.0115606936416183,-0.0398293029871977,8,1,0
Kallachi,Kozhikode(Calicut),Kerala,Green Chilli,Green Chilly,FAQ,2025-08-12,6000.0,6000.0,6000.0,6500.0,7500.0,4500.0,0.0,-0.0769230769230768,-0.1999999999999999,0.3333333333333332,6250.0,6869.565217391304,418.3300132670377,526.9421070570604,-0.04,-0.1265822784810126,8,1,0
Dinanagar,Gurdaspur,Punjab,Green Chilli,Green Chilly,FAQ,2025-08-12,3200.0,3400.0,3200.0,3200.0,5200.0,3200.0,0.0,0.0,-0.3846153846153846,0.0,3240.0,4120.454545454545,89.44271909999094,802.4752022439309,-0.0123456790123457,-0.2233866519580805,8,1,1
Najibabad,Bijnor,Uttar Pradesh,Brinjal,Brinjal,FAQ,2025-08-12,700.0,800.0,600.0,600.0,500.0,700.0,0.1666666666666667,0.1666666666666667,0.3999999999999999,0.0,660.0,640.0,89.44271909999159,69.9205898780159,0.0606060606060605,0.09375,8,1,0
Bhulath,kapurthala,Punjab,Brinjal,Round/Long,FAQ,2025-08-12,1765.0,1365.0,1540.0,3675.0,2765.0,1145.0,0.146103896103896,-0.5197278911564626,-0.3616636528028932,0.5414847161572052,1590.0,2240.833333333333,155.26858450225814,758.9626351864729,0.110062893081761,-0.2123465972480476,8,1,0
Chala,Thiruvananthapuram,Kerala,Brinjal,Other,FAQ,2025-08-12,3800.0,3400.0,3300.0,3500.0,3500.0,2800.0,0.1515151515151516,0.0857142857142856,0.0857142857142856,0.3571428571428572,3450.0,3527.2727272727275,238.04761428476164,322.7720839567992,0.1014492753623188,0.0773195876288659,8,1,0
Badwah(F&V),Khandwa,Madhya Pradesh,Brinjal,Other,FAQ,2025-08-12,1000.0,1100.0,1200.0,1800.0,2100.0,2200.0,-0.1666666666666666,-0.4444444444444444,-0.5238095238095238,-0.5454545454545454,1471.428571428571,1920.8333333333333,576.524893114732,529.9541954502885,-0.3203883495145631,-0.4793926247288503,8,1,0
Rudauli,Ayodhya,Uttar Pradesh,Brinjal,Round/Long,FAQ,2025-08-12,1750.0,1750.0,1850.0,1850.0,1800.0,1395.0,-0.054054054054054,-0.054054054054054,-0.0277777777777777,0.2544802867383513,1821.4285714285716,1790.0,48.79500364742671,65.52951737239329,-0.0392156862745097,-0.0223463687150837,8,1,0
Mhow(F&V),Indore,Madhya Pradesh,Cabbage,Cabbage,FAQ,2025-08-12,1500.0,1500.0,1500.0,1500.0,1500.0,1500.0,0.0,0.0,0.0,0.0,1500.0,1540.0,0.0,199.99999999999963,0.0,-0.0259740259740259,8,1,0
Kallachi,Kozhikode(Calicut),Kerala,Brinjal,Brinjal,FAQ,2025-08-12,3500.0,3500.0,4000.0,3600.0,3000.0,3000.0,-0.125,-0.0277777777777777,0.1666666666666667,0.1666666666666667,3833.3333333333335,3373.913043478261,258.1988897471611,409.2314207526384,-0.0869565217391304,0.0373711340206184,8,1,0
Aralamoodu,Thiruvananthapuram,Kerala,Cabbage,Cabbage,FAQ,2025-08-12,4000.0,5000.0,4000.0,4000.0,4000.0,4000.0,0.0,0.0,0.0,0.0,4200.0,4076.923076923077,447.21359549995793,416.948622549773,-0.0476190476190476,-0.0188679245283018,8,1,0
Badwah(F&V),Khandwa,Madhya Pradesh,Cabbage,Cabbage,FAQ,2025-08-12,1000.0,1500.0,1300.0,1700.0,1800.0,2400.0,-0.2307692307692307,-0.4117647058823529,-0.4444444444444444,-0.5833333333333333,1457.142857142857,1779.1666666666667,299.2052966172383,329.6627613666492,-0.3137254901960784,-0.4379391100702576,8,1,0
Dudhi,Sonbhadra,Uttar Pradesh,Brinjal,Brinjal,FAQ,2025-08-12,1400.0,1300.0,1400.0,1300.0,1600.0,1600.0,0.0,0.0769230769230768,-0.125,-0.125,1383.3333333333333,1476.0,40.82482904637917,109.0871211463556,0.0120481927710844,-0.051490514905149,8,1,0
Garbeta(Medinipur),Medinipur(W),West Bengal,Brinjal,Brinjal,FAQ,2025-08-12,5300.0,5200.0,5200.0,5300.0,6000.0,6000.0,0.0192307692307691,0.0,-0.1166666666666667,-0.1166666666666667,5214.285714285715,5565.517241379311,106.9044967649766,402.026884379074,0.0164383561643834,-0.0477075588599752,8,1,0
Alwar (F&V),Alwar,Rajasthan,Cabbage,Other,FAQ,2025-08-12,1900.0,1900.0,1900.0,1900.0,1700.0,1500.0,0.0,0.0,0.1176470588235294,0.2666666666666666,1900.0,1904.5454545454545,0.0,155.76928215816025,0.0,-0.0023866348448686,8,1,0
Aralamoodu,Thiruvananthapuram,Kerala,Brinjal,Brinjal,FAQ,2025-08-12,6000.0,6000.0,5000.0,5000.0,5000.0,4000.0,0.1999999999999999,0.1999999999999999,0.1999999999999999,0.5,5400.0,4826.923076923077,547.7225575051662,564.6646383882666,0.1111111111111111,0.2430278884462151,8,1,1
Sagar(F&V),Sagar,Madhya Pradesh,Banana,Other,Medium,2025-08-12,3000.0,1100.0,1100.0,1100.0,1100.0,1100.0,1.727272727272727,1.727272727272727,1.727272727272727,1.727272727272727,1500.0,1260.0,839.6427811873333,488.1451774684599,1.0,1.380952380952381,8,1,1
Aralamoodu,Thiruvananthapuram,Kerala,Green Chilli,Green Chilly,FAQ,2025-08-12,10000.0,10000.0,10000.0,10000.0,10000.0,7000.0,0.0,0.0,0.0,0.4285714285714286,10000.0,9615.384615384615,0.0,803.8369524685232,0.0,0.04,8,1,0
Mhow(F&V),Indore,Madhya Pradesh,Brinjal,Brinjal,FAQ,2025-08-12,2500.0,2500.0,2500.0,2500.0,2500.0,2000.0,0.0,0.0,0.0,0.25,2500.0,2456.521739130435,0.0,144.0520327600099,0.0,0.0176991150442478,8,1,0
Chala,Thiruvananthapuram,Kerala,Green Chilli,Green Chilly,FAQ,2025-08-12,23000.0,23000.0,23000.0,43000.0,7000.0,15000.0,0.0,-0.4651162790697675,2.2857142857142856,0.5333333333333334,23000.0,28545.454545454544,0.0,9392.695421056029,0.0,-0.1942675159235668,8,1,0
Hoshangabad(F&V),Hoshangabad,Madhya Pradesh,Brinjal,Brinjal,FAQ,2025-08-12,970.0,990.0,1000.0,1040.0,1130.0,960.0,-0.03,-0.0673076923076922,-0.1415929203539823,0.0104166666666667,998.3333333333334,1089.5454545454545,17.22401424368553,91.7801344169469,-0.028380634390651,-0.1097204839382561,8,1,0
Badwah(F&V),Khandwa,Madhya Pradesh,Garlic,Average,FAQ,2025-08-12,6100.0,6000.0,5800.0,6500.0,6000.0,7500.0,0.0517241379310344,-0.0615384615384615,0.0166666666666666,-0.1866666666666666,5357.142857142857,5879.166666666667,1660.1778447475062,941.3122970511456,0.1386666666666667,0.0375620127569098,8,1,1
Badwah(F&V),Khandwa,Madhya Pradesh,Green Chilli,Green Chilly,FAQ,2025-08-12,3100.0,3000.0,2800.0,4500.0,4200.0,3000.0,0.1071428571428572,-0.3111111111111111,-0.2619047619047618,0.0333333333333334,3071.428571428572,4583.333333333333,335.23268393901907,1243.6505404118432,0.0093023255813953,-0.3236363636363636,8,1,0
Malout,Muktsar,Punjab,Green Chilli,Green Chilly,FAQ,2025-08-12,2500.0,2800.0,3200.0,2500.0,1400.0,1600.0,-0.21875,0.0,0.7857142857142858,0.5625,2860.0,2316.0,260.7680962081059,587.8491870085961,-0.1258741258741258,0.0794473229706389,8,1,0
Bhulath,kapurthala,Punjab,Green Chilli,Green Chilly,FAQ,2025-08-12,2980.0,2565.0,2760.0,3660.0,3435.0,1675.0,0.0797101449275361,-0.1857923497267759,-0.1324599708879185,0.7791044776119402,2705.714285714286,2756.851851851852,218.7736381786063,858.6451180472866,0.1013727560718056,0.0809431047222408,8,1,0
Bhopal(F&V),Bhopal,Madhya Pradesh,Garlic,Other,FAQ,2025-08-12,5050.0,4750.0,5000.0,5250.0,4850.0,5250.0,0.01,-0.038095238095238,0.0412371134020619,-0.038095238095238,4030.0,4614.0,1976.929437283992,931.5667805727436,0.2531017369727046,0.094495015171218,8,1,0
Viswan,Sitapur,Uttar Pradesh,Green Chilli,Green Chilly,FAQ,2025-08-12,4560.0,4550.0,4480.0,4425.0,4030.0,2100.0,0.0178571428571427,0.0305084745762711,0.1315136476426799,1.1714285714285713,4516.0,4058.2608695652175,40.373258476374346,477.913573148128,0.0097431355181576,0.1236340261409898,8,1,0
Bhopal(F&V),Bhopal,Madhya Pradesh,Brinjal,Other,FAQ,2025-08-12,800.0,800.0,1000.0,800.0,800.0,1200.0,-0.1999999999999999,0.0,0.0,-0.3333333333333333,900.0,873.0769230769231,109.5445115010332,121.8447940872069,-0.1111111111111111,-0.0837004405286343,8,1,0
Chala,Thiruvananthapuram,Kerala,Brinjal,Round/Long,FAQ,2025-08-12,4300.0,4500.0,4500.0,3500.0,5800.0,3400.0,-0.0444444444444444,0.2285714285714286,-0.2586206896551724,0.2647058823529411,4450.0,4081.818181818182,100.0,466.5151269105487,-0.0337078651685393,0.0534521158129175,8,1,0
Alwar (F&V),Alwar,Rajasthan,Banana,Other,Large,2025-08-12,3000.0,3800.0,3800.0,3400.0,3800.0,3600.0,-0.2105263157894736,-0.1176470588235294,-0.2105263157894736,-0.1666666666666666,3600.0,3742.857142857143,400.0,222.64642052237392,-0.1666666666666666,-0.1984732824427481,8,1,0
Kallachi,Kozhikode(Calicut),Kerala,Cabbage,Cabbage,FAQ,2025-08-12,2500.0,2500.0,2500.0,2500.0,2800.0,2500.0,0.0,0.0,-0.1071428571428571,0.0,2500.0,2630.4347826086955,0.0,152.06094056090998,0.0,-0.049586776859504,8,1,0
Badwani(F&V),Badwani,Madhya Pradesh,Brinjal,Brinjal,FAQ,2025-08-12,900.0,1000.0,1500.0,1200.0,1200.0,1500.0,-0.4,-0.25,-0.25,-0.4,1140.0,1104.7619047619048,250.9980079602228,153.21941938341465,-0.2105263157894736,-0.1853448275862069,8,1,0
Baghapurana,Moga,Punjab,Banana,Amruthapani,Large,2025-08-12,3000.0,2500.0,2500.0,2500.0,2500.0,2500.0,0.1999999999999999,0.1999999999999999,0.1999999999999999,0.1999999999999999,2583.333333333333,2529.4117647058824,204.12414523193144,121.26781251816648,0.161290322580645,0.1860465116279068,8,1,1
Shujalpur(F&V),Shajapur,Madhya Pradesh,Garlic,Garlic,FAQ,2025-08-12,4200.0,3800.0,4400.0,4200.0,4800.0,5100.0,-0.0454545454545454,0.0,-0.125,-0.1764705882352941,4225.0,4168.421052631579,309.569593683445,852.4817571062592,-0.0059171597633136,0.0075757575757575,8,1,0
Nadiyad(Piplag),Kheda,Gujarat,Brinjal,Brinjal,FAQ,2025-08-12,1350.0,1250.0,1650.0,1450.0,1100.0,1250.0,-0.1818181818181817,-0.0689655172413793,0.2272727272727273,0.08,1470.0,1412.0,178.88543819998318,207.30412441627695,-0.0816326530612244,-0.0439093484419264,8,1,0
Tarantaran,Tarntaran,Punjab,Green Chilli,Other,FAQ,2025-08-12,3500.0,3200.0,3500.0,3200.0,4000.0,2600.0,0.0,0.09375,-0.125,0.3461538461538462,3285.714285714286,3244.4444444444443,146.38501094227945,251.6611478423644,0.0652173913043479,0.0787671232876712,8,1,0
Badnawar(F&V),Dhar,Madhya Pradesh,Garlic,Garlic,FAQ,2025-08-12,2000.0,3200.0,1800.0,3000.0,2000.0,3000.0,0.1111111111111111,-0.3333333333333333,0.0,-0.3333333333333333,2250.0,2547.3809523809523,640.312423743295,586.8935573160146,-0.1111111111111111,-0.2148798953173193,8,1,0
Manawar(F&V),Dhar,Madhya Pradesh,Cabbage,Cabbage,FAQ,2025-08-12,900.0,900.0,1000.0,900.0,900.0,1100.0,-0.0999999999999999,0.0,0.0,-0.1818181818181817,920.0,1020.0,44.7213595499958,160.91841672756163,-0.0217391304347825,-0.1176470588235294,8,1,0
Budalada,Mansa,Punjab,Green Chilli,Green Chilly,FAQ,2025-08-12,3000.0,3500.0,3200.0,3700.0,3400.0,2600.0,-0.0625,-0.1891891891891891,-0.1176470588235294,0.1538461538461537,3240.0,3409.5238095238096,250.9980079602256,256.7192277659853,-0.074074074074074,-0.1201117318435754,8,1,0
Hoshangabad(F&V),Hoshangabad,Madhya Pradesh,Cabbage,Cabbage,FAQ,2025-08-12,810.0,800.0,820.0,830.0,900.0,870.0,-0.0121951219512195,-0.0240963855421686,-0.0999999999999999,-0.0689655172413793,815.0,868.6363636363636,15.165750888103108,52.12580519377662,-0.0061349693251533,-0.0675039246467817,8,1,0
Chala,Thiruvananthapuram,Kerala,Cabbage,Other,FAQ,2025-08-12,2500.0,3000.0,3100.0,4200.0,2800.0,2500.0,-0.1935483870967742,-0.4047619047619047,-0.1071428571428571,0.0,2975.0,3436.3636363636365,340.34296427770227,520.1398413364002,-0.1596638655462184,-0.2724867724867725,8,1,0
Garbeta(Medinipur),Medinipur(W),West Bengal,Green Chilli,Green Chilly,FAQ,2025-08-12,10000.0,7800.0,7800.0,7600.0,7600.0,7000.0,0.2820512820512821,0.3157894736842106,0.3157894736842106,0.4285714285714286,8085.714285714285,8442.857142857143,847.4050024015834,1195.1843407882805,0.2367491166077739,0.1844331641285956,8,1,0
Sikanderabad,Bulandshahar,Uttar Pradesh,Banana,Banana - Ripe,Medium,2025-08-12,1900.0,1650.0,2000.0,1650.0,1800.0,1100.0,-0.05,0.1515151515151516,0.0555555555555555,0.7272727272727273,1800.0,1729.1666666666667,177.95130420052186,135.61029280682013,0.0555555555555555,0.0987951807228915,8,1,0
Majitha,Amritsar,Punjab,Brinjal,Brinjal,FAQ,2025-08-12,1000.0,1000.0,1000.0,800.0,600.0,500.0,0.0,0.25,0.6666666666666667,1.0,1000.0,850.0,0.0,150.48939771136455,0.0,0.1764705882352941,8,1,0
Alwar (F&V),Alwar,Rajasthan,Brinjal,Other,FAQ,2025-08-12,2600.0,2700.0,2700.0,2800.0,3000.0,1700.0,-0.037037037037037,-0.0714285714285714,-0.1333333333333333,0.5294117647058822,2683.333333333333,2604.1666666666665,40.82482904638634,513.7070444681807,-0.031055900621118,-0.0015999999999999,8,1,0
Nadiyad(Piplag),Kheda,Gujarat,Cabbage,Cabbage,FAQ,2025-08-12,1550.0,1350.0,1400.0,1400.0,1450.0,1350.0,0.1071428571428572,0.1071428571428572,0.0689655172413792,0.1481481481481481,1450.0,1416.6666666666667,91.2870929175267,167.89403145169285,0.0689655172413792,0.0941176470588234,8,1,1
Khanpur,Jhalawar,Rajasthan,Garlic,Average,FAQ,2025-08-12,5810.0,5870.0,5230.0,4750.0,4780.0,4990.0,0.1108986615678775,0.223157894736842,0.215481171548117,0.1643286573146292,5510.0,5037.826086956522,504.975246918104,508.7905134348192,0.0544464609800363,0.1532752222318114,8,1,0
Alwar (F&V),Alwar,Rajasthan,Green Chilli,Green Chilly,FAQ,2025-08-12,4500.0,6300.0,4500.0,4600.0,4200.0,2700.0,0.0,-0.0217391304347825,0.0714285714285714,0.6666666666666667,4800.0,4878.260869565217,734.8469228349536,588.493084642411,-0.0625,-0.0775401069518716,8,1,0
Bhopal(F&V),Bhopal,Madhya Pradesh,Green Chilli,Other,FAQ,2025-08-12,4000.0,4000.0,4000.0,4000.0,5000.0,2000.0,0.0,0.0,-0.1999999999999999,1.0,4166.666666666667,4769.2307692307695,408.2482904638632,587.0395085642723,-0.04,-0.1612903225806452,8,1,1
Tarantaran,Tarntaran,Punjab,Garlic,Average,FAQ,2025-08-12,4500.0,4500.0,4500.0,4500.0,4500.0,6500.0,0.0,0.0,0.0,-0.3076923076923077,4771.428571428572,4920.833333333333,345.03277967117805,498.6757826803732,-0.0568862275449102,-0.0855207451312446,8,1,0
Dinanagar,Gurdaspur,Punjab,Banana,Medium,Medium,2025-08-12,4000.0,3600.0,3600.0,3600.0,3400.0,3500.0,0.1111111111111111,0.1111111111111111,0.1764705882352941,0.1428571428571428,3716.6666666666665,3569.5652173913045,147.19601443879742,145.96008983996043,0.0762331838565022,0.1205846528623628,8,1,0
Achalda,Auraiya,Uttar Pradesh,Cabbage,Cabbage,FAQ,2025-08-13,2150.0,2140.0,2140.0,2150.0,2100.0,1520.0,0.0046728971962617,0.0,0.0238095238095237,0.4144736842105263,2138.333333333333,2032.3076923076924,19.407902170679467,150.15479192640785,0.0054559625876851,0.0579106737320211,8,2,0
Patran,Patiala,Punjab,Banana,Amruthapani,Medium,2025-08-13,2500.0,2680.0,2700.0,3000.0,2500.0,2500.0,-0.074074074074074,-0.1666666666666666,0.0,0.0,2663.333333333333,2671.875,80.41558721209883,156.7681408960346,-0.0613266583229037,-0.064327485380117,8,2,0
Moynaguri,Jalpaiguri,West Bengal,Brinjal,Round/Long,FAQ,2025-08-13,3800.0,3300.0,3300.0,3200.0,3300.0,3800.0,0.1515151515151516,0.1875,0.1515151515151516,0.0,3350.0,3255.769230769231,242.8991560298224,172.23642069952626,0.1343283582089551,0.1671588895451861,8,2,0
Khanna,Ludhiana,Punjab,Brinjal,Other,FAQ,2025-08-13,1500.0,1500.0,1500.0,1500.0,1800.0,1200.0,0.0,0.0,-0.1666666666666666,0.25,1516.6666666666667,1673.9130434782608,40.82482904638631,207.18325508054588,-0.010989010989011,-0.1038961038961038,8,2,0
vadakarapathy,Palakad,Kerala,Green Chilli,Green Chilly,FAQ,2025-08-13,5400.0,4400.0,5900.0,9900.0,5900.0,4400.0,-0.0847457627118644,-0.4545454545454546,-0.0847457627118644,0.2272727272727273,5200.0,6331.818181818182,570.087712549569,1635.1456506077104,0.0384615384615385,-0.1471643933955492,8,2,0
Mehsana(Mehsana Veg),Mehsana,Gujarat,Cabbage,Cabbage,FAQ,2025-08-13,1800.0,1700.0,1500.0,1600.0,1900.0,1700.0,0.1999999999999999,0.125,-0.0526315789473684,0.0588235294117647,1640.0,1772.9166666666667,114.01754250991382,149.622108534526,0.0975609756097561,0.0152761457109282,8,2,0
Mathura,Mathura,Uttar Pradesh,Garlic,Desi,FAQ,2025-08-13,5500.0,5600.0,5700.0,5500.0,5600.0,6200.0,-0.0350877192982456,0.0,-0.0178571428571429,-0.1129032258064516,5616.666666666667,5767.6,75.27726527203983,309.4252736936428,-0.0207715133531157,-0.0463971149178168,8,2,0
Moynaguri,Jalpaiguri,West Bengal,Brinjal,Other,FAQ,2025-08-13,2300.0,1900.0,1900.0,1850.0,2300.0,2900.0,0.2105263157894736,0.2432432432432432,0.0,-0.2068965517241379,1958.3333333333333,2073.076923076923,171.51287609583616,206.99312511809464,0.1744680851063831,0.1094619666048237,8,2,0
Ahirora,Mirzapur,Uttar Pradesh,Green Chilli,Green Chilly,FAQ,2025-08-13,3900.0,3900.0,4100.0,3100.0,3900.0,1100.0,-0.048780487804878,0.2580645161290322,0.0,2.5454545454545454,4000.0,3820.0,100.00000000000094,336.5459224158518,-0.025,0.0209424083769633,8,2,0
Hoshiarpur(Sham Churasi),Hoshiarpur,Punjab,Brinjal,Brinjal,FAQ,2025-08-13,4000.0,3500.0,2600.0,3500.0,3500.0,4200.0,0.5384615384615385,0.1428571428571428,0.1428571428571428,-0.0476190476190476,3428.5714285714284,3400.0,492.322000707822,576.0366149978477,0.1666666666666667,0.1764705882352941,8,2,0
Koduvayoor,Palakad,Kerala,Garlic,Other,FAQ,2025-08-13,14200.0,11700.0,12200.0,12200.0,13200.0,13700.0,0.1639344262295081,0.1639344262295081,0.0757575757575756,0.0364963503649635,12200.0,12643.333333333334,957.4271077566387,1210.7801227918644,0.1639344262295081,0.1231215396783547,8,2,0
Pukharayan,Kanpur Dehat,Uttar Pradesh,Brinjal,Brinjal,FAQ,2025-08-13,1680.0,1720.0,1650.0,1650.0,1675.0,1670.0,0.018181818181818,0.018181818181818,0.0029850746268655,0.0059880239520957,1670.0,1666.5384615384614,26.83281572999748,17.65045216238596,0.0059880239520957,0.0080775444264944,8,2,0
Khambhat(Veg Yard Khambhat),Anand,Gujarat,Green Chilli,Other,FAQ,2025-08-13,4400.0,4000.0,5500.0,4000.0,7000.0,5500.0,-0.1999999999999999,0.1,-0.3714285714285714,-0.1999999999999999,4550.0,6108.333333333333,781.6648898345119,1597.529796052445,-0.0329670329670329,-0.2796725784447476,8,2,0
Petlawad(F&V),Jhabua,Madhya Pradesh,Cabbage,Cabbage,FAQ,2025-08-13,1450.0,1371.0,1339.0,1537.0,1425.0,1261.0,0.0828976848394325,-0.0566037735849056,0.0175438596491228,0.1498810467882632,1317.2857142857142,1376.321428571429,95.54879082735978,158.39754337119842,0.1007482919423057,0.0535329683161636,8,2,0
Hardoi,Hardoi,Uttar Pradesh,Garlic,Average,FAQ,2025-08-13,6250.0,6255.0,6250.0,6260.0,6265.0,6235.0,0.0,-0.0015974440894568,-0.0023942537909018,0.0024057738572573,6253.333333333333,6241.8,4.082482904692959,28.09507667866258,-0.0005330490405116,0.0013137236053701,8,2,0
Shahaswan,Badaun,Uttar Pradesh,Banana,Amruthapani,Medium,2025-08-13,2200.0,2100.0,2050.0,2200.0,2200.0,2100.0,0.0731707317073171,0.0,0.0,0.0476190476190476,2128.5714285714284,2150.0,69.86381310057735,64.3267520902722,0.0335570469798658,0.0232558139534884,8,2,0
Sheoraphuly,Hooghly,West Bengal,Garlic,Other,FAQ,2025-08-13,8500.0,9500.0,10000.0,7500.0,8500.0,10000.0,-0.15,0.1333333333333333,0.0,-0.15,9000.0,8850.0,645.497224367977,658.4988152269494,-0.0555555555555555,-0.03954802259887,8,2,0
Pukharayan,Kanpur Dehat,Uttar Pradesh,Banana,Banana - Ripe,Medium,2025-08-13,2850.0,2840.0,2850.0,2840.0,2830.0,2855.0,0.0,0.0035211267605634,0.0070671378091873,-0.0017513134851138,2846.6666666666665,2844.2,5.1639777949438415,14.908051515884644,0.0011709601873537,0.0020392377469939,8,2,0
Dhanaura,Amroha,Uttar Pradesh,Banana,Medium,Medium,2025-08-13,1500.0,1200.0,1200.0,1500.0,1500.0,1200.0,0.25,0.0,0.0,0.25,1400.0,1382.3529411764705,173.2050807568877,215.74085762103348,0.0714285714285714,0.0851063829787235,8,2,1
Patiala,Patiala,Punjab,Brinjal,Brinjal,FAQ,2025-08-13,900.0,900.0,3000.0,3000.0,3000.0,1700.0,-0.7,-0.7,-0.7,-0.4705882352941176,900.0,2580.0,0.0,869.4826047713664,0.0,-0.6511627906976745,8,2,0
Dadri,Gautam Budh Nagar,Uttar Pradesh,Garlic,Garlic,FAQ,2025-08-13,6400.0,6400.0,6350.0,6300.0,6310.0,6250.0,0.0078740157480314,0.0158730158730158,0.0142630744849445,0.024,6363.333333333333,6331.739130434783,38.29708431029056,31.71638147543104,0.0057621791513882,0.0107807457254684,8,2,0
Angamaly,Ernakulam,Kerala,Garlic,Average,FAQ,2025-08-13,12000.0,13000.0,13000.0,12000.0,14000.0,14000.0,-0.0769230769230768,0.0,-0.1428571428571429,-0.1428571428571429,12600.0,13181.818181818182,547.7225575051677,795.0060578603361,-0.0476190476190476,-0.089655172413793,8,2,0
Kothamangalam,Ernakulam,Kerala,Cabbage,Other,FAQ,2025-08-13,2500.0,2500.0,2500.0,3000.0,3500.0,3500.0,0.0,-0.1666666666666666,-0.2857142857142857,-0.2857142857142857,2500.0,3136.3636363636365,0.0,441.3674147523747,0.0,-0.2028985507246377,8,2,0
Pratapgarh,Pratapgarh,Uttar Pradesh,Green Chilli,Green Chilly,FAQ,2025-08-13,4900.0,4800.0,4550.0,4500.0,4400.0,2800.0,0.0769230769230768,0.0888888888888888,0.1136363636363635,0.75,4630.0,4467.931034482759,161.14175953703108,139.08834064177913,0.0583153347732181,0.0967044840626687,8,2,0
Shahaswan,Badaun,Uttar Pradesh,Brinjal,Brinjal,FAQ,2025-08-13,1000.0,1000.0,950.0,1000.0,1000.0,1100.0,0.0526315789473683,0.0,0.0,-0.0909090909090909,964.2857142857144,998.1481481481482,55.63486402641868,50.917507721737664,0.0370370370370369,0.0018552875695732,8,2,0
Sriganganagar (F&V),Ganganagar,Rajasthan,Banana,Other,Medium,2025-08-13,2900.0,3000.0,3000.0,3200.0,3200.0,2900.0,-0.0333333333333333,-0.09375,-0.09375,0.0,3016.6666666666665,3091.304347826087,75.27726527090809,99.60395884000478,-0.0386740331491711,-0.0618846694796062,8,2,0
Kanpur(Grain),Kanpur,Uttar Pradesh,Garlic,Desi,FAQ,2025-08-13,6260.0,6250.0,6150.0,6250.0,6300.0,6680.0,0.0178861788617885,0.0016,-0.0063492063492063,-0.0628742514970059,6201.666666666667,6278.076923076923,47.08148963941086,99.84064225678608,0.0094060736361192,-0.0028793726643385,8,2,0
Deesa(Deesa Veg Yard),Banaskanth,Gujarat,Green Chilli,Other,FAQ,2025-08-13,5625.0,5600.0,5600.0,6125.0,6125.0,3375.0,0.0044642857142858,-0.0816326530612244,-0.0816326530612244,0.6666666666666667,5605.0,5848.863636363636,20.916500663327223,555.9460658539729,0.0035682426404994,-0.0382747231396929,8,2,1
Kothamangalam,Ernakulam,Kerala,Green Chilli,Other,FAQ,2025-08-13,5000.0,5000.0,6000.0,5000.0,5000.0,5500.0,-0.1666666666666666,0.0,0.0,-0.0909090909090909,5500.0,5090.909090909091,577.3502691896258,478.99606411454863,-0.0909090909090909,-0.0178571428571429,8,2,0
Barabanki,Barabanki,Uttar Pradesh,Banana,Banana - Ripe,Medium,2025-08-13,2900.0,2850.0,2900.0,2850.0,2860.0,2900.0,0.0,0.0175438596491228,0.0139860139860139,0.0,2881.6666666666665,2861.538461538461,26.39444385978688,29.351975428221028,0.0063620589936379,0.0134408602150537,8,2,0
Farukhabad,Farukhabad,Uttar Pradesh,Green Chilli,Green Chilly,FAQ,2025-08-13,4400.0,4300.0,4400.0,4550.0,4650.0,2800.0,0.0,-0.0329670329670329,-0.053763440860215,0.5714285714285714,4441.666666666667,4470.192307692308,120.06942436218549,213.3095439460251,-0.0093808630393996,-0.0157023015702301,8,2,0
Petlawad(F&V),Jhabua,Madhya Pradesh,Green Chilli,Green Chilly,FAQ,2025-08-13,2390.0,2274.0,2800.0,2000.0,1830.0,1692.0,-0.1464285714285714,0.195,0.3060109289617485,0.4125295508274231,2349.8571428571427,2191.103448275862,332.40157870234367,474.4154557247738,0.0170831053559488,0.09077460577256,8,2,0
Patran,Patiala,Punjab,Brinjal,Other,FAQ,2025-08-13,1010.0,900.0,1110.0,1150.0,1730.0,1250.0,-0.09009009009009,-0.1217391304347825,-0.4161849710982659,-0.1919999999999999,1026.0,1506.0869565217392,87.92041856133326,453.3284894726877,-0.0155945419103313,-0.3293879907621247,8,2,0
Patiala,Patiala,Punjab,Cabbage,Cabbage,FAQ,2025-08-13,1700.0,1700.0,1000.0,1000.0,1000.0,400.0,0.7,0.7,0.7,3.25,1700.0,1161.5384615384614,0.0,306.9703067574602,0.0,0.4635761589403975,8,2,0
Buland Shahr,Bulandshahar,Uttar Pradesh,Green Chilli,Green Chilly,FAQ,2025-08-13,4200.0,4310.0,4330.0,3500.0,3500.0,2270.0,-0.0300230946882217,0.1999999999999999,0.1999999999999999,0.8502202643171806,4240.0,3828.0434782608695,126.01587201618749,337.1934268555999,-0.0094339622641509,0.0971662218183884,8,2,0
Kopaganj,Mau(Maunathbhanjan),Uttar Pradesh,Banana,Medium,Medium,2025-08-13,1100.0,1100.0,1100.0,1100.0,1100.0,1100.0,0.0,0.0,0.0,0.0,1100.0,1098.076923076923,0.0,9.8058067569092,0.0,0.0017513134851139,8,2,0
Garh Shankar,Hoshiarpur,Punjab,Green Chilli,Green Chilly,FAQ,2025-08-13,2500.0,2300.0,2000.0,1200.0,2000.0,1700.0,0.25,1.0833333333333337,0.25,0.4705882352941177,1916.6666666666667,1895.6521739130435,421.50523919242886,350.94451888577083,0.3043478260869565,0.3188073394495412,8,2,0
Bareilly,Bareilly,Uttar Pradesh,Green Chilli,Other,FAQ,2025-08-13,4310.0,4325.0,4300.0,4300.0,4075.0,3550.0,0.0023255813953488,0.0023255813953488,0.0576687116564416,0.2140845070422534,4319.0,4111.923076923077,19.49358868989189,195.78598991281876,-0.0020838156980782,0.0481713590870824,8,2,0
Gangarampur(Dakshin Dinajpur),Dakshin Dinajpur,West Bengal,Green Chilli,Other,FAQ,2025-08-13,7500.0,7500.0,7500.0,4500.0,5000.0,3500.0,0.0,0.6666666666666667,0.5,1.1428571428571428,7416.666666666667,6032.0,204.1241452319317,1292.839252704419,0.0112359550561798,0.243368700265252,8,2,0
Basti,Basti,Uttar Pradesh,Green Chilli,Green Chilly,FAQ,2025-08-13,4500.0,4600.0,4700.0,4800.0,4060.0,2675.0,-0.0425531914893616,-0.0625,0.1083743842364532,0.6822429906542056,4666.666666666667,4201.923076923077,102.06207261597643,580.4878584829795,-0.0357142857142858,0.0709382151029747,8,2,0
Harippad,Alappuzha,Kerala,Green Chilli,Other,FAQ,2025-08-13,4000.0,4000.0,4000.0,5000.0,4000.0,4000.0,0.0,-0.1999999999999999,0.0,0.0,4000.0,4040.0,0.0,200.00000000000003,0.0,-0.0099009900990099,8,2,0
Jalaun,Jalaun (Orai),Uttar Pradesh,Green Chilli,Green Chilly,FAQ,2025-08-13,4800.0,3500.0,5000.0,4500.0,7000.0,2500.0,-0.04,0.0666666666666666,-0.3142857142857143,0.92,4575.0,5388.235294117647,722.8416147400483,1289.3226675958497,0.0491803278688525,-0.1091703056768558,8,2,0
Burdwan,Purba Bardhaman,West Bengal,Green Chilli,Green Chilly,FAQ,2025-08-13,7400.0,7500.0,7600.0,7500.0,7500.0,5000.0,-0.0263157894736841,-0.0133333333333333,-0.0133333333333333,0.48,7528.571428571428,7742.307692307692,75.5928946018265,550.0349639236354,-0.01707779886148,-0.0442126179831098,8,2,0
Chandoli,Chandauli,Uttar Pradesh,Garlic,Garlic,FAQ,2025-08-13,6550.0,6550.0,6530.0,6475.0,6400.0,6620.0,0.003062787136294,0.0115830115830115,0.0234375,-0.0105740181268881,6530.833333333333,6468.958333333333,31.051033262487337,71.7177312164808,0.0029347964782442,0.0125277768831921,8,2,0
Pundibari,Coochbehar,West Bengal,Brinjal,Other,FAQ,2025-08-13,2100.0,2100.0,2100.0,2100.0,2300.0,2100.0,0.0,0.0,-0.0869565217391304,0.0,2100.0,2180.769230769231,0.0,109.61470984947871,0.0,-0.037037037037037,8,2,0
Bareilly,Bareilly,Uttar Pradesh,Garlic,Garlic,FAQ,2025-08-13,6375.0,6460.0,6525.0,6440.0,6410.0,6325.0,-0.0229885057471264,-0.0100931677018633,-0.0054602184087363,0.0079051383399209,6436.666666666667,6471.923076923077,53.92896562454498,39.66203377625876,-0.0095805282237183,-0.0149759315385986,8,2,0
Gonda,Gonda,Uttar Pradesh,Green Chilli,Green Chilly,FAQ,2025-08-13,5200.0,5500.0,5450.0,5800.0,6200.0,5200.0,-0.0458715596330274,-0.1034482758620689,-0.1612903225806451,0.0,5335.714285714285,5831.0344827586205,143.51041110404364,425.1919300032946,-0.0254350736278446,-0.1082199881726788,8,2,0
Sehore(F&V),Sehore,Madhya Pradesh,Cabbage,Cabbage,FAQ,2025-08-13,1200.0,1200.0,1200.0,1800.0,1500.0,1000.0,0.0,-0.3333333333333333,-0.1999999999999999,0.1999999999999999,1200.0,1550.0,0.0,375.3259453027324,0.0,-0.2258064516129032,8,2,1
Shujalpur,Shajapur,Madhya Pradesh,Garlic,Desi,FAQ,2025-08-13,5000.0,2500.0,2500.0,2700.0,4500.0,3000.0,1.0,0.8518518518518519,0.1111111111111111,0.6666666666666667,3500.2,3100.086956521739,1172.8172065586346,1167.3980747038995,0.4284898005828239,0.6128579843482651,8,2,0
Dadri,Gautam Budh Nagar,Uttar Pradesh,Brinjal,Round/Long,FAQ,2025-08-13,1740.0,1750.0,1720.0,1700.0,1950.0,1700.0,0.0116279069767442,0.0235294117647058,-0.1076923076923076,0.0235294117647058,1721.6666666666667,1824.6153846153843,20.41241452316524,110.2081945857256,0.010648596321394,-0.0463743676222596,8,2,0
Kanpur(Grain),Kanpur,Uttar Pradesh,Brinjal,Round/Long,FAQ,2025-08-13,1660.0,1650.0,1650.0,1420.0,1750.0,1760.0,0.0060606060606061,0.1690140845070422,-0.0514285714285713,-0.0568181818181817,1576.6666666666667,1630.3846153846157,100.53191864610312,124.20888113917144,0.0528541226215644,0.0181646614767634,8,2,0
Angamaly,Ernakulam,Kerala,Brinjal,Brinjal,FAQ,2025-08-13,4500.0,4500.0,4500.0,4500.0,4500.0,4000.0,0.0,0.0,0.0,0.125,4500.0,4500.0,0.0,0.0,0.0,0.0,8,2,0
Bathinda,Bhatinda,Punjab,Garlic,Average,FAQ,2025-08-13,8000.0,6000.0,8000.0,7000.0,7000.0,5000.0,0.0,0.1428571428571428,0.1428571428571428,0.6000000000000001,6666.666666666667,6800.0,1154.7005383792514,965.1833749958724,0.1999999999999999,0.1764705882352941,8,2,0
Sriganganagar (F&V),Ganganagar,Rajasthan,Garlic,Garlic,FAQ,2025-08-13,6000.0,6500.0,6000.0,6000.0,7500.0,8400.0,0.0,0.0,-0.1999999999999999,-0.2857142857142857,6150.0,6734.782608695652,197.48417658131504,774.9537790626839,-0.024390243902439,-0.1091026468689476,8,2,0
Uttaripura,Kanpur,Uttar Pradesh,Garlic,Average,FAQ,2025-08-13,6050.0,6025.0,6020.0,6000.0,6200.0,6750.0,0.0049833887043189,0.0083333333333333,-0.0241935483870967,-0.1037037037037037,6021.666666666667,6182.916666666667,16.93123346988914,164.5277607508155,0.0047052311098809,-0.0214974054855449,8,2,0
Ahmedabad,Ahmedabad,Gujarat,Brinjal,Other,FAQ,2025-08-13,1850.0,1900.0,2250.0,2500.0,2000.0,4750.0,-0.1777777777777778,-0.26,-0.0749999999999999,-0.6105263157894737,2070.0,2138.0,219.6588263648872,356.2770457569973,-0.106280193236715,-0.1347053320860617,8,2,1
Indore,Indore,Madhya Pradesh,Garlic,Garlic,FAQ,2025-08-13,2000.0,3000.0,3000.0,1800.0,3000.0,3000.0,-0.3333333333333333,0.1111111111111111,-0.3333333333333333,-0.3333333333333333,2940.0,2362.5,1420.5632685663982,885.0509688097898,-0.3197278911564626,-0.1534391534391535,8,2,0
Banur,Mohali,Punjab,Garlic,Other,FAQ,2025-08-13,3300.0,2890.0,2890.0,2900.0,2700.0,5000.0,0.1418685121107266,0.1379310344827586,0.2222222222222223,-0.3399999999999999,3011.833333333333,3032.4761904761904,187.22223870754945,237.89212241003383,0.0956781583752974,0.0882195910932446,8,2,0
Jayas,Raebarelli,Uttar Pradesh,Brinjal,Round/Long,FAQ,2025-08-13,1555.0,1550.0,1565.0,1580.0,1510.0,1400.0,-0.0063897763578274,-0.0158227848101265,0.0298013245033113,0.1107142857142857,1560.7142857142858,1502.2222222222222,7.8679579246907485,66.49657789536877,-0.0036613272311213,0.0351331360946745,8,2,0
Pilibhit,Pillibhit,Uttar Pradesh,Banana,Banana - Ripe,Medium,2025-08-13,2785.0,2780.0,2805.0,2800.0,2875.0,2840.0,-0.0071301247771835,-0.0053571428571428,-0.0313043478260869,-0.0193661971830986,2797.5714285714284,2834.296296296296,11.311603818819684,28.30440957056059,-0.0044936935096767,-0.0173927815383005,8,2,0
Bareilly,Bareilly,Uttar Pradesh,Banana,Other,Medium,2025-08-13,2815.0,2800.0,2750.0,2800.0,2860.0,2810.0,0.0236363636363636,0.0053571428571428,-0.0157342657342657,0.001779359430605,2787.0,2827.5925925925926,29.91655060331217,31.60362595952605,0.0100466451381413,-0.0044534678105966,8,2,0
Jayas,Raebarelli,Uttar Pradesh,Garlic,Average,FAQ,2025-08-13,6425.0,6400.0,6460.0,6475.0,6400.0,6520.0,-0.0054179566563467,-0.0077220077220077,0.00390625,-0.0145705521472392,6441.25,6330.416666666667,35.67795771434993,529.4150107648898,-0.0025228022511158,0.0149410912920422,8,2,0
Gorakhpur,Gorakhpur,Uttar Pradesh,Brinjal,Round/Long,FAQ,2025-08-13,1750.0,1750.0,1750.0,1750.0,1725.0,1650.0,0.0,0.0,0.0144927536231884,0.0606060606060605,1740.0,1740.7407407407406,13.693063937645436,17.192557854613565,0.0057471264367816,0.0053191489361703,8,2,0
Mathabhanga,Coochbehar,West Bengal,Green Chilli,Green Chilly,FAQ,2025-08-13,9500.0,9500.0,10500.0,10500.0,11000.0,4900.0,-0.0952380952380952,-0.0952380952380952,-0.1363636363636363,0.9387755102040816,10142.857142857143,10022.222222222224,475.5948656056713,742.3110136765958,-0.0633802816901408,-0.0521064301552106,8,2,0
Memari,Purba Bardhaman,West Bengal,Brinjal,Brinjal,FAQ,2025-08-13,5400.0,4800.0,4600.0,4600.0,4600.0,4500.0,0.1739130434782609,0.1739130434782609,0.1739130434782609,0.1999999999999999,4785.714285714285,4374.074074074074,296.8084198523463,431.0921662944615,0.1283582089552239,0.2345469940728197,8,2,0
Kondotty,Malappuram,Kerala,Brinjal,Other,FAQ,2025-08-13,3000.0,3500.0,3500.0,3000.0,2500.0,3000.0,-0.1428571428571429,0.0,0.1999999999999999,0.0,3250.0,2980.0,273.8612787525831,269.2582403567239,-0.0769230769230768,0.0067114093959732,8,2,0
Bindki,Fatehpur,Uttar Pradesh,Green Chilli,Green Chilly,FAQ,2025-08-13,4570.0,4620.0,4540.0,4650.0,4740.0,2600.0,0.0066079295154184,-0.0172043010752688,-0.0358649789029535,0.7576923076923077,4545.0,4568.260869565217,43.70354676682303,170.12434420180622,0.0055005500550056,0.0003806985818979,8,2,0
Bareilly,Bareilly,Uttar Pradesh,Brinjal,Round/Long,FAQ,2025-08-13,1750.0,1740.0,1730.0,1700.0,1650.0,1520.0,0.0115606936416186,0.0294117647058822,0.0606060606060605,0.1513157894736843,1739.0,1659.074074074074,11.401754251014816,56.65409614218746,0.0063254744105807,0.0548052237972986,8,2,0
Chandoli,Chandauli,Uttar Pradesh,Green Chilli,Green Chilly,FAQ,2025-08-13,4975.0,4950.0,4850.0,4850.0,4850.0,2310.0,0.0257731958762885,0.0257731958762885,0.0257731958762885,1.153679653679654,4937.5,4708.958333333333,54.19870847166568,391.3771092778445,0.0075949367088608,0.056496925186922,8,2,0
Pundibari,Coochbehar,West Bengal,Green Chilli,Other,FAQ,2025-08-13,7500.0,7500.0,5500.0,3500.0,8300.0,9000.0,0.3636363636363635,1.1428571428571428,-0.0963855421686746,-0.1666666666666666,5785.714285714285,7003.333333333333,1799.4708216848744,2117.494181620201,0.2962962962962963,0.0709186101856258,8,2,0
Uttaripura,Kanpur,Uttar Pradesh,Brinjal,Arkasheela Mattigulla,FAQ,2025-08-13,1650.0,1600.0,1660.0,1420.0,1670.0,1710.0,-0.0060240963855421,0.1619718309859155,-0.0119760479041916,-0.0350877192982456,1633.3333333333333,1606.0869565217392,26.58320271650429,105.73290235454937,0.0102040816326531,0.0273416350839197,8,2,0
Chakdah,Nadia,West Bengal,Brinjal,Other,FAQ,2025-08-13,5800.0,5800.0,5800.0,5400.0,5800.0,6100.0,0.0,0.0740740740740741,0.0,-0.0491803278688525,5825.0,5990.0,41.833001326701066,378.0432074071268,-0.0042918454935622,-0.031719532554257,8,2,0
Sehore(F&V),Sehore,Madhya Pradesh,Brinjal,Brinjal,FAQ,2025-08-13,1100.0,1200.0,1200.0,1200.0,1000.0,3500.0,-0.0833333333333333,-0.0833333333333333,0.1,-0.6857142857142857,1157.142857142857,1304.1666666666667,78.67957924694431,436.8654818995912,-0.0493827160493827,-0.1565495207667732,8,2,0
Khanna,Ludhiana,Punjab,Cabbage,Other,FAQ,2025-08-13,1600.0,1000.0,1000.0,1000.0,1000.0,500.0,0.6000000000000001,0.6000000000000001,0.6000000000000001,2.2,1100.0,1100.0,244.94897427831785,212.1320343559643,0.4545454545454546,0.4545454545454546,8,2,0
Memari,Purba Bardhaman,West Bengal,Green Chilli,Green Chilly,FAQ,2025-08-13,7400.0,7500.0,7500.0,7200.0,8000.0,2800.0,-0.0133333333333333,0.0277777777777776,-0.0749999999999999,1.6428571428571428,7480.0,7757.894736842105,44.7213595499958,624.7806632674664,-0.0106951871657754,-0.0461329715061058,8,2,0
Indore(F&V),Indore,Madhya Pradesh,Banana,Other,Medium,2025-08-13,1200.0,1200.0,1000.0,1000.0,1000.0,1200.0,0.1999999999999999,0.1999999999999999,0.1999999999999999,0.0,1166.6666666666667,1089.655172413793,150.5545305418159,248.34427081632205,0.0285714285714284,0.1012658227848102,8,2,0
Hasanpur,Amroha,Uttar Pradesh,Brinjal,Arkasheela Mattigulla,FAQ,2025-08-13,1450.0,1450.0,1450.0,1450.0,1450.0,1450.0,0.0,0.0,0.0,0.0,1450.0,1450.0,0.0,0.0,0.0,0.0,8,2,0
Falakata,Alipurduar,West Bengal,Green Chilli,Other,FAQ,2025-08-13,7500.0,7500.0,5200.0,4000.0,4900.0,9000.0,0.4423076923076923,0.875,0.5306122448979591,-0.1666666666666666,6014.285714285715,6370.0,1453.0755559944553,1769.3072870086878,0.2470308788598574,0.1773940345368916,8,2,0
Jayas,Raebarelli,Uttar Pradesh,Green Chilli,Green Chilly,FAQ,2025-08-13,4560.0,4550.0,4500.0,4380.0,4050.0,2580.0,0.0133333333333334,0.0410958904109588,0.125925925925926,0.7674418604651163,4492.857142857143,3842.222222222222,63.89164935372286,601.8166941298072,0.0149443561208266,0.1868131868131868,8,2,0
Fatehabad,Agra,Uttar Pradesh,Green Chilli,Green Chilly,FAQ,2025-08-13,3200.0,3000.0,3800.0,3800.0,3200.0,1200.0,-0.1578947368421053,-0.1578947368421053,0.0,1.6666666666666663,3375.0,3075.0,350.00000000000006,671.1145482271309,-0.0518518518518518,0.0406504065040651,8,2,0
Ahmedabad,Ahmedabad,Gujarat,Cabbage,Other,FAQ,2025-08-13,1200.0,1150.0,1350.0,1550.0,1500.0,1900.0,-0.1111111111111111,-0.2258064516129032,-0.1999999999999999,-0.368421052631579,1150.0,1448.0,145.77379737113208,245.1530134426213,0.0434782608695651,-0.1712707182320442,8,2,0
Mugrabaadshahpur,Jaunpur,Uttar Pradesh,Garlic,Average,FAQ,2025-08-13,6555.0,6570.0,6570.0,6470.0,6410.0,6640.0,-0.002283105022831,0.0131375579598145,0.0226209048361933,-0.0128012048192771,6552.5,6485.576923076923,36.57184709594949,74.95768036542297,0.0003815337657382,0.0107042253521127,8,2,0
Achalda,Auraiya,Uttar Pradesh,Garlic,Average,FAQ,2025-08-13,5900.0,6100.0,6100.0,5800.0,6200.0,6500.0,-0.0327868852459016,0.0172413793103447,-0.0483870967741935,-0.0923076923076923,6053.333333333333,6103.333333333333,86.40987597877141,191.5811403383217,-0.0253303964757708,-0.0333151283451664,8,2,0
Chakdah,Nadia,West Bengal,Green Chilli,Other,FAQ,2025-08-13,8000.0,7800.0,8000.0,7800.0,8000.0,5600.0,0.0,0.0256410256410255,0.0,0.4285714285714286,7916.666666666667,7532.0,132.91601358251248,547.5095128549516,0.0105263157894737,0.0621348911311736,8,2,0
Jalaun,Jalaun (Orai),Uttar Pradesh,Brinjal,Round/Long,FAQ,2025-08-13,1500.0,1500.0,2000.0,1000.0,1000.0,2400.0,-0.25,0.5,0.5,-0.375,1800.0,1396.2962962962963,273.8612787525831,374.6603400019407,-0.1666666666666666,0.0742705570291777,8,2,1
Sriganganagar (F&V),Ganganagar,Rajasthan,Green Chilli,Green Chilly,FAQ,2025-08-13,3100.0,3200.0,3200.0,3500.0,2700.0,1700.0,-0.03125,-0.1142857142857143,0.1481481481481481,0.8235294117647058,3216.6666666666665,3043.478260869565,116.90451944501017,315.9776847076436,-0.0362694300518133,0.0185714285714286,8,2,0
Sehore(F&V),Sehore,Madhya Pradesh,Green Chilli,Green Chilly,FAQ,2025-08-13,4500.0,4500.0,4000.0,3000.0,5500.0,4500.0,0.125,0.5,-0.1818181818181817,0.0,4142.857142857143,5500.0,377.9644730092253,1510.8304655560053,0.0862068965517239,-0.1818181818181817,8,2,0
Sikarpur,Bulandshahar,Uttar Pradesh,Brinjal,Round/Long,FAQ,2025-08-13,1300.0,1100.0,1300.0,1500.0,1300.0,900.0,0.0,-0.1333333333333333,0.0,0.4444444444444444,1260.0,1276.0,89.44271909999199,140.77168275852307,0.0317460317460318,0.0188087774294671,8,2,0
Khambhat(Veg Yard Khambhat),Anand,Gujarat,Brinjal,Other,FAQ,2025-08-13,2000.0,1500.0,2100.0,2500.0,1600.0,5000.0,-0.0476190476190476,-0.1999999999999999,0.25,-0.6,2200.0,2000.0,509.9019513592806,439.36713379687177,-0.0909090909090909,0.0,8,2,0
Mehsana(Mehsana Veg),Mehsana,Gujarat,Green Chilli,Green Chilly,FAQ,2025-08-13,3000.0,3250.0,3000.0,4000.0,5500.0,4750.0,0.0,-0.25,-0.4545454545454546,-0.368421052631579,3250.0,4760.416666666667,306.1862178478964,1143.2200106513192,-0.0769230769230768,-0.3698030634573305,8,2,0
Pilibhit,Pillibhit,Uttar Pradesh,Brinjal,Brinjal,FAQ,2025-08-13,1700.0,1699.0,1710.0,1715.0,1660.0,1500.0,-0.0058479532163743,-0.0087463556851311,0.0240963855421687,0.1333333333333333,1710.142857142857,1664.6666666666667,9.263343014765836,67.62509775338224,-0.0059309999164647,0.0212254705646774,8,2,0
Varanasi(F&V),Varanasi,Uttar Pradesh,Brinjal,Brinjal,FAQ,2025-08-13,1715.0,1720.0,1790.0,1770.0,2080.0,1550.0,-0.0418994413407821,-0.0310734463276836,-0.1754807692307692,0.1064516129032258,1763.0,1858.611111111111,48.425200051212975,164.88681996658354,-0.0272263187748156,-0.0772679719025556,8,2,0
Angamaly,Ernakulam,Kerala,Cabbage,Cabbage,FAQ,2025-08-13,3500.0,3500.0,4000.0,4200.0,4200.0,4000.0,-0.125,-0.1666666666666666,-0.1666666666666666,-0.125,3700.0,4186.363636363636,273.8612787525785,384.5782532859012,-0.054054054054054,-0.1639522258414766,8,2,0
Khambhat(Veg Yard Khambhat),Anand,Gujarat,Cabbage,Other,FAQ,2025-08-13,1800.0,1700.0,1500.0,2500.0,2200.0,2500.0,0.1999999999999999,-0.28,-0.1818181818181817,-0.28,1850.0,2070.833333333333,288.0972058177586,336.8384552386133,-0.0270270270270269,-0.130784708249497,8,2,0
Birbhum,Birbhum,West Bengal,Green Chilli,Green Chilly,FAQ,2025-08-13,7900.0,7900.0,7900.0,7900.0,9400.0,7900.0,0.0,0.0,-0.1595744680851063,0.0,7900.0,8800.0,0.0,674.664667663255,0.0,-0.1022727272727272,8,2,0
Moynaguri,Jalpaiguri,West Bengal,Green Chilli,Green Chilly,FAQ,2025-08-13,9500.0,8300.0,8300.0,8200.0,9800.0,9300.0,0.144578313253012,0.1585365853658535,-0.0306122448979592,0.021505376344086,8500.0,9338.46153846154,493.9635614091475,1453.2933421926646,0.1176470588235294,0.0172981878088962,8,2,0
Sriganganagar (F&V),Ganganagar,Rajasthan,Brinjal,Brinjal,FAQ,2025-08-13,2400.0,2300.0,2600.0,2800.0,2100.0,1600.0,-0.0769230769230768,-0.1428571428571429,0.1428571428571428,0.5,2500.0,2513.043478260869,200.0000000000034,330.70770921284367,-0.04,-0.0449826989619377,8,2,0
vadakarapathy,Palakad,Kerala,Cabbage,Other,FAQ,2025-08-13,700.0,900.0,1100.0,900.0,1400.0,2400.0,-0.3636363636363636,-0.2222222222222222,-0.5,-0.7083333333333333,933.3333333333334,1116.6666666666667,150.5545305418162,250.2939448399205,-0.25,-0.373134328358209,8,2,0
Mathura,Mathura,Uttar Pradesh,Brinjal,Round,FAQ,2025-08-13,1500.0,1600.0,1400.0,1800.0,1600.0,2200.0,0.0714285714285714,-0.1666666666666666,-0.0625,-0.3181818181818182,1525.0,1610.0,75.82875444051567,143.6662799685399,-0.0163934426229508,-0.0683229813664596,8,2,0
Kannauj,Kannuj,Uttar Pradesh,Green Chilli,Green Chilly,FAQ,2025-08-13,5100.0,5150.0,5200.0,5250.0,4900.0,2750.0,-0.0192307692307692,-0.0285714285714285,0.0408163265306122,0.8545454545454545,5175.0,4902.0,41.83300132670446,387.1584516275652,-0.0144927536231883,0.040391676866585,8,2,0
Bara Bazar (Posta Bazar),Kolkata,West Bengal,Garlic,Garlic,FAQ,2025-08-13,5250.0,5850.0,5800.0,5800.0,5850.0,7000.0,-0.0948275862068965,-0.0948275862068965,-0.1025641025641025,-0.25,5708.333333333333,5636.111111111111,390.4057718152572,428.6797637745007,-0.0802919708029196,-0.0685066535239034,8,2,0
Kondotty,Malappuram,Kerala,Green Chilli,Other,FAQ,2025-08-13,5500.0,5500.0,6000.0,6000.0,7500.0,4000.0,-0.0833333333333333,-0.0833333333333333,-0.2666666666666667,0.375,5600.0,6421.666666666667,418.33001326703766,780.2767996409739,-0.0178571428571429,-0.1435245263431093,8,2,1
Sendhwa(F&V),Badwani,Madhya Pradesh,Green Chilli,Green Chilly,FAQ,2025-08-13,1400.0,1300.0,1400.0,1800.0,1400.0,1800.0,0.0,-0.2222222222222222,0.0,-0.2222222222222222,1450.0,1596.1538461538462,176.06816861658982,310.45871768178006,-0.0344827586206896,-0.1228915662650602,8,2,0
Mathura,Mathura,Uttar Pradesh,Cabbage,Cabbage,FAQ,2025-08-13,1800.0,2100.0,2100.0,1900.0,1900.0,1400.0,-0.1428571428571429,-0.0526315789473684,-0.0526315789473684,0.2857142857142858,2000.0,1785.1923076923076,109.54451150103309,185.7443445665654,-0.0999999999999999,0.0082947323063664,8,2,0
Sikarpur,Bulandshahar,Uttar Pradesh,Cabbage,Cabbage,FAQ,2025-08-13,3600.0,3500.0,2900.0,3100.0,2950.0,2900.0,0.2413793103448276,0.1612903225806452,0.2203389830508475,0.2413793103448276,3270.0,3040.0,342.05262752974085,233.18447632722035,0.1009174311926606,0.1842105263157893,8,2,0
Damnagar,Amreli,Gujarat,Green Chilli,Green Chilly,FAQ,2025-08-13,3000.0,2050.0,2500.0,4800.0,4550.0,5200.0,0.1999999999999999,-0.375,-0.3406593406593406,-0.4230769230769231,2240.0,4458.0,506.7050424062864,1590.314434317945,0.3392857142857142,-0.3270524899057874,8,2,1
Chandausi,Sambhal,Uttar Pradesh,Green Chilli,Green Chilly,FAQ,2025-08-13,4500.0,4600.0,4775.0,4885.0,5000.0,2000.0,-0.0575916230366492,-0.0788126919140225,-0.0999999999999999,1.25,4708.333333333333,4735.454545454545,129.09944487358158,283.5653493628934,-0.0442477876106194,-0.0497216356306392,8,2,0
Ghiraur,Mainpuri,Uttar Pradesh,Brinjal,Round/Long,FAQ,2025-08-13,1370.0,1350.0,1450.0,1520.0,1620.0,1670.0,-0.0551724137931034,-0.0986842105263158,-0.154320987654321,-0.1796407185628742,1407.5,1570.2083333333333,56.89903338370512,134.4350430397579,-0.0266429840142096,-0.1275043120605015,8,2,0
Kottakkal,Malappuram,Kerala,Brinjal,Other,FAQ,2025-08-13,3900.0,4100.0,3700.0,3400.0,2900.0,2300.0,0.0540540540540539,0.1470588235294117,0.3448275862068966,0.6956521739130435,3816.6666666666665,3016.0,271.4160398109637,665.0062656346412,0.0218340611353711,0.2931034482758621,8,2,1
Jaora,Ratlam,Madhya Pradesh,Garlic,Garlic,FAQ,2025-08-13,3400.0,3600.0,7000.0,2800.0,3000.0,3600.0,-0.5142857142857142,0.2142857142857142,0.1333333333333333,-0.0555555555555555,4100.0,3995.8333333333335,1637.0705543748263,2438.545390840398,-0.1707317073170732,-0.1491136600625652,8,2,0
Fazilka,Fazilka,Punjab,Brinjal,Other,FAQ,2025-08-13,1500.0,1500.0,1500.0,1500.0,1500.0,1500.0,0.0,0.0,0.0,0.0,1500.0,1500.0,0.0,0.0,0.0,0.0,8,2,0
Pukharayan,Kanpur Dehat,Uttar Pradesh,Green Chilli,Green Chilly,FAQ,2025-08-13,5440.0,5450.0,5450.0,5600.0,5565.0,3600.0,-0.001834862385321,-0.0285714285714285,-0.022461814914645,0.5111111111111111,5438.333333333333,5385.2,11.690451944502367,156.78727626948407,0.0003064664419245,0.0101760380301567,8,2,0
Varanasi(F&V),Varanasi,Uttar Pradesh,Garlic,Garlic,FAQ,2025-08-13,6500.0,6540.0,6530.0,6450.0,6400.0,6585.0,-0.004594180704441,0.0077519379844961,0.015625,-0.0129081245254365,6536.666666666667,6470.238095238095,21.832697191753866,64.68145388122338,-0.0056093829678736,0.0045998160073597,8,2,0
Kottakkal,Malappuram,Kerala,Green Chilli,Other,FAQ,2025-08-13,5700.0,6300.0,5700.0,6700.0,7400.0,6100.0,0.0,-0.1492537313432835,-0.2297297297297297,-0.0655737704918032,5566.666666666667,6634.615384615385,882.420912414631,1276.853102809334,0.0239520958083832,-0.1408695652173913,8,2,0
Mathura,Mathura,Uttar Pradesh,Banana,Banana - Ripe,Medium,2025-08-13,2600.0,2600.0,2500.0,2550.0,2750.0,2650.0,0.04,0.0196078431372548,-0.0545454545454545,-0.0188679245283018,2516.6666666666665,2563.2,98.31920802501756,141.35416513141598,0.0331125827814571,0.0143570536828965,8,2,0
Karimpur,Nadia,West Bengal,Brinjal,Other,FAQ,2025-08-13,5500.0,5600.0,5500.0,6000.0,4500.0,6100.0,0.0,-0.0833333333333333,0.2222222222222223,-0.0983606557377049,5414.285714285715,5050.0,146.38501094231813,470.326372375312,0.0158311345646438,0.0891089108910891,8,2,0
Bathinda,Bhatinda,Punjab,Banana,Other,Large,2025-08-13,1700.0,1500.0,1500.0,1600.0,1550.0,1500.0,0.1333333333333333,0.0625,0.096774193548387,0.1333333333333333,1550.0,1585.7142857142858,100.0,132.422484064128,0.096774193548387,0.072072072072072,8,2,0
Birbhum,Birbhum,West Bengal,Brinjal,Brinjal,FAQ,2025-08-13,5400.0,5400.0,4400.0,4400.0,5400.0,5400.0,0.2272727272727273,0.2272727272727273,0.0,0.0,4828.571428571428,5166.666666666667,534.5224838248485,430.1830671520914,0.1183431952662721,0.0451612903225806,8,2,0
Mugrabaadshahpur,Jaunpur,Uttar Pradesh,Brinjal,Brinjal,FAQ,2025-08-13,1780.0,1785.0,1785.0,1735.0,1730.0,1725.0,-0.0028011204481792,0.0259365994236311,0.0289017341040462,0.0318840579710144,1776.6666666666667,1820.3846153846157,9.83192080249096,107.43298447798873,0.0018761726078799,-0.022184660891612,8,2,0
Kondotty,Malappuram,Kerala,Garlic,Other,FAQ,2025-08-13,10000.0,9000.0,4000.0,9000.0,9000.0,9000.0,1.5,0.1111111111111111,0.1111111111111111,0.1111111111111111,8416.666666666666,8416.0,2200.378755275252,1427.9005567617116,0.1881188118811882,0.188212927756654,8,2,0
Uttaripura,Kanpur,Uttar Pradesh,Green Chilli,Green Chilly,FAQ,2025-08-13,5025.0,5100.0,5170.0,5200.0,5400.0,2300.0,-0.0280464216634429,-0.0336538461538461,-0.0694444444444444,1.1847826086956523,5145.0,5005.652173913043,72.80109889273818,373.6378422405,-0.0233236151603498,0.0038651958655433,8,2,0
Sriganganagar (F&V),Ganganagar,Rajasthan,Cabbage,Other,FAQ,2025-08-13,1400.0,2100.0,1600.0,1500.0,1200.0,1300.0,-0.125,-0.0666666666666666,0.1666666666666667,0.0769230769230768,1750.0,1413.0434782608695,288.0972058177587,310.87025622521,-0.1999999999999999,-0.0092307692307691,8,2,0
Jalaun,Jalaun (Orai),Uttar Pradesh,Cabbage,Cabbage,FAQ,2025-08-13,1500.0,1000.0,1800.0,1600.0,2000.0,700.0,-0.1666666666666666,-0.0625,-0.25,1.1428571428571428,1500.0,1600.0,368.7817782917155,438.7482193696039,0.0,-0.0625,8,2,0
Pulpally,Wayanad,Kerala,Green Chilli,Other,FAQ,2025-08-13,3400.0,2500.0,3300.0,3400.0,3400.0,3400.0,0.0303030303030302,0.0,0.0,0.0,3150.0,3305.0,484.7679857416329,274.2933504576186,0.0793650793650793,0.0287443267776097,8,2,0
Kottakkal,Malappuram,Kerala,Cabbage,Other,FAQ,2025-08-13,1500.0,1500.0,1500.0,1700.0,1700.0,1900.0,0.0,-0.1176470588235294,-0.1176470588235294,-0.2105263157894736,1566.6666666666667,1746.1538461538462,103.27955589886402,278.8989339969145,-0.0425531914893617,-0.1409691629955947,8,2,0
Hasanpur,Amroha,Uttar Pradesh,Cabbage,Cabbage,FAQ,2025-08-13,1450.0,1450.0,1450.0,1450.0,1450.0,1450.0,0.0,0.0,0.0,0.0,1450.0,1450.0,0.0,0.0,0.0,0.0,8,2,0
Fatehabad,Agra,Uttar Pradesh,Brinjal,Round,FAQ,2025-08-13,1200.0,1100.0,1000.0,1200.0,1300.0,1200.0,0.1999999999999999,0.0,-0.0769230769230768,0.0,1125.0,1223.809523809524,95.74271077563375,133.80867649282624,0.0666666666666666,-0.0194552529182879,8,2,1
Sendhwa(F&V),Badwani,Madhya Pradesh,Brinjal,Round,FAQ,2025-08-13,700.0,700.0,700.0,800.0,700.0,800.0,0.0,-0.125,0.0,-0.125,716.6666666666666,744.4444444444445,40.82482904638614,57.735026918963136,-0.0232558139534883,-0.0597014925373134,8,2,0
Sheoraphuly,Hooghly,West Bengal,Green Chilli,Other,FAQ,2025-08-13,9000.0,8500.0,7500.0,8500.0,8500.0,11000.0,0.1999999999999999,0.0588235294117647,0.0588235294117647,-0.1818181818181817,7928.571428571428,8596.666666666666,607.4928962939564,1243.5997064510111,0.1351351351351351,0.0469174098487785,8,2,0
Partaval,Maharajganj,Uttar Pradesh,Green Chilli,Green Chilly,FAQ,2025-08-13,4325.0,4320.0,4315.0,4325.0,3550.0,2370.0,0.0023174971031285,0.0,0.2183098591549295,0.8248945147679325,4318.0,3873.695652173913,11.51086443321546,498.4936796154961,0.0016211208893006,0.1165048543689319,8,2,0
Varanasi(F&V),Varanasi,Uttar Pradesh,Green Chilli,Green Chilly,FAQ,2025-08-13,5000.0,4950.0,5050.0,5000.0,4870.0,2280.0,-0.0099009900990099,0.0,0.0266940451745378,1.192982456140351,5036.666666666667,4870.476190476191,65.31972647421807,264.3383473973432,-0.0072799470549306,0.0265936644505278,8,2,0
vadakarapathy,Palakad,Kerala,Brinjal,Other,FAQ,2025-08-13,3400.0,3900.0,4400.0,3900.0,2900.0,2900.0,-0.2272727272727273,-0.1282051282051282,0.1724137931034481,0.1724137931034481,3900.0,3369.5652173913045,353.5533905932737,594.2411376236663,-0.1282051282051282,0.0090322580645161,8,2,0
Sendhwa(F&V),Badwani,Madhya Pradesh,Cabbage,Cabbage,FAQ,2025-08-13,800.0,900.0,900.0,800.0,700.0,1000.0,-0.1111111111111111,0.0,0.1428571428571428,-0.1999999999999999,866.6666666666666,812.0,51.63977794943223,66.58328118479444,-0.0769230769230768,-0.0147783251231526,8,2,0
Dadri,Gautam Budh Nagar,Uttar Pradesh,Cabbage,Cabbage,FAQ,2025-08-13,1670.0,1650.0,1620.0,1600.0,1530.0,1290.0,0.0308641975308641,0.0437499999999999,0.0915032679738561,0.2945736434108528,1623.3333333333333,1549.6153846153843,30.11090610836956,68.73024191611138,0.0287474332648871,0.0776867709108961,8,2,0
Vengeri(Kozhikode),Kozhikode(Calicut),Kerala,Brinjal,Brinjal,FAQ,2025-08-13,2300.0,2500.0,3100.0,3100.0,2500.0,2400.0,-0.2580645161290322,-0.2580645161290322,-0.0799999999999999,-0.0416666666666666,2800.0,2561.538461538461,352.1363372331816,365.5975088284138,-0.1785714285714286,-0.102102102102102,8,2,0
Basti,Basti,Uttar Pradesh,Garlic,Garlic,FAQ,2025-08-13,6475.0,6500.0,6425.0,6390.0,6390.0,6500.0,0.0077821011673151,0.013302034428795,0.013302034428795,-0.0038461538461538,6435.0,6380.961538461538,50.990195135241976,48.021229275157154,0.0062160062160061,0.0147373496880744,8,2,0
Vandiperiyar,Idukki,Kerala,Green Chilli,Other,FAQ,2025-08-13,7800.0,8500.0,8400.0,7500.0,8000.0,6800.0,-0.0714285714285714,0.04,-0.025,0.1470588235294117,8083.333333333333,7534.615384615385,348.807492274282,897.972074261716,-0.0350515463917525,0.0352220520673813,8,2,0
Khandhla,Shamli,Uttar Pradesh,Green Chilli,Green Chilly,FAQ,2025-08-13,3450.0,3250.0,3450.0,4450.0,3450.0,3250.0,0.0,-0.2247191011235955,0.0,0.0615384615384615,3400.0,3762.857142857143,100.00000000000033,477.7775932077902,0.0147058823529411,-0.0831435079726651,8,2,0
Baruipur(Canning),Sounth 24 Parganas,West Bengal,Brinjal,Brinjal,FAQ,2025-08-13,6400.0,6400.0,6400.0,6400.0,6900.0,7100.0,0.0,0.0,-0.072463768115942,-0.0985915492957746,6400.0,6832.142857142857,0.0001379381467397,443.9332377472208,0.0,-0.0632514375326711,8,2,0
Porbandar,Porbandar,Gujarat,Green Chilli,Green Chilly,FAQ,2025-08-13,3500.0,3500.0,2500.0,2500.0,5000.0,5500.0,0.3999999999999999,0.3999999999999999,-0.3,-0.3636363636363636,3100.0,3858.695652173913,547.7225575051662,1258.6656150204412,0.1290322580645162,-0.0929577464788732,8,2,0
Dudhansadhan,Patiala,Punjab,Green Chilli,Other,FAQ,2025-08-13,2800.0,2700.0,2900.0,4100.0,4700.0,1900.0,-0.0344827586206896,-0.3170731707317072,-0.4042553191489362,0.4736842105263157,2720.0,4021.7391304347834,192.35384061667708,825.1482080313783,0.0294117647058822,-0.3037837837837838,8,2,0
Kapadvanj,Kheda,Gujarat,Brinjal,Other,FAQ,2025-08-13,1750.0,1750.0,2250.0,1250.0,1500.0,2750.0,-0.2222222222222222,0.3999999999999999,0.1666666666666667,-0.3636363636363636,2050.0,2653.846153846154,447.2135954999535,1120.439474217421,-0.1463414634146341,-0.3405797101449275,8,2,0
Khanna,Ludhiana,Punjab,Banana,Other,Medium,2025-08-13,1600.0,1600.0,1600.0,1600.0,1600.0,1600.0,0.0,0.0,0.0,0.0,1600.0,1600.0,0.0,0.0,0.0,0.0,8,2,0
Dahod(Veg. Market),Dahod,Gujarat,Garlic,Other,FAQ,2025-08-13,7000.0,7000.0,7500.0,9000.0,9000.0,8000.0,-0.0666666666666666,-0.2222222222222222,-0.2222222222222222,-0.125,7550.0,7723.076923076923,744.9832212875782,921.8710071616088,-0.0728476821192053,-0.0936254980079681,8,2,0
Mohammdi,Khiri (Lakhimpur),Uttar Pradesh,Banana,Amruthapani,Medium,2025-08-13,2620.0,2640.0,2635.0,2645.0,2640.0,2710.0,-0.0056925996204933,-0.0094517958412098,-0.0075757575757575,-0.033210332103321,2630.0,2642.708333333333,11.40175425099114,15.532516150698934,-0.0038022813688213,-0.0085928261726448,8,2,0
Patti,Tarntaran,Punjab,Green Chilli,Other,FAQ,2025-08-13,1600.0,1800.0,2000.0,1400.0,1600.0,1400.0,-0.1999999999999999,0.1428571428571428,0.0,0.1428571428571428,1685.7142857142858,1828.571428571429,254.48360411218715,596.81695367211,-0.0508474576271187,-0.125,8,2,0
Payagpur,Shravasti,Uttar Pradesh,Garlic,Average,FAQ,2025-08-13,5800.0,5800.0,5800.0,5900.0,3800.0,5800.0,0.0,-0.0169491525423728,0.5263157894736843,0.0,5800.0,5740.0,0.0,873.2533587518733,0.0,0.0104529616724737,8,2,0
Perinthalmanna,Malappuram,Kerala,Green Chilli,Green Chilly,FAQ,2025-08-13,5000.0,6800.0,5500.0,6200.0,6500.0,3800.0,-0.0909090909090909,-0.1935483870967742,-0.2307692307692307,0.3157894736842106,5516.666666666667,6247.826086956522,1079.6604404472116,889.2640293152459,-0.093655589123867,-0.1997216423103688,8,2,0
Sitapur,Sitapur,Uttar Pradesh,Banana,Banana - Ripe,Medium,2025-08-13,2780.0,2780.0,2785.0,2780.0,2720.0,2695.0,-0.0017953321364452,0.0,0.0220588235294116,0.0315398886827458,2783.0,2750.925925925926,4.472135955019766,38.705918774103445,-0.0010779734099892,0.010568832043083,8,2,0
Mirzapur,Mirzapur,Uttar Pradesh,Garlic,Desi,FAQ,2025-08-13,6500.0,6530.0,6535.0,6470.0,6400.0,6625.0,-0.0053557765876052,0.0046367851622874,0.015625,-0.0188679245283018,6509.166666666667,6457.291666666667,43.52202507542355,55.9498837614672,-0.0014082703879145,0.0066139699951603,8,2,0
Vadhvan,Surendranagar,Gujarat,Green Chilli,Green Chilly,FAQ,2025-08-13,1250.0,1250.0,2500.0,2250.0,4500.0,4250.0,-0.5,-0.4444444444444444,-0.7222222222222222,-0.7058823529411764,1750.0,3690.4761904761904,684.6531968814577,1799.1400061987244,-0.2857142857142857,-0.6612903225806451,8,2,0
Shajapur,Shajapur,Madhya Pradesh,Garlic,Garlic,FAQ,2025-08-13,4764.0,1700.0,4862.0,4525.0,4611.0,6227.0,-0.0201563142739613,0.052817679558011,0.0331815224463241,-0.2349445961136984,3580.2,4473.608695652174,1627.974569825952,977.448056705471,0.330651918887213,0.0649120931453062,8,2,0
Barasat,North 24 Parganas,West Bengal,Green Chilli,Other,FAQ,2025-08-13,7000.0,7000.0,7000.0,7500.0,7500.0,6000.0,0.0,-0.0666666666666666,-0.0666666666666666,0.1666666666666667,7071.428571428572,8275.862068965518,188.9822365046136,1515.315896441993,-0.0101010101010101,-0.1541666666666667,8,2,0
Buland Shahr,Bulandshahar,Uttar Pradesh,Brinjal,Round/Long,FAQ,2025-08-13,1700.0,1760.0,1780.0,1650.0,2060.0,1540.0,-0.0449438202247191,0.0303030303030302,-0.1747572815533981,0.1038961038961039,1766.6666666666667,1832.2727272727277,35.59026084010455,177.5677420882039,-0.0377358490566037,-0.0721905234433143,8,2,0
Payagpur,Shravasti,Uttar Pradesh,Green Chilli,Green Chilly,FAQ,2025-08-13,6800.0,6500.0,3800.0,5900.0,6000.0,2800.0,0.7894736842105263,0.1525423728813559,0.1333333333333333,1.4285714285714284,5833.333333333333,5693.333333333333,1422.4392195567914,1004.6084288109938,0.1657142857142857,0.1943793911007025,8,2,0
Bassi Pathana,Fatehgarh,Punjab,Brinjal,Brinjal,FAQ,2025-08-13,1100.0,1100.0,1200.0,2000.0,2200.0,2100.0,-0.0833333333333333,-0.4499999999999999,-0.5,-0.4761904761904761,1516.6666666666667,2276.0,453.50486950711627,607.0969170294532,-0.2747252747252747,-0.5166959578207382,8,2,0
Kot ise Khan,Moga,Punjab,Brinjal,Other,FAQ,2025-08-13,700.0,700.0,900.0,700.0,700.0,600.0,-0.2222222222222222,0.0,0.0,0.1666666666666667,771.4285714285714,734.6153846153846,125.35663410560178,89.184338052408,-0.0925925925925925,-0.0471204188481675,8,2,0
Ankleshwar,Bharuch,Gujarat,Green Chilli,Green Chilly,FAQ,2025-08-13,4000.0,4000.0,4000.0,3000.0,4000.0,7000.0,0.0,0.3333333333333332,0.0,-0.4285714285714286,3750.0,3946.428571428572,273.8612787525714,657.4260374437484,0.0666666666666666,0.0135746606334841,8,2,0
Mohammdi,Khiri (Lakhimpur),Uttar Pradesh,Brinjal,Arkasheela Mattigulla,FAQ,2025-08-13,1625.0,1615.0,1600.0,1520.0,1740.0,1600.0,0.015625,0.069078947368421,-0.0660919540229885,0.015625,1605.8333333333333,1636.875,13.934369977385888,55.71301658850469,0.0119356512714063,-0.0072546773577701,8,2,0
Bassi Pathana,Fatehgarh,Punjab,Cabbage,Cabbage,FAQ,2025-08-13,3200.0,3200.0,3000.0,2100.0,1900.0,2000.0,0.0666666666666666,0.5238095238095237,0.6842105263157894,0.6000000000000001,2883.333333333333,2096.0,411.90613817551525,526.371225150715,0.1098265895953756,0.5267175572519085,8,2,0
Patti,Tarntaran,Punjab,Garlic,Other,FAQ,2025-08-13,3500.0,4000.0,4500.0,6000.0,4500.0,4500.0,-0.2222222222222222,-0.4166666666666666,-0.2222222222222222,-0.2222222222222222,4300.0,4950.0,758.2875444051552,1104.5361017187302,-0.1860465116279069,-0.2929292929292929,8,2,0
Shahpur,Muzaffarnagar,Uttar Pradesh,Brinjal,Round/Long,FAQ,2025-08-13,650.0,640.0,670.0,580.0,660.0,685.0,-0.0298507462686566,0.1206896551724137,-0.0151515151515151,-0.0510948905109489,641.6666666666666,628.25,7.637626158259675,25.053125372078224,0.0129870129870131,0.0346199761241543,8,2,0
Kot ise Khan,Moga,Punjab,Green Chilli,Other,FAQ,2025-08-13,1300.0,1300.0,1300.0,1300.0,1300.0,1300.0,0.0,0.0,0.0,0.0,1300.0,1300.0,0.0,0.0,0.0,0.0,8,2,0
Shahjahanpur,Shahjahanpur,Uttar Pradesh,Brinjal,Brinjal,FAQ,2025-08-13,1720.0,1730.0,1710.0,1670.0,1640.0,1340.0,0.0058479532163742,0.0299401197604789,0.048780487804878,0.2835820895522387,1720.0,1657.5,8.164965809277641,50.56262401585153,0.0,0.0377073906485672,8,2,0
Khatra,Bankura,West Bengal,Brinjal,Round/Long,FAQ,2025-08-13,5000.0,5000.0,4500.0,5000.0,5500.0,7500.0,0.1111111111111111,0.0,-0.0909090909090909,-0.3333333333333333,4800.0,5253.333333333333,251.6611478423616,835.3125920496985,0.0416666666666667,-0.048223350253807,8,2,0
Athirampuzha,Kottayam,Kerala,Brinjal,Brinjal,FAQ,2025-08-13,3600.0,3900.0,3900.0,4100.0,3900.0,4100.0,-0.0769230769230768,-0.1219512195121951,-0.0769230769230768,-0.1219512195121951,3920.0,3708.3333333333335,204.93901531919204,343.78540660868657,-0.0816326530612244,-0.0292134831460674,8,2,0
Dewas(F&V),Dewas,Madhya Pradesh,Green Chilli,Other,FAQ,2025-08-13,3500.0,3200.0,3400.0,2800.0,2500.0,1800.0,0.0294117647058822,0.25,0.3999999999999999,0.9444444444444444,3420.0,2809.090909090909,130.38404810405427,565.6088930642976,0.023391812865497,0.2459546925566342,8,2,0
Patti,Tarntaran,Punjab,Brinjal,Other,FAQ,2025-08-13,1400.0,1200.0,1800.0,1400.0,1400.0,530.0,-0.2222222222222222,0.0,0.0,1.641509433962264,1542.857142857143,1983.3333333333333,320.7134902949097,832.3182223094766,-0.0925925925925925,-0.2941176470588235,8,2,0
Jaunpur,Jaunpur,Uttar Pradesh,Garlic,Garlic,FAQ,2025-08-13,6500.0,6500.0,6500.0,6300.0,6550.0,6050.0,0.0,0.0317460317460318,-0.0076335877862595,0.0743801652892561,6500.0,6448.846153846154,7.478847922426531e-05,83.01992346476226,0.0,0.0079322478678356,8,2,0
Ankleshwar,Bharuch,Gujarat,Cabbage,Cabbage,FAQ,2025-08-13,1500.0,1100.0,1200.0,500.0,1200.0,1500.0,0.25,2.0,0.25,0.0,1016.6666666666666,1091.304347826087,306.05010483034744,279.46872239736234,0.4754098360655738,0.3745019920318724,8,2,1
Shamli,Shamli,Uttar Pradesh,Green Chilli,Green Chilly,FAQ,2025-08-13,4150.0,4100.0,4100.0,4500.0,4850.0,3800.0,0.0121951219512195,-0.0777777777777777,-0.1443298969072165,0.0921052631578946,4107.142857142857,4566.071428571428,101.7700489198208,336.6648986280699,0.0104347826086956,-0.0911224090731325,8,2,0
Sitapur,Sitapur,Uttar Pradesh,Brinjal,Round/Long,FAQ,2025-08-13,1670.0,1670.0,1680.0,1680.0,1695.0,1580.0,-0.0059523809523809,-0.0059523809523809,-0.0147492625368731,0.0569620253164557,1680.8333333333333,1666.428571428571,9.17423929634551,31.852005659765773,-0.0064452156668318,0.0021431633090442,8,2,0
Sirsaganj,Firozabad,Uttar Pradesh,Brinjal,Brinjal,FAQ,2025-08-13,1100.0,1100.0,1100.0,1100.0,1100.0,1100.0,0.0,0.0,0.0,0.0,1100.0,1100.0,0.0,0.0,0.0,0.0,8,2,0
Hoshiarpur,Hoshiarpur,Punjab,Banana,Other,Large,2025-08-13,1250.0,1500.0,1800.0,2200.0,2500.0,2800.0,-0.3055555555555556,-0.4318181818181817,-0.5,-0.5535714285714286,1587.5,2150.0,265.75364531836624,400.4461797259956,-0.2125984251968503,-0.4186046511627906,8,2,0
Barasat,North 24 Parganas,West Bengal,Brinjal,Other,FAQ,2025-08-13,5000.0,5000.0,5000.0,5000.0,5500.0,6500.0,0.0,0.0,-0.0909090909090909,-0.2307692307692307,5000.0,5500.0,0.0,640.8699444616426,0.0,-0.0909090909090909,8,2,0
A lot,Ratlam,Madhya Pradesh,Garlic,Garlic,FAQ,2025-08-13,5500.0,5212.0,5000.0,1900.0,4000.0,1900.0,0.1,1.8947368421052635,0.375,1.8947368421052635,4302.8,3059.7727272727275,1309.094037875049,1402.0622203372327,0.2782374267918563,0.7975191264948376,8,2,1
Piplya,Mandsaur,Madhya Pradesh,Garlic,Garlic-Organic,FAQ,2025-08-13,3701.0,6380.0,3000.0,4370.0,5150.0,4900.0,0.2336666666666667,-0.1530892448512586,-0.2813592233009708,-0.2446938775510204,4724.4,4217.444444444444,2177.713548656021,1909.7939901905163,-0.2166200999068663,-0.1224543562452248,8,2,0
Medinipur(West),Medinipur(W),West Bengal,Brinjal,Brinjal,FAQ,2025-08-13,5400.0,5300.0,5500.0,5200.0,5200.0,6300.0,-0.0181818181818181,0.0384615384615385,0.0384615384615385,-0.1428571428571429,5142.857142857143,5292.857142857143,325.86880211288326,414.4863590022472,0.05,0.0202429149797569,8,2,0
Ghiraur,Mainpuri,Uttar Pradesh,Green Chilli,Green Chilly,FAQ,2025-08-13,4475.0,4350.0,4400.0,5000.0,4790.0,2480.0,0.0170454545454545,-0.1049999999999999,-0.0657620041753653,0.8044354838709677,4497.5,4649.375,142.60960696951625,285.0679266878283,-0.0050027793218454,-0.0375050410001344,8,2,0
Agra,Agra,Uttar Pradesh,Brinjal,Round/Long,FAQ,2025-08-13,1340.0,1360.0,1420.0,1550.0,1620.0,2000.0,-0.0563380281690141,-0.1354838709677419,-0.1728395061728395,-0.3299999999999999,1386.6666666666667,1540.8,32.659863237109185,131.14622881856974,-0.0336538461538462,-0.1303219106957424,8,2,0
Siliguri,Darjeeling,West Bengal,Banana,Other,Large,2025-08-13,1900.0,1900.0,1900.0,1900.0,1900.0,1900.0,0.0,0.0,0.0,0.0,1900.0,1900.0,0.0,0.0,0.0,0.0,8,2,0
Anwala,Bareilly,Uttar Pradesh,Brinjal,Brinjal,FAQ,2025-08-13,1400.0,1400.0,1500.0,900.0,1100.0,1100.0,-0.0666666666666666,0.5555555555555556,0.2727272727272727,0.2727272727272727,1300.0,1048.2758620689656,216.02468994692853,223.00014358607208,0.0769230769230768,0.3355263157894737,8,2,0
Medinipur(West),Medinipur(W),West Bengal,Garlic,Garlic,FAQ,2025-08-13,10500.0,10500.0,11200.0,10500.0,10500.0,10500.0,-0.0625,0.0,0.0,0.0,10900.0,10560.714285714286,374.1657386773977,680.0540750363807,-0.036697247706422,-0.0057490700033818,8,2,0
Coochbehar,Coochbehar,West Bengal,Green Chilli,Other,FAQ,2025-08-13,7500.0,7500.0,5500.0,3500.0,8300.0,9000.0,0.3636363636363635,1.1428571428571428,-0.0963855421686746,-0.1666666666666666,5785.714285714285,6986.666666666667,1799.4708216848744,2103.1558115879307,0.2962962962962963,0.0734732824427479,8,2,0
Vadhvan,Surendranagar,Gujarat,Garlic,Garlic,FAQ,2025-08-13,10250.0,10750.0,8500.0,8500.0,7250.0,10750.0,0.2058823529411764,0.2058823529411764,0.4137931034482758,-0.0465116279069767,9750.0,9226.190476190475,1159.202311936963,1571.0362064270682,0.0512820512820513,0.1109677419354837,8,2,0
Kosikalan,Mathura,Uttar Pradesh,Green Chilli,Green Chilly,FAQ,2025-08-13,4500.0,4545.0,4750.0,5160.0,5340.0,1900.0,-0.0526315789473684,-0.127906976744186,-0.1573033707865169,1.3684210526315788,4591.0,4727.826086956522,158.6820720812365,477.400218244025,-0.0198213896754519,-0.0481883391576237,8,2,0
Kanpur(Grain),Kanpur,Uttar Pradesh,Green Chilli,Green Chilly,FAQ,2025-08-13,5300.0,5250.0,5300.0,5200.0,5200.0,2510.0,0.0,0.0192307692307691,0.0192307692307691,1.1115537848605577,5236.666666666667,5025.384615384615,55.37749241945188,356.6873226705157,0.0120942075111394,0.0546456451859789,8,2,0
Perinthalmanna,Malappuram,Kerala,Cabbage,Cabbage,FAQ,2025-08-13,1400.0,5300.0,4800.0,1300.0,2200.0,4500.0,-0.7083333333333333,0.0769230769230768,-0.3636363636363636,-0.6888888888888889,3883.3333333333335,2537.5,1609.2441289831283,1173.5536889591222,-0.6394849785407726,-0.4482758620689655,8,2,0
Perambra,Kozhikode(Calicut),Kerala,Cabbage,Other,FAQ,2025-08-13,3000.0,2500.0,2600.0,2800.0,3000.0,3000.0,0.1538461538461537,0.0714285714285714,0.0,0.0,2700.0,2907.692307692308,236.64319132398452,169.52422109676226,0.1111111111111111,0.0317460317460318,8,2,0
Shamli,Shamli,Uttar Pradesh,Brinjal,Round/Long,FAQ,2025-08-13,1700.0,1680.0,1680.0,1775.0,2000.0,2100.0,0.0119047619047618,-0.0422535211267606,-0.15,-0.1904761904761904,1695.0,1917.321428571429,14.433756729675297,180.6340793840451,0.0029498525073745,-0.1133463723572693,8,2,0
Dahod(Veg. Market),Dahod,Gujarat,Green Chilli,Green Chilly,FAQ,2025-08-13,4000.0,3500.0,4000.0,4500.0,5000.0,8000.0,0.0,-0.1111111111111111,-0.1999999999999999,-0.5,3916.6666666666665,5338.461538461538,376.38632635454064,1600.7690459468415,0.0212765957446809,-0.2507204610951008,8,2,0
Siliguri,Darjeeling,West Bengal,Green Chilli,Green Chilly,FAQ,2025-08-13,7000.0,7000.0,6200.0,5800.0,5900.0,7900.0,0.1290322580645162,0.2068965517241379,0.1864406779661016,-0.1139240506329114,6400.0,6664.285714285715,489.8979485566357,954.6045470611492,0.09375,0.05037513397642,8,2,0
Piravam,Ernakulam,Kerala,Cabbage,Other,FAQ,2025-08-13,5000.0,5000.0,5000.0,5000.0,7000.0,5000.0,0.0,0.0,-0.2857142857142857,0.0,5583.333333333333,5148.148148148148,1428.8690166235206,1158.702978589679,-0.1044776119402984,-0.0287769784172661,8,2,0
Mohamadabad,Farukhabad,Uttar Pradesh,Brinjal,Round/Long,FAQ,2025-08-13,1640.0,1630.0,1650.0,1640.0,1620.0,1780.0,-0.0060606060606061,0.0,0.0123456790123457,-0.0786516853932584,1630.0,1649.2,17.88854381999813,33.901819026927484,0.0061349693251533,-0.0055784622847441,8,2,0
Harippad,Alappuzha,Kerala,Cabbage,Other,FAQ,2025-08-13,4000.0,4000.0,4000.0,4000.0,4000.0,4000.0,0.0,0.0,0.0,0.0,4000.0,4000.0,0.0,0.0,0.0,0.0,8,2,0
Kosikalan,Mathura,Uttar Pradesh,Cabbage,Cabbage,FAQ,2025-08-13,2000.0,1960.0,1960.0,1600.0,1600.0,960.0,0.0204081632653061,0.25,0.25,1.0833333333333337,1944.0,1729.1304347826087,82.94576541331088,195.63214653756597,0.0288065843621398,0.1566507417651494,8,2,0
Daloda,Mandsaur,Madhya Pradesh,Garlic,Garlic,FAQ,2025-08-13,4000.0,4700.0,3601.0,3400.0,1300.0,4600.0,0.1108025548458762,0.1764705882352941,2.076923076923077,-0.1304347826086956,3780.2,3445.05,605.7311284720311,1144.5479675400877,0.0581450716893285,0.1610861961364855,8,2,0
Perambra,Kozhikode(Calicut),Kerala,Green Chilli,Other,FAQ,2025-08-13,6500.0,6000.0,6000.0,6500.0,7500.0,4500.0,0.0833333333333332,0.0,-0.1333333333333333,0.4444444444444444,6333.333333333333,6950.0,258.1988897471612,574.0777102372906,0.0263157894736842,-0.0647482014388489,8,2,0
Meerut,Meerut,Uttar Pradesh,Cabbage,Cabbage,FAQ,2025-08-13,1550.0,1650.0,1680.0,1450.0,1470.0,1100.0,-0.0773809523809523,0.0689655172413792,0.054421768707483,0.4090909090909091,1635.0,1545.8823529411766,58.22370651203856,89.44682942462005,-0.0519877675840978,0.0026636225266361,8,2,0
Baruipur(Canning),Sounth 24 Parganas,West Bengal,Green Chilli,Green Chilly,FAQ,2025-08-13,8700.0,8800.0,8600.0,8600.0,8100.0,8900.0,0.0116279069767442,0.0116279069767442,0.0740740740740741,-0.0224719101123596,8642.857142857143,8982.142857142857,78.67957924694404,748.8527380469451,0.0066115702479339,-0.0314115308151092,8,2,0
Mehatpur,Jalandhar,Punjab,Brinjal,Other,FAQ,2025-08-13,2500.0,3000.0,2000.0,3000.0,3000.0,2500.0,0.25,-0.1666666666666666,-0.1666666666666666,0.0,2683.333333333333,2734.782608695652,402.077936060494,325.5885519153577,-0.0683229813664596,-0.0858505564387916,8,2,0
Aroor,Alappuzha,Kerala,Green Chilli,Other,FAQ,2025-08-13,9100.0,9100.0,9100.0,8100.0,11000.0,7100.0,0.0,0.1234567901234569,-0.1727272727272727,0.2816901408450705,9050.0,8968.181818181818,100.00000000002936,1363.9530656763664,0.0055248618784531,0.0146984287886466,8,2,0
Jalpaiguri Sadar,Jalpaiguri,West Bengal,Green Chilli,Other,FAQ,2025-08-13,8000.0,9000.0,7800.0,6800.0,2000.0,1100.0,0.0256410256410255,0.1764705882352941,3.0,6.2727272727272725,7483.333333333333,6938.461538461538,1112.5046816380896,973.4290434151428,0.069042316258352,0.1529933481152994,8,2,0
Kosikalan,Mathura,Uttar Pradesh,Garlic,Desi,FAQ,2025-08-13,5600.0,5600.0,5545.0,5540.0,5700.0,5800.0,0.0099188458070333,0.0108303249097472,-0.0175438596491228,-0.0344827586206896,5581.0,5684.347826086957,26.55183609479993,623.9177982494538,0.0034044078122199,-0.0148386109836317,8,2,0
Mohamadabad,Farukhabad,Uttar Pradesh,Banana,Banana - Ripe,Medium,2025-08-13,2850.0,2800.0,2850.0,2810.0,2900.0,2850.0,0.0,0.0142348754448398,-0.0172413793103448,0.0,2833.333333333333,2847.2,20.655911179772605,31.559467676086012,0.0058823529411764,0.0009834223096376,8,2,0
Shamli,Shamli,Uttar Pradesh,Cabbage,Cabbage,FAQ,2025-08-13,1700.0,1700.0,1630.0,1575.0,1260.0,1100.0,0.0429447852760735,0.0793650793650793,0.3492063492063493,0.5454545454545454,1655.0,1365.357142857143,42.32808366398902,254.08123726926613,0.027190332326284,0.2450954747580433,8,2,0
Piravam,Ernakulam,Kerala,Green Chilli,Other,FAQ,2025-08-13,8500.0,8500.0,9000.0,9000.0,7000.0,5500.0,-0.0555555555555555,-0.0555555555555555,0.2142857142857142,0.5454545454545454,8666.666666666666,8173.076923076923,258.1988897471611,882.5226081218359,-0.0192307692307691,0.04,8,2,0
Anoop Shahar,Bulandshahar,Uttar Pradesh,Green Chilli,Green Chilly,FAQ,2025-08-13,4200.0,4300.0,4200.0,3800.0,4600.0,3600.0,0.0,0.1052631578947369,-0.0869565217391304,0.1666666666666667,4171.428571428572,4100.0,170.43362064927237,308.5002654668212,0.0068493150684931,0.024390243902439,8,2,0
Kannauj,Kannuj,Uttar Pradesh,Brinjal,Round,FAQ,2025-08-13,1640.0,1640.0,1620.0,1550.0,1630.0,1750.0,0.0123456790123457,0.0580645161290322,0.0061349693251533,-0.0628571428571428,1636.6666666666667,1654.8,13.662601021279196,58.17502327747186,0.0020366598778003,-0.0089436789944403,8,2,0
Jaunpur,Jaunpur,Uttar Pradesh,Banana,Banana - Ripe,Medium,2025-08-13,2800.0,2810.0,2800.0,2775.0,2850.0,2800.0,0.0,0.0090090090090089,-0.0175438596491228,0.0,2800.0,2813.5416666666665,6.324555320336738,24.20380704273862,0.0,-0.0048130322102923,8,2,0
Meerut,Meerut,Uttar Pradesh,Green Chilli,Green Chilly,FAQ,2025-08-13,4000.0,4100.0,3200.0,3950.0,3990.0,2050.0,0.25,0.0126582278481013,0.0025062656641603,0.951219512195122,3635.714285714286,4023.8888888888887,402.817458362848,616.0322650916739,0.1001964636542238,-0.0059367665332044,8,2,0
Mehmoodabad,Sitapur,Uttar Pradesh,Banana,Banana - Ripe,Medium,2025-08-13,2770.0,2780.0,2770.0,2810.0,2730.0,2670.0,0.0,-0.0142348754448398,0.0146520146520146,0.0374531835205993,2775.0,2749.5652173913045,5.773502691951433,41.93916165866964,-0.0018018018018017,0.0074320050600884,8,2,0
Meerut,Meerut,Uttar Pradesh,Brinjal,Brinjal,FAQ,2025-08-13,1900.0,1610.0,1700.0,1950.0,1940.0,1440.0,0.1176470588235294,-0.0256410256410256,-0.0206185567010309,0.3194444444444444,1735.0,1872.3529411764705,114.67344941179712,132.2180685347564,0.095100864553314,0.0147659440779139,8,2,0
Aroor,Alappuzha,Kerala,Garlic,Other,FAQ,2025-08-13,13300.0,14900.0,14900.0,15700.0,16100.0,15700.0,-0.1073825503355704,-0.1528662420382165,-0.1739130434782608,-0.1528662420382165,14425.0,15404.761904761905,763.2168761236767,813.3118654471795,-0.0779896013864818,-0.136630602782071,8,2,0
Jalpaiguri Sadar,Jalpaiguri,West Bengal,Brinjal,Round/Long,FAQ,2025-08-13,3400.0,3400.0,2900.0,2900.0,3200.0,3100.0,0.1724137931034481,0.1724137931034481,0.0625,0.096774193548387,3257.1428571428573,3034.6153846153848,263.6736799982278,266.74678283693714,0.0438596491228069,0.1204055766793408,8,2,0
Mehatpur,Jalandhar,Punjab,Green Chilli,Other,FAQ,2025-08-13,5000.0,4000.0,4000.0,5000.0,5000.0,3000.0,0.25,0.0,0.0,0.6666666666666667,4333.333333333333,4666.666666666667,516.3977794943223,481.5434123430728,0.1538461538461539,0.0714285714285714,8,2,1
Porbandar,Porbandar,Gujarat,Cabbage,Cabbage,FAQ,2025-08-13,1500.0,1500.0,1750.0,2000.0,2500.0,1750.0,-0.1428571428571429,-0.25,-0.4,-0.1428571428571429,1650.0,2163.043478260869,223.606797749979,358.4110740807484,-0.0909090909090909,-0.3065326633165829,8,2,1
Harippad,Alappuzha,Kerala,Brinjal,Other,FAQ,2025-08-13,4000.0,4000.0,4000.0,4000.0,4000.0,4000.0,0.0,0.0,0.0,0.0,4000.0,4000.0,0.0,0.0,0.0,0.0,8,2,0
Garh Shankar,Hoshiarpur,Punjab,Cabbage,Cabbage,FAQ,2025-08-13,1200.0,1200.0,1200.0,1200.0,1000.0,1000.0,0.0,0.0,0.1999999999999999,0.1999999999999999,1200.0,1177.7777777777778,0.0,143.71358589653622,0.0,0.0188679245283018,8,2,1
Kannauj,Kannuj,Uttar Pradesh,Banana,Banana - Ripe,Medium,2025-08-13,2850.0,2850.0,2850.0,2850.0,2860.0,2860.0,0.0,0.0,-0.0034965034965035,-0.0034965034965035,2850.0,2839.2,2.5589767198560216e-06,25.31797780234146,0.0,0.003803888419273,8,2,0
Mohamadabad,Farukhabad,Uttar Pradesh,Green Chilli,Green Chilly,FAQ,2025-08-13,5150.0,5100.0,5150.0,5250.0,4780.0,2750.0,0.0,-0.019047619047619,0.0774058577405858,0.8727272727272728,5166.666666666667,4896.0,40.82482904638884,364.54309301734975,-0.0032258064516129,0.0518790849673203,8,2,0
Agar,Shajapur,Madhya Pradesh,Garlic,Garlic,FAQ,2025-08-13,3405.0,5200.0,1300.0,2705.0,2000.0,3400.0,1.6192307692307693,0.2587800369685766,0.7024999999999999,0.0014705882352941,3581.0,2771.590909090909,1597.3587574493058,987.9480735867982,-0.0491482826026249,0.2285362853628536,8,2,0
Farukhabad,Farukhabad,Uttar Pradesh,Brinjal,Round/Long,FAQ,2025-08-13,1650.0,1700.0,1625.0,1625.0,1700.0,1800.0,0.0153846153846153,0.0153846153846153,-0.0294117647058823,-0.0833333333333333,1641.6666666666667,1647.1153846153843,34.156502553198884,35.58575773883284,0.0050761421319796,0.0017513134851139,8,2,0
Jaunpur,Jaunpur,Uttar Pradesh,Brinjal,Brinjal,FAQ,2025-08-13,1810.0,1800.0,1800.0,1750.0,1700.0,1730.0,0.0055555555555555,0.0342857142857142,0.0647058823529411,0.0462427745664739,1797.5,1819.8,33.72684390808015,103.14310447140905,0.0069541029207231,-0.0053852071656225,8,2,0
Shamli,Shamli,Uttar Pradesh,Garlic,Garlic,FAQ,2025-08-13,6070.0,6050.0,6100.0,6000.0,6300.0,6500.0,-0.0049180327868852,0.0116666666666667,-0.0365079365079364,-0.0661538461538461,6067.142857142857,6274.107142857143,37.28908942646344,223.826377700732,0.0004709206498705,-0.0325316635833214,8,2,0
Sirsa,Prayagraj,Uttar Pradesh,Green Chilli,Green Chilly,FAQ,2025-08-13,3500.0,3400.0,3300.0,3400.0,3300.0,1700.0,0.0606060606060605,0.0294117647058822,0.0606060606060605,1.0588235294117645,3350.0,3184.2105263157896,151.65750888103165,320.17904347885616,0.0447761194029849,0.0991735537190081,8,2,0
Mirzapur,Mirzapur,Uttar Pradesh,Green Chilli,Green Chilly,FAQ,2025-08-13,4675.0,4650.0,4700.0,4600.0,4550.0,2300.0,-0.0053191489361702,0.0163043478260869,0.0274725274725273,1.0326086956521738,4682.0,4625.0,20.796634343084897,195.07916944908388,-0.0014950875694147,0.0108108108108107,8,2,0
Agra,Agra,Uttar Pradesh,Banana,Banana - Ripe,Medium,2025-08-13,2550.0,2600.0,2560.0,2680.0,2600.0,2550.0,-0.00390625,-0.0485074626865671,-0.0192307692307692,0.0,2555.0,2596.4,25.884358211089253,83.95832299421102,-0.0019569471624266,-0.0178708981666924,8,2,0
Kosikalan,Mathura,Uttar Pradesh,Brinjal,Brinjal,FAQ,2025-08-13,1500.0,1600.0,1445.0,1540.0,1500.0,1535.0,0.0380622837370241,-0.0259740259740259,0.0,-0.0228013029315961,1509.0,1607.8260869565215,56.169386679934505,132.17435185593698,-0.0059642147117295,-0.0670632774472688,8,2,0
Durgapur,Paschim Bardhaman,West Bengal,Cabbage,Other,FAQ,2025-08-13,2050.0,2000.0,2000.0,1950.0,2100.0,1900.0,0.0249999999999999,0.0512820512820513,-0.0238095238095238,0.0789473684210526,2028.571428571429,1966.6666666666667,26.72612419126484,90.33780792244686,0.01056338028169,0.042372881355932,8,2,0
Perambra,Kozhikode(Calicut),Kerala,Brinjal,Other,FAQ,2025-08-13,3500.0,3500.0,3500.0,4000.0,3200.0,3000.0,0.0,-0.125,0.09375,0.1666666666666667,3666.6666666666665,3519.230769230769,258.1988897471611,309.8634935183318,-0.0454545454545454,-0.0054644808743169,8,2,0
Bassi Pathana,Fatehgarh,Punjab,Banana,Medium,Medium,2025-08-13,2800.0,3200.0,2600.0,3200.0,3200.0,3600.0,0.0769230769230768,-0.125,-0.125,-0.2222222222222222,2966.6666666666665,3065.217391304348,233.80903889000237,249.74295085542863,-0.0561797752808987,-0.0865248226950354,8,2,0
Piravam,Ernakulam,Kerala,Brinjal,Other,FAQ,2025-08-13,4500.0,4500.0,4500.0,4000.0,7000.0,4500.0,0.0,0.125,-0.3571428571428571,0.0,4416.666666666667,4518.518518518518,204.12414523193155,579.8123284152698,0.0188679245283018,-0.0040983606557376,8,2,0
Perinthalmanna,Malappuram,Kerala,Brinjal,Brinjal,FAQ,2025-08-13,3200.0,3400.0,3000.0,3200.0,1800.0,2800.0,0.0666666666666666,0.0,0.7777777777777777,0.1428571428571428,3080.0,2712.608695652174,228.0350850198313,479.3197584390157,0.0389610389610388,0.1796762301650905,8,2,0
Medinipur(West),Medinipur(W),West Bengal,Green Chilli,Green Chilly,FAQ,2025-08-13,9500.0,10500.0,9000.0,9000.0,8000.0,6000.0,0.0555555555555555,0.0555555555555555,0.1875,0.5833333333333333,9071.42857142857,8589.285714285714,932.2272357358175,1338.9712152783318,0.0472440944881891,0.106029106029106,8,2,0
Porbandar,Porbandar,Gujarat,Brinjal,Arkasheela Mattigulla,FAQ,2025-08-13,1000.0,1000.0,1000.0,1000.0,1500.0,4500.0,0.0,0.0,-0.3333333333333333,-0.7777777777777778,1000.0,1407.608695652174,0.0,635.3879801943808,0.0,-0.2895752895752896,8,2,0
Asansol,Paschim Bardhaman,West Bengal,Brinjal,Other,FAQ,2025-08-13,4350.0,4350.0,4500.0,4350.0,4400.0,5350.0,-0.0333333333333333,0.0,-0.0113636363636363,-0.1869158878504673,4328.571428571428,4520.0,118.52265204432231,291.72495312514576,0.0049504950495049,-0.0376106194690265,8,2,0
Dudhansadhan,Patiala,Punjab,Brinjal,Other,FAQ,2025-08-13,1800.0,1800.0,1800.0,1800.0,2800.0,2000.0,0.0,0.0,-0.3571428571428571,-0.0999999999999999,1800.0,2296.296296296296,0.0,487.1277525387388,0.0,-0.2161290322580644,8,2,0
Kharar,Mohali,Punjab,Green Chilli,Green Chilly,FAQ,2025-08-13,3000.0,2500.0,2500.0,2500.0,3000.0,2500.0,0.1999999999999999,0.1999999999999999,0.0,0.1999999999999999,2583.333333333333,3187.5,204.12414523193144,941.92794887379,0.161290322580645,-0.0588235294117647,8,2,0
Damnagar,Amreli,Gujarat,Brinjal,Other,FAQ,2025-08-13,1000.0,900.0,1000.0,1000.0,2000.0,2850.0,0.0,0.0,-0.5,-0.6491228070175439,1150.0,1385.0,604.1522986797437,823.9985947867378,-0.1304347826086956,-0.2779783393501804,8,2,1
Perumbavoor,Ernakulam,Kerala,Green Chilli,Green Chilly,FAQ,2025-08-13,6000.0,6000.0,5700.0,5700.0,5500.0,4500.0,0.0526315789473683,0.0526315789473683,0.0909090909090908,0.3333333333333332,5880.0,5388.0,164.31676725154983,433.3205126308503,0.0204081632653061,0.1135857461024498,8,2,0
Patran,Patiala,Punjab,Green Chilli,Other,FAQ,2025-08-13,2160.0,1250.0,1670.0,1380.0,2450.0,1080.0,0.2934131736526946,0.5652173913043479,-0.1183673469387754,1.0,1735.0,1982.9545454545453,314.43600302764366,426.5829319551973,0.244956772334294,0.0892836676217765,8,2,0
Dhanaura,Amroha,Uttar Pradesh,Brinjal,Brinjal,FAQ,2025-08-13,1200.0,1200.0,1200.0,1400.0,1200.0,1200.0,0.0,-0.1428571428571429,0.0,0.0,1200.0,1209.5238095238096,0.0,43.64357804719847,0.0,-0.0078740157480315,8,2,0
Kapadvanj,Kheda,Gujarat,Cabbage,Other,FAQ,2025-08-13,1875.0,1875.0,1550.0,2600.0,1750.0,1625.0,0.2096774193548387,-0.2788461538461538,0.0714285714285714,0.1538461538461537,1745.0,1897.1153846153843,178.00983118917898,305.5590714638536,0.0744985673352436,-0.0116573745565128,8,2,0
Dhanaura,Amroha,Uttar Pradesh,Green Chilli,Green Chilly,FAQ,2025-08-13,1200.0,2200.0,2200.0,2200.0,2200.0,2000.0,-0.4545454545454546,-0.4545454545454546,-0.4545454545454546,-0.4,2000.0,2162.5,447.21359549995793,206.0234262745695,-0.4,-0.4450867052023122,8,2,0
Koduvayoor,Palakad,Kerala,Brinjal,Other,FAQ,2025-08-13,3700.0,2800.0,1700.0,2800.0,3700.0,3000.0,1.176470588235294,0.3214285714285714,0.0,0.2333333333333334,2071.428571428572,2523.333333333333,859.6787882968968,851.2397990004341,0.7862068965517239,0.4663143989431968,8,2,0
Chandausi,Sambhal,Uttar Pradesh,Brinjal,Round/Long,FAQ,2025-08-13,1550.0,1575.0,1540.0,1550.0,1850.0,1460.0,0.0064935064935065,0.0,-0.1621621621621621,0.0616438356164383,1540.0,1678.571428571429,25.49509756796679,124.55062080478272,0.0064935064935065,-0.076595744680851,8,2,0
Vandiperiyar,Idukki,Kerala,Garlic,Other,FAQ,2025-08-13,13000.0,12000.0,13000.0,13000.0,11000.0,11000.0,0.0,0.0,0.1818181818181818,0.1818181818181818,12600.0,12916.666666666666,547.7225575051662,514.9286505443839,0.0317460317460318,0.0064516129032259,8,2,0
Farukhabad,Farukhabad,Uttar Pradesh,Banana,Banana - Ripe,Medium,2025-08-13,2800.0,2750.0,2850.0,2800.0,2950.0,2850.0,-0.0175438596491228,0.0,-0.0508474576271186,-0.0175438596491228,2812.5,2834.6153846153848,37.91437722025819,50.5355929404939,-0.0044444444444444,-0.0122116689280868,8,2,0
Bolpur,Birbhum,West Bengal,Brinjal,Round/Long,FAQ,2025-08-13,5400.0,5400.0,4400.0,4400.0,5400.0,5400.0,0.2272727272727273,0.2272727272727273,0.0,0.0,4828.571428571428,5166.666666666667,534.5224838248485,430.183067152064,0.1183431952662721,0.0451612903225806,8,2,0
Mehmoodabad,Sitapur,Uttar Pradesh,Garlic,Garlic,FAQ,2025-08-13,6260.0,6230.0,6210.0,6230.0,6200.0,6210.0,0.0080515297906602,0.0048154093097914,0.0096774193548387,0.0080515297906602,6235.0,6203.478260869565,22.91287847477959,23.03331493340981,0.0040096230954289,0.0091112980095318,8,2,0
Agra,Agra,Uttar Pradesh,Green Chilli,Green Chilly,FAQ,2025-08-13,4350.0,4300.0,4250.0,4200.0,4500.0,3200.0,0.0235294117647058,0.0357142857142858,-0.0333333333333333,0.359375,4266.666666666667,4530.0,108.0123449734636,287.95254238619987,0.01953125,-0.0397350993377483,8,2,0
Morbi,Morbi,Gujarat,Green Chilli,Green Chilly,FAQ,2025-08-13,1500.0,1500.0,1500.0,2500.0,3500.0,5250.0,0.0,-0.4,-0.5714285714285714,-0.7142857142857143,1550.0,3150.0,111.80339887498974,1188.0481191152717,-0.032258064516129,-0.5238095238095238,8,2,0
Pattambi,Palakad,Kerala,Brinjal,Other,FAQ,2025-08-13,2800.0,2800.0,3500.0,3500.0,2800.0,2800.0,-0.1999999999999999,-0.1999999999999999,0.0,0.0,3150.0,2940.740740740741,383.40579025361626,364.0152778485056,-0.1111111111111111,-0.0478589420654912,8,2,0
Pipariya(F&V),Hoshangabad,Madhya Pradesh,Cabbage,Cabbage,FAQ,2025-08-13,900.0,900.0,1200.0,1200.0,1200.0,1200.0,-0.25,-0.25,-0.25,-0.25,1060.0,1213.0434782608695,151.657508881031,132.47417527436983,-0.150943396226415,-0.2580645161290322,8,2,0
Dewas(F&V),Dewas,Madhya Pradesh,Garlic,Other,FAQ,2025-08-13,4000.0,3200.0,3500.0,3500.0,3500.0,3800.0,0.1428571428571428,0.1428571428571428,0.1428571428571428,0.0526315789473683,3480.0,3745.4545454545455,327.10854467592554,352.84864248310123,0.1494252873563217,0.0679611650485436,8,2,1
Basti,Basti,Uttar Pradesh,Brinjal,Brinjal,FAQ,2025-08-13,1760.0,1750.0,1710.0,1725.0,1790.0,1660.0,0.0292397660818712,0.0202898550724637,-0.0167597765363128,0.0602409638554217,1731.6666666666667,1749.423076923077,19.66384160498273,37.71808380807431,0.0163618864292589,0.0060459492140265,8,2,0
Vandiperiyar,Idukki,Kerala,Cabbage,Other,FAQ,2025-08-13,3500.0,3500.0,3500.0,3600.0,3600.0,3500.0,0.0,-0.0277777777777777,-0.0277777777777777,0.0,3500.0,3584.0,0.0,246.1029594837656,0.0,-0.0234375,8,2,0
Farukhabad,Farukhabad,Uttar Pradesh,Garlic,Garlic,FAQ,2025-08-13,5700.0,5700.0,5800.0,5900.0,5900.0,6500.0,-0.0172413793103448,-0.0338983050847457,-0.0338983050847457,-0.123076923076923,5787.5,5977.884615384615,94.53835200594538,197.14549488600304,-0.0151187904967602,-0.0464854431397779,8,2,0
Durgapur,Paschim Bardhaman,West Bengal,Brinjal,Other,FAQ,2025-08-13,4450.0,4350.0,4500.0,4450.0,4450.0,5350.0,-0.011111111111111,0.0,0.0,-0.1682242990654205,4400.0,4565.0,108.01234497351156,284.4080361636953,0.0113636363636364,-0.0251916757940854,8,2,0
Mehmoodabad,Sitapur,Uttar Pradesh,Brinjal,Round/Long,FAQ,2025-08-13,1660.0,1670.0,1685.0,1650.0,1680.0,1390.0,-0.0148367952522254,0.0060606060606061,-0.0119047619047618,0.1942446043165466,1673.75,1663.2608695652175,11.086778913041886,30.62265559309624,-0.0082150858849887,-0.0019605280355509,8,2,0
Pipariya(F&V),Hoshangabad,Madhya Pradesh,Brinjal,Brinjal,FAQ,2025-08-13,1300.0,1200.0,1200.0,1200.0,900.0,1600.0,0.0833333333333332,0.0833333333333332,0.4444444444444444,-0.1875,1200.0,1258.3333333333333,70.71067811865471,186.30658852422823,0.0833333333333332,0.0331125827814571,8,2,0
Khandhla,Shamli,Uttar Pradesh,Brinjal,Round/Long,FAQ,2025-08-13,1450.0,1450.0,1450.0,1450.0,1450.0,1450.0,0.0,0.0,0.0,0.0,1450.0,1459.5238095238096,0.0,30.07926037592526,0.0,-0.0065252854812398,8,2,0
Sheoraphuly,Hooghly,West Bengal,Brinjal,Other,FAQ,2025-08-13,7000.0,7000.0,5800.0,5800.0,5800.0,5800.0,0.2068965517241379,0.2068965517241379,0.2068965517241379,0.2068965517241379,6242.857142857143,6003.333333333333,576.9377287516767,341.8845674657817,0.1212814645308923,0.1660188784008884,8,2,0
Anwala,Bareilly,Uttar Pradesh,Green Chilli,Green Chilly,FAQ,2025-08-13,3800.0,4200.0,3200.0,3500.0,3200.0,3600.0,0.1875,0.0857142857142856,0.1875,0.0555555555555555,3642.857142857143,3410.344827586207,320.7134902949093,276.9022875443564,0.0431372549019608,0.1142568250758342,8,2,0
Angamaly,Ernakulam,Kerala,Green Chilli,Green Chilly,FAQ,2025-08-13,8000.0,8000.0,8000.0,8000.0,8000.0,6000.0,0.0,0.0,0.0,0.3333333333333332,8000.0,8295.454545454546,0.0,766.238352029716,0.0,-0.0356164383561644,8,2,1
Hasanpur,Amroha,Uttar Pradesh,Green Chilli,Green Chilly,FAQ,2025-08-13,1850.0,1850.0,1850.0,1850.0,1850.0,1450.0,0.0,0.0,0.0,0.2758620689655173,1850.0,1850.0,0.0,0.0,0.0,0.0,8,2,0
Barabanki,Barabanki,Uttar Pradesh,Brinjal,Round/Long,FAQ,2025-08-13,1810.0,1800.0,1780.0,1900.0,1810.0,1550.0,0.0168539325842695,-0.0473684210526316,0.0,0.1677419354838709,1815.0,1838.8461538461536,32.7108544675908,72.9014086600234,-0.0027548209366391,-0.0156870947500522,8,2,0
Pilibhit,Pillibhit,Uttar Pradesh,Green Chilli,Green Chilly,FAQ,2025-08-13,4345.0,4340.0,4330.0,4315.0,4055.0,3550.0,0.0034642032332563,0.0069524913093859,0.0715166461159062,0.2239436619718309,4332.857142857143,4126.678571428572,8.091735936471661,184.8198429244221,0.0028025057698648,0.052904878534276,8,2,0
Dadri,Gautam Budh Nagar,Uttar Pradesh,Green Chilli,Green Chilly,FAQ,2025-08-13,4300.0,4160.0,3950.0,4350.0,4350.0,2200.0,0.0886075949367088,-0.0114942528735632,-0.0114942528735632,0.9545454545454546,3973.3333333333335,4021.2,227.47893675388303,344.9917873418567,0.082214765100671,0.0693325375509799,8,2,0
Kothamangalam,Ernakulam,Kerala,Brinjal,Other,FAQ,2025-08-13,3000.0,3500.0,3500.0,3000.0,3000.0,4500.0,-0.1428571428571429,0.0,0.0,-0.3333333333333333,3375.0,3136.3636363636365,250.0,227.921152919268,-0.1111111111111111,-0.0434782608695653,8,2,0
Aroor,Alappuzha,Kerala,Brinjal,Other,FAQ,2025-08-13,5100.0,5100.0,5300.0,5700.0,5600.0,5600.0,-0.0377358490566037,-0.1052631578947368,-0.0892857142857143,-0.0892857142857143,5240.0,5269.2307692307695,219.0890230020652,363.0638850331828,-0.0267175572519083,-0.0321167883211679,8,2,0
Mathura,Mathura,Uttar Pradesh,Green Chilli,Green Chilly,FAQ,2025-08-13,4500.0,4500.0,4600.0,4800.0,4800.0,3200.0,-0.0217391304347825,-0.0625,-0.0625,0.40625,4566.666666666667,4730.769230769231,121.10601416389964,424.9886876322531,-0.0145985401459854,-0.0487804878048779,8,2,0
Koduvayoor,Palakad,Kerala,Cabbage,Other,FAQ,2025-08-13,1800.0,1700.0,1700.0,1700.0,1800.0,2200.0,0.0588235294117647,0.0588235294117647,0.0,-0.1818181818181817,1757.142857142857,1856.6666666666667,207.01966780270425,372.95033720723535,0.024390243902439,-0.0305206463195691,8,2,0
Patran,Patiala,Punjab,Cabbage,Other,FAQ,2025-08-13,2110.0,1800.0,1740.0,1480.0,1000.0,700.0,0.2126436781609195,0.4256756756756756,1.11,2.0142857142857142,1686.6666666666667,1357.142857142857,297.70231216211045,358.0941615991922,0.25098814229249,0.5547368421052632,8,2,0
Dahod(Veg. Market),Dahod,Gujarat,Brinjal,Brinjal,FAQ,2025-08-13,1750.0,1750.0,2000.0,3000.0,2000.0,5000.0,-0.125,-0.4166666666666666,-0.125,-0.65,2083.333333333333,2066.0,341.56502553201506,417.7618939060882,-0.16,-0.1529525653436592,8,2,0
Bishnupur(Bankura),Bankura,West Bengal,Brinjal,Brinjal,FAQ,2025-08-13,5000.0,5000.0,5000.0,5000.0,5500.0,8000.0,0.0,0.0,-0.0909090909090909,-0.375,4857.142857142857,5350.0,243.97501823712636,752.3526319210969,0.0294117647058824,-0.0654205607476635,8,2,0
Jalore,Jalore,Rajasthan,Cabbage,Other,FAQ,2025-08-13,1100.0,1300.0,1300.0,1300.0,1600.0,1800.0,-0.1538461538461538,-0.1538461538461538,-0.3125,-0.3888888888888888,1233.3333333333333,1304.3478260869565,103.27955589886442,110.69310921135866,-0.108108108108108,-0.1566666666666666,8,2,1
Fazilka,Fazilka,Punjab,Banana,Other,Medium,2025-08-13,4000.0,4000.0,4000.0,4000.0,4000.0,3000.0,0.0,0.0,0.0,0.3333333333333332,4000.0,3807.692307692308,0.0,401.9184762342493,0.0,0.0505050505050506,8,2,0
Sikarpur,Bulandshahar,Uttar Pradesh,Garlic,Garlic,FAQ,2025-08-13,6900.0,7100.0,6900.0,6900.0,7100.0,6100.0,0.0,0.0,-0.028169014084507,0.1311475409836064,6940.0,6956.0,89.44271909999159,91.6515138991616,-0.0057636887608069,-0.0080506037952846,8,2,0
Chandausi,Sambhal,Uttar Pradesh,Cabbage,Cabbage,FAQ,2025-08-13,1625.0,1620.0,1575.0,1530.0,1375.0,1375.0,0.0317460317460318,0.0620915032679738,0.1818181818181818,0.1818181818181818,1570.7142857142858,1450.2083333333333,47.90864322059334,97.04861138117612,0.0345611641655296,0.1205286596753341,8,2,0
Damnagar,Amreli,Gujarat,Cabbage,Cabbage,FAQ,2025-08-13,2050.0,1850.0,1850.0,2850.0,2250.0,1850.0,0.1081081081081081,-0.2807017543859649,-0.0888888888888889,0.1081081081081081,1910.0,2031.25,108.39741694339472,454.40178065327655,0.0732984293193717,0.0092307692307691,8,2,0
Kota (F&V),Kota,Rajasthan,Green Chilli,Other,FAQ,2025-08-13,2750.0,3000.0,2750.0,1650.0,3500.0,4000.0,0.0,0.6666666666666667,-0.2142857142857143,-0.3125,2892.8571428571427,3601.923076923077,196.69894811736,1044.5554814590528,-0.0493827160493826,-0.2365189535504538,8,2,0
Pratapgarh,Pratapgarh,Uttar Pradesh,Garlic,Garlic,FAQ,2025-08-13,6600.0,6680.0,6650.0,6640.0,6630.0,6525.0,-0.0075187969924812,-0.0060240963855421,-0.004524886877828,0.0114942528735633,6650.833333333333,6587.931034482759,32.621567513607594,56.26019338788965,-0.0076431524871569,0.001831981156765,8,2,0
Soyatkalan,Shajapur,Madhya Pradesh,Garlic,Garlic,FAQ,2025-08-13,5000.0,2505.0,2800.0,4200.0,2000.0,2300.0,0.7857142857142858,0.1904761904761904,1.5,1.1739130434782608,2951.25,3047.9411764705883,1474.8467434505412,1586.860165176357,0.6941973739940703,0.6404516066776029,8,2,1
Mehmoodabad,Sitapur,Uttar Pradesh,Green Chilli,Green Chilly,FAQ,2025-08-13,4550.0,4570.0,4480.0,4410.0,4090.0,2040.0,0.015625,0.0317460317460318,0.1124694376528117,1.2303921568627452,4536.666666666667,4129.090909090909,41.63331998932551,426.4014327112144,0.0029390154298309,0.101937472479084,8,2,0
Athirampuzha,Kottayam,Kerala,Green Chilli,Green Chilly,FAQ,2025-08-13,4900.0,4900.0,5600.0,6300.0,7500.0,5100.0,-0.125,-0.2222222222222222,-0.3466666666666667,-0.0392156862745097,5325.0,6665.217391304348,505.79969684978914,827.1576169752466,-0.07981220657277,-0.2648401826484018,8,2,0
Petlawad(F&V),Jhabua,Madhya Pradesh,Brinjal,Brinjal,FAQ,2025-08-13,929.0,910.0,1502.0,1446.0,1322.0,1588.0,-0.381491344873502,-0.3575380359612724,-0.2972768532526475,-0.4149874055415616,1343.428571428571,1611.8620689655172,298.63180068598075,372.17255254383537,-0.308485750744364,-0.4236479548177306,8,2,0
Athirampuzha,Kottayam,Kerala,Garlic,Garlic,FAQ,2025-08-13,9600.0,9900.0,9700.0,9500.0,9900.0,9900.0,-0.0103092783505154,0.0105263157894737,-0.0303030303030302,-0.0303030303030302,9740.0,9762.5,151.65750888103102,237.3998644771717,-0.0143737166324435,-0.0166453265044814,8,2,0
Barabanki,Barabanki,Uttar Pradesh,Garlic,Garlic,FAQ,2025-08-13,6400.0,6420.0,6420.0,6350.0,6460.0,6350.0,-0.0031152647975077,0.0078740157480314,-0.0092879256965944,0.0078740157480314,6400.0,6441.923076923077,26.0768096207209,98.67195065624897,0.0,-0.0065078512149979,8,2,0
Perumbavoor,Ernakulam,Kerala,Cabbage,Cabbage,FAQ,2025-08-13,2500.0,2500.0,2700.0,2400.0,2700.0,2500.0,-0.074074074074074,0.0416666666666667,-0.074074074074074,0.0,2580.0,2672.0,109.54451150103324,106.14455552061128,-0.0310077519379845,-0.0643712574850299,8,2,0
Sikarpur,Bulandshahar,Uttar Pradesh,Green Chilli,Green Chilly,FAQ,2025-08-13,3900.0,3900.0,3500.0,3450.0,3100.0,2100.0,0.1142857142857143,0.1304347826086955,0.2580645161290322,0.8571428571428572,3740.0,3090.0,219.08902300206816,627.495019900557,0.0427807486631015,0.2621359223300972,8,2,0
Pattambi,Palakad,Kerala,Green Chilli,Green Chilly,FAQ,2025-08-13,6209.0,6200.0,11800.0,11800.0,8800.0,6800.0,-0.4738135593220339,-0.4738135593220339,-0.2944318181818182,-0.0869117647058823,9001.5,8318.851851851852,3065.6049158363508,2309.700991365696,-0.3102260734322057,-0.2536229625705114,8,2,0
Bassi Pathana,Fatehgarh,Punjab,Green Chilli,Green Chilly,FAQ,2025-08-13,4000.0,4000.0,3200.0,2100.0,2200.0,4200.0,0.25,0.9047619047619048,0.8181818181818181,-0.0476190476190476,3833.3333333333335,3420.0,1481.4407401805402,1170.8259193122392,0.0434782608695651,0.1695906432748537,8,2,0
Bolpur,Birbhum,West Bengal,Green Chilli,Green Chilly,FAQ,2025-08-13,7900.0,7900.0,7900.0,7900.0,9400.0,7900.0,0.0,0.0,-0.1595744680851063,0.0,7900.0,8766.666666666666,0.0,655.6562037160378,0.0,-0.0988593155893535,8,2,0
Morbi,Morbi,Gujarat,Brinjal,Brinjal,FAQ,2025-08-13,1000.0,1000.0,1000.0,1000.0,1250.0,4250.0,0.0,0.0,-0.1999999999999999,-0.7647058823529411,1000.0,1210.0,0.0,246.6441431158052,0.0,-0.1735537190082644,8,2,0
Sheopurkalan(F&V),Sheopur,Madhya Pradesh,Brinjal,Brinjal,FAQ,2025-08-13,1600.0,2300.0,2800.0,2600.0,2300.0,800.0,-0.4285714285714286,-0.3846153846153846,-0.3043478260869565,1.0,2250.0,2033.3333333333333,493.2882862316247,552.268050859363,-0.2888888888888888,-0.2131147540983606,8,2,1
Vandiperiyar,Idukki,Kerala,Brinjal,Other,FAQ,2025-08-13,4500.0,4500.0,4400.0,4800.0,4600.0,4800.0,0.0227272727272727,-0.0625,-0.0217391304347825,-0.0625,4300.0,4580.0,394.9683531626295,345.2052529534712,0.0465116279069768,-0.0174672489082969,8,2,0
Khandhla,Shamli,Uttar Pradesh,Cabbage,Cabbage,FAQ,2025-08-13,475.0,475.0,475.0,475.0,475.0,475.0,0.0,0.0,0.0,0.0,475.0,475.0,0.0,0.0,0.0,0.0,8,2,0
Sitapur,Sitapur,Uttar Pradesh,Green Chilli,Green Chilly,FAQ,2025-08-13,4560.0,4580.0,4500.0,4500.0,4200.0,3000.0,0.0133333333333334,0.0133333333333334,0.0857142857142856,0.52,4528.333333333333,4132.321428571428,34.88074922724295,443.23407857779614,0.006993006993007,0.1034959595523097,8,2,0
Patti,Tarntaran,Punjab,Banana,Other,Medium,2025-08-13,2600.0,2600.0,2800.0,2600.0,2600.0,3200.0,-0.0714285714285714,0.0,0.0,-0.1875,2533.333333333333,2555.555555555556,206.5591117977289,166.6666666666923,0.026315789473684,0.0173913043478259,8,2,0
Jalpaiguri Sadar,Jalpaiguri,West Bengal,Green Chilli,Green Chilly,FAQ,2025-08-13,9000.0,7800.0,5500.0,6600.0,6700.0,8000.0,0.6363636363636365,0.3636363636363635,0.3432835820895523,0.125,7028.571428571428,8250.0,1433.7762327902797,1690.2662512160607,0.2804878048780488,0.0909090909090908,8,2,0
Bassi Pathana,Fatehgarh,Punjab,Garlic,Garlic,FAQ,2025-08-13,9000.0,9000.0,8000.0,7500.0,8500.0,9200.0,0.125,0.1999999999999999,0.0588235294117647,-0.0217391304347825,8333.333333333334,7954.166666666667,605.5300708194983,505.60266808137885,0.0799999999999998,0.1314824515453116,8,2,1
Hoshiarpur,Hoshiarpur,Punjab,Brinjal,Other,FAQ,2025-08-13,2000.0,2300.0,2000.0,900.0,2500.0,1500.0,0.0,1.2222222222222223,-0.1999999999999999,0.3333333333333332,1466.6666666666667,1554.7619047619048,768.5484153042453,691.7197340514364,0.3636363636363635,0.2863705972434915,8,2,1
Baran,Baran,Rajasthan,Garlic,Other,FAQ,2025-08-13,5300.0,5050.0,5100.0,5100.0,5020.0,5000.0,0.0392156862745098,0.0392156862745098,0.0557768924302788,0.06,5162.5,5141.818181818182,110.86778913041658,122.42145640125209,0.026634382566586,0.0307637906647806,8,2,0
Dahod(Veg. Market),Dahod,Gujarat,Cabbage,Cabbage,FAQ,2025-08-13,1500.0,1500.0,1500.0,1500.0,2000.0,1500.0,0.0,0.0,-0.25,0.0,1433.3333333333333,1526.923076923077,216.0246899469287,235.8943701027156,0.0465116279069768,-0.017632241813602,8,2,1
Mohammdi,Khiri (Lakhimpur),Uttar Pradesh,Green Chilli,Green Chilly,FAQ,2025-08-13,4620.0,4560.0,4480.0,4415.0,4265.0,2520.0,0.03125,0.0464326160815402,0.0832356389214536,0.8333333333333333,4506.666666666667,4173.333333333333,73.66591251498981,466.3705064381299,0.0251479289940828,0.1070287539936103,8,2,0
Sheopurkalan(F&V),Sheopur,Madhya Pradesh,Banana,Other,Medium,2025-08-13,3000.0,2300.0,2300.0,2500.0,2700.0,3000.0,0.3043478260869565,0.1999999999999999,0.1111111111111111,0.0,2700.0,2716.6666666666665,374.1657386773941,293.55829163597986,0.1111111111111111,0.1042944785276074,8,2,0
Jalpaiguri Sadar,Jalpaiguri,West Bengal,Brinjal,Other,FAQ,2025-08-13,2300.0,2400.0,1500.0,1900.0,1200.0,2000.0,0.5333333333333334,0.2105263157894736,0.9166666666666669,0.1499999999999999,1871.4285714285716,1846.1538461538464,368.3941988065052,259.58546836179346,0.2290076335877864,0.2458333333333333,8,2,0
Garh Shankar,Hoshiarpur,Punjab,Garlic,Average,FAQ,2025-08-13,5000.0,5500.0,4500.0,5000.0,6000.0,5500.0,0.1111111111111111,0.0,-0.1666666666666666,-0.0909090909090909,4875.0,5547.058823529412,478.7135538781688,675.57165336014,0.0256410256410255,-0.0986214209968187,8,2,0
Shahjahanpur,Shahjahanpur,Uttar Pradesh,Banana,Banana - Ripe,Medium,2025-08-13,2730.0,2740.0,2810.0,2840.0,2850.0,2850.0,-0.0284697508896797,-0.0387323943661971,-0.0421052631578947,-0.0421052631578947,2775.0,2821.818181818182,46.54746681256109,45.527214638356185,-0.0162162162162161,-0.0325386597938145,8,2,0
Vadhvan,Surendranagar,Gujarat,Cabbage,Cabbage,FAQ,2025-08-13,1500.0,1750.0,2250.0,2250.0,2250.0,2500.0,-0.3333333333333333,-0.3333333333333333,-0.3333333333333333,-0.4,1900.0,2166.6666666666665,335.4101966249685,214.0872096444188,-0.2105263157894736,-0.3076923076923076,8,2,0
Kosikalan,Mathura,Uttar Pradesh,Banana,Banana - Ripe,Medium,2025-08-13,2600.0,2500.0,2360.0,2340.0,2760.0,2500.0,0.1016949152542372,0.1111111111111111,-0.0579710144927536,0.04,2481.0,2531.7391304347825,99.77474630386271,137.91967932338088,0.0479645304312776,0.0269620470547828,8,2,0
Hasanpur,Amroha,Uttar Pradesh,Banana,Other,Medium,2025-08-13,2520.0,2520.0,2520.0,2520.0,2520.0,2520.0,0.0,0.0,0.0,0.0,2520.0,2519.1304347826085,0.0,4.170288281141477,0.0,0.0003451846738005,8,2,0
Agra,Agra,Uttar Pradesh,Cabbage,Cabbage,FAQ,2025-08-13,1620.0,1700.0,1700.0,1900.0,1550.0,820.0,-0.0470588235294118,-0.1473684210526316,0.0451612903225806,0.975609756097561,1670.0,1615.4166666666667,34.64101615137778,146.34619962584236,-0.029940119760479,0.002837245292752,8,2,0
Hargaon (Laharpur),Sitapur,Uttar Pradesh,Banana,Desi(Bontha),Small,2025-08-13,1050.0,1050.0,1050.0,1150.0,1150.0,1150.0,0.0,-0.0869565217391304,-0.0869565217391304,-0.0869565217391304,1075.0,1093.103448275862,41.83300132670413,114.73894121239697,-0.0232558139534884,-0.0394321766561513,8,2,0
Vadhvan,Surendranagar,Gujarat,Brinjal,Brinjal,FAQ,2025-08-13,1250.0,1500.0,1250.0,750.0,1750.0,6750.0,0.0,0.6666666666666667,-0.2857142857142857,-0.8148148148148149,1400.0,1607.142857142857,223.60679774997897,567.7335894338258,-0.1071428571428571,-0.2222222222222222,8,2,0
Jaunpur,Jaunpur,Uttar Pradesh,Green Chilli,Green Chilly,FAQ,2025-08-13,5050.0,5050.0,5050.0,5000.0,4800.0,2350.0,0.0,0.01,0.0520833333333332,1.148936170212766,5054.166666666667,4748.8,40.052049468994106,365.4970360116676,-0.0008244023083264,0.0634265498652291,8,2,0
Kota (F&V),Kota,Rajasthan,Garlic,Other,FAQ,2025-08-13,4350.0,5000.0,4700.0,4700.0,4850.0,4900.0,-0.074468085106383,-0.074468085106383,-0.1030927835051546,-0.1122448979591836,4730.0,4630.952380952381,241.35036772294347,398.2700686960157,-0.080338266384778,-0.0606683804627249,8,2,0
Mauranipur,Jhansi,Uttar Pradesh,Banana,Banana - Ripe,Medium,2025-08-13,2000.0,2050.0,2050.0,2460.0,2500.0,2300.0,-0.024390243902439,-0.1869918699186992,-0.1999999999999999,-0.1304347826086956,2046.0,2330.3846153846152,28.80972058175272,170.2934119508018,-0.0224828934506353,-0.1417725697309786,8,2,0
Pratapgarh,Pratapgarh,Uttar Pradesh,Brinjal,Brinjal,FAQ,2025-08-13,1950.0,1680.0,1640.0,1600.0,1700.0,1780.0,0.1890243902439023,0.21875,0.1470588235294117,0.0955056179775279,1685.0,1717.3333333333333,118.5678427455451,66.05553219325954,0.1572700296735905,0.1354813664596272,8,2,0
Mirzapur,Mirzapur,Uttar Pradesh,Brinjal,Round/Long,FAQ,2025-08-13,1725.0,1700.0,1785.0,1750.0,1600.0,1700.0,-0.0336134453781512,-0.0142857142857142,0.078125,0.0147058823529411,1760.0,1803.0,38.72983346207334,137.91603725939092,-0.0198863636363636,-0.0432612312811979,8,2,0
Morbi,Morbi,Gujarat,Cabbage,Cabbage,FAQ,2025-08-13,1500.0,1500.0,1500.0,1750.0,2000.0,2250.0,0.0,-0.1428571428571429,-0.25,-0.3333333333333333,1550.0,1937.5,111.80339887498948,309.7158585598714,-0.032258064516129,-0.2258064516129032,8,2,0
Kannauj,Kannuj,Uttar Pradesh,Garlic,Garlic,FAQ,2025-08-13,6050.0,6050.0,6000.0,6000.0,6200.0,6600.0,0.0083333333333333,0.0083333333333333,-0.0241935483870967,-0.0833333333333333,6028.333333333333,6166.0,24.83277404291829,153.0795000445864,0.0035941387890516,-0.018812844631852,8,2,0
Pipariya(F&V),Hoshangabad,Madhya Pradesh,Garlic,Garlic,FAQ,2025-08-13,6000.0,6000.0,6000.0,6000.0,6000.0,6000.0,0.0,0.0,0.0,0.0,6000.0,5826.086956521739,0.0,624.6580092007126,0.0,0.0298507462686568,8,2,0
Hoshiarpur,Hoshiarpur,Punjab,Cabbage,Other,FAQ,2025-08-13,1300.0,1400.0,1400.0,900.0,1000.0,1500.0,-0.0714285714285714,0.4444444444444444,0.3,-0.1333333333333333,1133.3333333333333,1022.7272727272727,377.7124126457411,284.4071832557085,0.1470588235294119,0.2711111111111111,8,2,0
Ankleshwar,Bharuch,Gujarat,Brinjal,Brinjal,FAQ,2025-08-13,1200.0,1000.0,1500.0,1500.0,1200.0,7000.0,-0.1999999999999999,-0.1999999999999999,0.0,-0.8285714285714285,1216.6666666666667,1662.962962962963,248.32774042921477,829.3408634610311,-0.0136986301369863,-0.2783964365256125,8,2,1
Agra,Agra,Uttar Pradesh,Garlic,Garlic,FAQ,2025-08-13,5700.0,5800.0,5850.0,5700.0,5900.0,6100.0,-0.0256410256410256,0.0,-0.0338983050847457,-0.0655737704918032,5778.333333333333,5924.4,102.06207261596556,211.4450283167049,-0.0135563888087683,-0.0378772533927486,8,2,0
Kota (F&V),Kota,Rajasthan,Banana,Other,Medium,2025-08-13,2000.0,2000.0,1750.0,1750.0,2650.0,2100.0,0.1428571428571428,0.1428571428571428,-0.2452830188679244,-0.0476190476190476,1964.2857142857144,2050.0,94.49111825230648,203.61319538117576,0.0181818181818183,-0.024390243902439,8,2,0
Gonda,Gonda,Uttar Pradesh,Brinjal,Round/Long,FAQ,2025-08-13,2200.0,2150.0,1850.0,1775.0,2350.0,2400.0,0.1891891891891892,0.2394366197183097,-0.0638297872340425,-0.0833333333333333,1971.4285714285716,2132.0689655172414,150.29732437499993,240.55930825511015,0.1159420289855073,0.0318615558790231,8,2,0
Kopaganj,Mau(Maunathbhanjan),Uttar Pradesh,Green Chilli,Green Chilly,FAQ,2025-08-13,2050.0,2000.0,5075.0,1900.0,4700.0,1100.0,-0.5960591133004927,0.0789473684210526,-0.5638297872340425,0.8636363636363635,2595.0,2031.5217391304348,1387.488738693039,939.6631828656488,-0.210019267822736,0.009095773140717,8,2,0
Pattambi,Palakad,Kerala,Cabbage,Other,FAQ,2025-08-13,1500.0,1500.0,1800.0,1800.0,3200.0,1800.0,-0.1666666666666666,-0.1666666666666666,-0.53125,-0.1666666666666666,1650.0,2155.555555555556,164.31676725154983,708.9175569585672,-0.0909090909090909,-0.3041237113402062,8,2,0
Athirampuzha,Kottayam,Kerala,Cabbage,Cabbage,FAQ,2025-08-13,2900.0,2900.0,2900.0,3100.0,3500.0,3100.0,0.0,-0.0645161290322581,-0.1714285714285713,-0.0645161290322581,2840.0,3308.333333333333,134.1640786499875,304.9114863247368,0.0211267605633802,-0.1234256926952142,8,2,0
Devariya,Deoria,Uttar Pradesh,Banana,Medium,Medium,2025-08-13,1830.0,1845.0,1840.0,1860.0,1860.0,1820.0,-0.0054347826086956,-0.0161290322580645,-0.0161290322580645,0.0054945054945054,1835.0,1856.9565217391305,7.07106781186562,30.25419318926865,-0.002724795640327,-0.0145165066729103,8,2,0
Jalore,Jalore,Rajasthan,Green Chilli,Other,FAQ,2025-08-13,2300.0,2800.0,2800.0,3300.0,3800.0,1600.0,-0.1785714285714286,-0.303030303030303,-0.3947368421052631,0.4375,2716.6666666666665,3254.1666666666665,376.38632635453774,641.3160156148149,-0.1533742331288343,-0.293213828425096,8,2,1
Sitmau,Mandsaur,Madhya Pradesh,Garlic,Garlic,FAQ,2025-08-13,4400.0,3610.0,3200.0,2400.0,500.0,1500.0,0.375,0.8333333333333333,7.800000000000001,1.933333333333333,3522.0,2840.5,593.6497283752433,852.9606333851225,0.249290176036343,0.5490230593205421,8,2,1
Aroor,Alappuzha,Kerala,Cabbage,Other,FAQ,2025-08-13,3300.0,3300.0,3100.0,3100.0,3100.0,3500.0,0.064516129032258,0.064516129032258,0.064516129032258,-0.0571428571428571,3220.0,3207.692307692308,109.54451150103397,167.14802283740795,0.0248447204968944,0.0287769784172662,8,2,0
Piplya,Mandsaur,Madhya Pradesh,Garlic,Garlic,FAQ,2025-08-13,3700.0,3800.0,3300.0,3000.0,2700.0,3400.0,0.1212121212121211,0.2333333333333334,0.3703703703703704,0.0882352941176469,3342.2,2963.2727272727275,438.46801479697416,682.8109395879085,0.1070552330800072,0.2486194625107374,8,2,1
Barabanki,Barabanki,Uttar Pradesh,Green Chilli,Green Chilly,FAQ,2025-08-13,4650.0,4600.0,4500.0,4550.0,4360.0,2450.0,0.0333333333333334,0.0219780219780219,0.0665137614678899,0.8979591836734695,4601.666666666667,4215.769230769231,92.82600210430512,611.0526856297963,0.0105034407823252,0.1030015509533801,8,2,0
Perumbavoor,Ernakulam,Kerala,Brinjal,Brinjal,FAQ,2025-08-13,2700.0,2700.0,3000.0,2800.0,2800.0,3200.0,-0.0999999999999999,-0.0357142857142857,-0.0357142857142857,-0.15625,2840.0,2868.0,151.65750888103102,154.70401847829802,-0.0492957746478873,-0.0585774058577406,8,2,0
Ropar,Ropar (Rupnagar),Punjab,Brinjal,Round/Long,FAQ,2025-08-13,1500.0,1500.0,1500.0,1500.0,1200.0,2000.0,0.0,0.0,0.25,-0.25,1500.0,1488.0,0.0,60.0000000000022,0.0,0.0080645161290322,8,2,0
Kuttoor,Pathanamthitta,Kerala,Brinjal,Brinjal,FAQ,2025-08-13,4800.0,4800.0,4800.0,4800.0,4800.0,4800.0,0.0,0.0,0.0,0.0,4800.0,4855.555555555556,0.0,235.7022603955172,0.0,-0.011441647597254,8,2,0
Banur,Mohali,Punjab,Brinjal,Brinjal,FAQ,2025-08-13,3300.0,2890.0,2890.0,2900.0,2700.0,4000.0,0.1418685121107266,0.1379310344827586,0.2222222222222223,-0.175,2860.1666666666665,2883.6,323.3823845954919,333.80760295337103,0.153778917312511,0.1444028297960882,8,2,0
Achalda,Auraiya,Uttar Pradesh,Green Chilli,Green Chilly,FAQ,2025-08-13,5120.0,5200.0,5200.0,5600.0,5000.0,3100.0,-0.0153846153846153,-0.0857142857142857,0.024,0.6516129032258065,5170.0,4970.961538461538,46.904157598233056,427.6961987924856,-0.0096711798839458,0.0299818174784325,8,2,0
Rampur,Rampur,Uttar Pradesh,Green Chilli,Green Chilly,FAQ,2025-08-13,4600.0,4650.0,4850.0,3200.0,1950.0,1925.0,-0.0515463917525773,0.4375,1.358974358974359,1.3896103896103895,4725.0,4568.75,119.02380714238092,561.8448565726635,-0.0264550264550265,0.0068399452804377,8,2,0
Saharanpur,Saharanpur,Uttar Pradesh,Garlic,Garlic,FAQ,2025-08-13,6200.0,6000.0,6000.0,6000.0,6300.0,6500.0,0.0333333333333334,0.0333333333333334,-0.0158730158730159,-0.0461538461538461,6028.571428571428,6207.692307692308,75.59289460184547,226.13814702237045,0.028436018957346,-0.0012391573729864,8,2,0
Nimbahera,Chittorgarh,Rajasthan,Garlic,Other,FAQ,2025-08-13,3401.0,3826.0,3750.0,4250.0,4106.0,4840.0,-0.0930666666666666,-0.1997647058823529,-0.1716999512907939,-0.2973140495867769,3759.8,3953.4666666666662,258.4273592327254,330.4371275114128,-0.0954306080110645,-0.1397423358402751,8,2,0
Bharuch,Bharuch,Gujarat,Cabbage,Other,FAQ,2025-08-13,1000.0,1000.0,1200.0,1300.0,1200.0,1200.0,-0.1666666666666666,-0.2307692307692307,-0.1666666666666666,-0.1666666666666666,1200.0,1227.2727272727273,173.20508075688775,148.58641283078822,-0.1666666666666666,-0.1851851851851851,8,2,1
Badnawar,Dhar,Madhya Pradesh,Garlic,Garlic,FAQ,2025-08-13,2200.0,2250.0,1800.0,3500.0,3000.0,3205.0,0.2222222222222223,-0.3714285714285714,-0.2666666666666667,-0.3135725429017161,2083.333333333333,2547.6470588235293,246.6441431157897,558.7657090829656,0.0559999999999998,-0.1364580928192102,8,2,0
Thrissur,Thirssur,Kerala,Green Chilli,Green Chilly,FAQ,2025-08-13,5000.0,5000.0,5500.0,5000.0,10000.0,4500.0,-0.0909090909090909,0.0,-0.5,0.1111111111111111,5400.0,7100.0,651.9202405202658,1645.701471510966,-0.074074074074074,-0.295774647887324,8,2,0
Aligarh,Aligarh,Uttar Pradesh,Cabbage,Cabbage,FAQ,2025-08-13,1450.0,1400.0,1330.0,1430.0,1250.0,1020.0,0.0902255639097744,0.0139860139860139,0.1599999999999999,0.4215686274509804,1360.0,1157.037037037037,56.21387729023956,219.9792790034574,0.0661764705882352,0.2532010243277849,8,2,0
Nadiyad(Chaklasi),Kheda,Gujarat,Brinjal,Brinjal,FAQ,2025-08-13,1500.0,1450.0,1400.0,1250.0,1250.0,1300.0,0.0714285714285714,0.1999999999999999,0.1999999999999999,0.1538461538461537,1430.0,1362.0,57.00877125496604,86.93867570497072,0.0489510489510489,0.1013215859030836,8,2,0
Kairana,Shamli,Uttar Pradesh,Green Chilli,Green Chilly,FAQ,2025-08-13,2950.0,2950.0,2850.0,2750.0,2950.0,2150.0,0.0350877192982457,0.0727272727272727,0.0,0.3720930232558139,2821.428571428572,2600.0,95.11897312113682,357.9154205617053,0.0455696202531645,0.1346153846153845,8,2,0
Gurdaspur,Gurdaspur,Punjab,Garlic,Other,FAQ,2025-08-13,6000.0,5500.0,5500.0,5500.0,6000.0,5500.0,0.0909090909090908,0.0909090909090908,0.0,0.0909090909090908,5716.666666666667,5700.0,306.05010483034727,253.6687329717977,0.0495626822157433,0.0526315789473683,8,2,0
Amritsar(Amritsar Mewa Mandi),Amritsar,Punjab,Brinjal,Brinjal,FAQ,2025-08-13,600.0,600.0,600.0,800.0,900.0,500.0,0.0,-0.25,-0.3333333333333333,0.1999999999999999,650.0,784.2105263157895,83.66600265340773,206.1907366567202,-0.0769230769230768,-0.2348993288590604,8,2,0
Tamluk (Medinipur E),Medinipur(E),West Bengal,Cabbage,Cabbage,FAQ,2025-08-13,2000.0,2000.0,1800.0,2000.0,1800.0,2200.0,0.1111111111111111,0.0,0.1111111111111111,-0.0909090909090909,1857.142857142857,1856.0,151.18578920369075,178.13852287850085,0.0769230769230768,0.0775862068965518,8,2,0
Gonda,Gonda,Uttar Pradesh,Garlic,Garlic,FAQ,2025-08-13,6500.0,6700.0,6600.0,6700.0,6900.0,6900.0,-0.0151515151515151,-0.0298507462686566,-0.0579710144927536,-0.0579710144927536,6621.428571428572,6705.172413793103,99.40297973879706,105.5130557140142,-0.0183387270765911,-0.0305991257392646,8,2,0
Rampur,Rampur,Uttar Pradesh,Banana,Desi(Bontha),Medium,2025-08-13,2800.0,2800.0,2800.0,2800.0,2800.0,2900.0,0.0,0.0,0.0,-0.0344827586206896,2800.0,2815.185185185185,1.6075848951417104e-05,22.078595685984524,0.0,-0.0053940271016971,8,2,0
Diamond Harbour(South 24-pgs),Sounth 24 Parganas,West Bengal,Brinjal,Brinjal,FAQ,2025-08-13,6400.0,6400.0,6400.0,6300.0,7300.0,6300.0,0.0,0.0158730158730158,-0.1232876712328767,0.0158730158730158,6400.0,6876.923076923077,0.0,456.3399542513659,0.0,-0.0693512304250559,8,2,0
Manawar(F&V),Dhar,Madhya Pradesh,Green Chilli,Green Chilly,FAQ,2025-08-13,2200.0,2025.0,2050.0,2150.0,2400.0,2000.0,0.0731707317073171,0.0232558139534884,-0.0833333333333333,0.1,2065.0,2196.5,78.26237921248826,232.9034134571691,0.0653753026634382,0.0015934441156384,8,2,0
Noida,Ghaziabad,Uttar Pradesh,Brinjal,Round/Long,FAQ,2025-08-13,1750.0,1650.0,1750.0,1950.0,2040.0,1450.0,0.0,-0.1025641025641025,-0.1421568627450981,0.2068965517241379,1710.0,1937.7272727272727,54.7722557505502,269.94147193123007,0.023391812865497,-0.0968801313628899,8,2,0
Bharuch,Bharuch,Gujarat,Brinjal,Other,FAQ,2025-08-13,800.0,800.0,1300.0,1500.0,2000.0,3500.0,-0.3846153846153846,-0.4666666666666667,-0.6,-0.7714285714285715,1171.428571428571,1486.3636363636365,309.3772546815387,547.9793657441766,-0.3170731707317072,-0.4617737003058103,8,2,0
Kalna,Purba Bardhaman,West Bengal,Brinjal,Other,FAQ,2025-08-13,4400.0,4500.0,4500.0,4700.0,3800.0,3700.0,-0.0222222222222222,-0.0638297872340425,0.1578947368421053,0.1891891891891892,4514.285714285715,3989.285714285714,69.006555934303,371.7718194192263,-0.0253164556962026,0.1029543419874663,8,2,0
Lucknow,Lucknow,Uttar Pradesh,Green Chilli,Green Chilly,FAQ,2025-08-13,4830.0,4830.0,4850.0,4550.0,4350.0,2150.0,-0.0041237113402061,0.0615384615384615,0.1103448275862069,1.2465116279069766,4793.333333333333,4410.4,119.61047891663432,295.2467894265162,0.0076495132127956,0.0951387629239979,8,2,0
Etawah,Etawah,Uttar Pradesh,Cabbage,Cabbage,FAQ,2025-08-13,2100.0,2100.0,2200.0,2000.0,2200.0,2000.0,-0.0454545454545454,0.05,-0.0454545454545454,0.05,2141.6666666666665,2061.6,66.45800679125664,128.27964244832484,-0.0194552529182878,0.0186263096623982,8,2,0
Chelakkara,Thirssur,Kerala,Cabbage,Other,FAQ,2025-08-13,2900.0,2900.0,2900.0,2500.0,2900.0,2900.0,0.0,0.1599999999999999,0.0,0.0,2783.333333333333,2865.3846153846152,183.4847859269716,215.2994337053502,0.0419161676646706,0.0120805369127516,8,2,0
Ballia,Ballia,Uttar Pradesh,Banana,Banana - Ripe,Medium,2025-08-13,2870.0,2890.0,2870.0,2855.0,2850.0,2830.0,0.0,0.0052539404553415,0.0070175438596491,0.0141342756183746,2870.833333333333,2852.5,11.143009766964072,15.6364957711365,-0.0002902757619739,0.0061349693251533,8,2,0
Nadia,Nadia,West Bengal,Green Chilli,Other,FAQ,2025-08-13,8100.0,8100.0,8100.0,8500.0,8900.0,6600.0,0.0,-0.0470588235294118,-0.0898876404494382,0.2272727272727273,8133.333333333333,8521.42857142857,51.63977794969779,452.4477811957881,-0.0040983606557376,-0.0494551550712488,8,2,0
Noida,Ghaziabad,Uttar Pradesh,Cabbage,Cabbage,FAQ,2025-08-13,1650.0,1670.0,1600.0,1625.0,1550.0,1130.0,0.03125,0.0153846153846153,0.064516129032258,0.4601769911504425,1634.0,1556.7391304347825,59.41380311003181,71.83644136713818,0.0097919216646267,0.0599078341013825,8,2,0
Ramkrishanpur(Howrah),Howrah,West Bengal,Green Chilli,Other,FAQ,2025-08-13,8000.0,8000.0,8000.0,10000.0,9000.0,11000.0,0.0,-0.1999999999999999,-0.1111111111111111,-0.2727272727272727,8571.42857142857,9686.666666666666,975.900072948534,1533.6981075353162,-0.0666666666666665,-0.1741225051617343,8,2,0
Amritsar(Amritsar Mewa Mandi),Amritsar,Punjab,Cabbage,Cabbage,FAQ,2025-08-13,600.0,600.0,600.0,500.0,600.0,150.0,0.0,0.1999999999999999,0.0,3.0,566.6666666666666,582.3529411764706,51.63977794943223,80.89572082044157,0.0588235294117647,0.0303030303030302,8,2,0
Saharanpur,Saharanpur,Uttar Pradesh,Green Chilli,Green Chilly,FAQ,2025-08-13,4600.0,4200.0,4200.0,4200.0,4800.0,3800.0,0.0952380952380953,0.0952380952380953,-0.0416666666666666,0.2105263157894736,4257.142857142857,4592.307692307692,151.18578920369094,323.6332206966245,0.0805369127516779,0.0016750418760469,8,2,0
Aligarh,Aligarh,Uttar Pradesh,Brinjal,Round,FAQ,2025-08-13,1420.0,1400.0,1110.0,960.0,1000.0,2000.0,0.2792792792792793,0.4791666666666667,0.4199999999999999,-0.29,1208.3333333333333,1229.6296296296296,188.93561513560127,295.966233540272,0.1751724137931034,0.1548192771084338,8,2,0
Nihal Singh Wala,Moga,Punjab,Green Chilli,Other,FAQ,2025-08-13,3800.0,3500.0,3800.0,3800.0,4200.0,1500.0,0.0,0.0,-0.0952380952380952,1.5333333333333332,3342.8571428571427,3170.3703703703704,616.0550377391693,1094.3262116708422,0.1367521367521367,0.1985981308411215,8,2,0
Bijnaur,Bijnor,Uttar Pradesh,Green Chilli,Green Chilly,FAQ,2025-08-13,4550.0,4630.0,4780.0,4890.0,5040.0,2800.0,-0.0481171548117155,-0.0695296523517382,-0.0972222222222222,0.625,4734.285714285715,4586.551724137931,103.73960074101618,525.5475094880219,-0.0389257694628848,-0.0079693256146154,8,2,0
Najibabad,Bijnor,Uttar Pradesh,Green Chilli,Green Chilly,FAQ,2025-08-13,5000.0,4700.0,4200.0,5200.0,2600.0,2000.0,0.1904761904761904,-0.0384615384615384,0.9230769230769232,1.5,4966.666666666667,5007.142857142857,251.6611478423583,845.3167687680273,0.006711409395973,-0.0014265335235377,8,2,0
Thrippunithura,Ernakulam,Kerala,Green Chilli,Green Chilly,FAQ,2025-08-13,6600.0,8000.0,9000.0,9000.0,10000.0,6500.0,-0.2666666666666667,-0.2666666666666667,-0.3399999999999999,0.0153846153846153,8120.0,8786.363636363636,985.900603509299,760.5107647999565,-0.1871921182266009,-0.2488360062079668,8,2,0
Bhawanigarh,Sangrur,Punjab,Banana,Other,Medium,2025-08-13,2500.0,2750.0,3100.0,2750.0,2750.0,2700.0,-0.1935483870967742,-0.0909090909090909,-0.0909090909090909,-0.074074074074074,2940.0,2948.076923076923,307.0016286601748,337.48504240359534,-0.1496598639455783,-0.151989562948467,8,2,0
Manathavady,Wayanad,Kerala,Green Chilli,Green Chilly,FAQ,2025-08-13,3600.0,3800.0,3500.0,3800.0,3600.0,3700.0,0.0285714285714284,-0.0526315789473684,0.0,-0.0270270270270269,3850.0,3817.391304347826,320.9361307176243,345.9534570811564,-0.0649350649350649,-0.0569476082004555,8,2,0
Kattappana,Idukki,Kerala,Garlic,Other,FAQ,2025-08-13,12000.0,12000.0,12000.0,12000.0,12000.0,12000.0,0.0,0.0,0.0,0.0,12000.0,12021.42857142857,0.0,80.17837257372736,0.0,-0.0017825311942958,8,2,0
Ranaghat,Nadia,West Bengal,Cabbage,Other,FAQ,2025-08-13,2800.0,2800.0,2900.0,2400.0,2300.0,2100.0,-0.0344827586206896,0.1666666666666667,0.2173913043478261,0.3333333333333332,2841.6666666666665,2469.583333333333,49.159604012508616,239.7186605833297,-0.0146627565982404,0.1337944997469207,8,2,0
Saharanpur,Saharanpur,Uttar Pradesh,Brinjal,Round/Long,FAQ,2025-08-13,1700.0,1700.0,1700.0,1700.0,2000.0,2200.0,0.0,0.0,-0.15,-0.2272727272727273,1700.0,1909.2592592592596,0.0,183.9925986372151,0.0,-0.1096023278370514,8,2,0
Thrissur,Thirssur,Kerala,Brinjal,Brinjal,FAQ,2025-08-13,3000.0,2000.0,3500.0,2000.0,3500.0,3000.0,-0.1428571428571429,0.5,-0.1428571428571429,0.0,2883.333333333333,2723.076923076923,491.5960401250875,491.7785618000773,0.0404624277456646,0.1016949152542374,8,2,0
Kattappana,Idukki,Kerala,Cabbage,Other,FAQ,2025-08-13,3100.0,3000.0,2900.0,3000.0,3400.0,3000.0,0.0689655172413792,0.0333333333333334,-0.088235294117647,0.0333333333333334,3033.333333333333,3172.7272727272725,103.27955589886444,371.84458886530064,0.0219780219780219,-0.0229226361031518,8,2,0
Tanda Urmur,Hoshiarpur,Punjab,Cabbage,Other,FAQ,2025-08-13,2200.0,2200.0,2200.0,1800.0,1500.0,1200.0,0.0,0.2222222222222223,0.4666666666666665,0.8333333333333333,2133.333333333333,1694.7368421052631,163.2993161855452,379.2883456195536,0.03125,0.298136645962733,8,2,1
Guru Har Sahai,Ferozpur,Punjab,Banana,Banana - Ripe,Medium,2025-08-13,3350.0,3400.0,3600.0,3400.0,3000.0,3200.0,-0.0694444444444444,-0.0147058823529411,0.1166666666666667,0.046875,3370.0,3316.6666666666665,148.32396974191332,162.01851746020185,-0.0059347181008901,0.0100502512562814,8,2,1
Bharuch,Bharuch,Gujarat,Green Chilli,Other,FAQ,2025-08-13,3000.0,2500.0,2000.0,3000.0,3500.0,3000.0,0.5,0.0,-0.1428571428571429,0.0,2600.0,3090.4761904761904,503.3222956847167,550.3678423606875,0.1538461538461537,-0.0292758089368257,8,2,0
Ranaghat,Nadia,West Bengal,Brinjal,Other,FAQ,2025-08-13,5900.0,5900.0,5900.0,5750.0,6000.0,6250.0,0.0,0.0260869565217392,-0.0166666666666667,-0.056,5900.0,6168.75,63.24555320336764,450.55822863563776,0.0,-0.0435663627152989,8,2,0
Devariya,Deoria,Uttar Pradesh,Garlic,Garlic,FAQ,2025-08-13,6655.0,6670.0,6610.0,6660.0,6355.0,6340.0,0.0068078668683813,-0.0007507507507507,0.0472069236821399,0.0496845425867507,6654.0,6466.95652173913,26.78619047195795,181.04958594038385,0.0001502855425308,0.0290775850477342,8,2,0
Biaora,Rajgarh,Madhya Pradesh,Garlic,Garlic,FAQ,2025-08-13,4000.0,6600.0,1600.0,3600.0,2000.0,4200.0,1.5,0.1111111111111111,1.0,-0.0476190476190476,3750.0,3607.058823529412,2137.755832643195,1554.7015979999276,0.0666666666666666,0.1089367253750814,8,2,0
Haldibari,Coochbehar,West Bengal,Brinjal,Brinjal,FAQ,2025-08-13,2300.0,2300.0,2500.0,2300.0,2300.0,2700.0,-0.0799999999999999,0.0,0.0,-0.1481481481481481,2385.714285714286,2374.074074074074,89.97354108425385,163.1247578072958,-0.0359281437125749,-0.0312012480499219,8,2,0
Aligarh,Aligarh,Uttar Pradesh,Green Chilli,Green Chilly,FAQ,2025-08-13,4200.0,4210.0,4180.0,4000.0,4500.0,3530.0,0.0047846889952152,0.05,-0.0666666666666666,0.1898016997167138,4190.0,4247.037037037037,21.908902299927163,157.93900514036636,0.0023866348448686,-0.0110752594401326,8,2,1
Manawar(F&V),Dhar,Madhya Pradesh,Brinjal,Brinjal,FAQ,2025-08-13,733.0,1075.0,1045.0,850.0,791.0,1300.0,-0.2985645933014353,-0.1376470588235294,-0.0733249051833122,-0.4361538461538461,959.6,930.125,143.87772586470876,190.53661350763025,-0.236140058357649,-0.2119338798548582,8,2,0
Khurja,Bulandshahar,Uttar Pradesh,Green Chilli,Green Chilly,FAQ,2025-08-13,4200.0,4300.0,4100.0,3000.0,3500.0,2300.0,0.024390243902439,0.3999999999999999,0.1999999999999999,0.826086956521739,4183.333333333333,3876.0,204.1241452319317,382.3937760999736,0.0039840637450199,0.0835913312693499,8,2,0
Bijnaur,Bijnor,Uttar Pradesh,Brinjal,Round/Long,FAQ,2025-08-13,1540.0,1550.0,1550.0,1540.0,1600.0,1730.0,-0.0064516129032258,0.0,-0.0374999999999999,-0.1098265895953757,1535.7142857142858,1650.8620689655172,15.118578920371464,120.72747472182796,0.0027906976744185,-0.067154046997389,8,2,0
Nihal Singh Wala,Moga,Punjab,Cabbage,Other,FAQ,2025-08-13,1800.0,2200.0,1800.0,1800.0,2200.0,800.0,0.0,0.0,-0.1818181818181817,1.25,1771.428571428571,1774.074074074074,236.03873774083308,423.8945737876445,0.0161290322580645,0.0146137787056366,8,2,0
Chelakkara,Thirssur,Kerala,Green Chilli,Other,FAQ,2025-08-13,6200.0,6200.0,6200.0,6200.0,5600.0,5800.0,0.0,0.0,0.1071428571428572,0.0689655172413792,6300.0,6383.333333333333,469.041575982343,433.0545368473403,-0.0158730158730159,-0.0287206266318537,8,2,0
Thrissur,Thirssur,Kerala,Cabbage,Cabbage,FAQ,2025-08-13,1300.0,1300.0,2500.0,3000.0,2000.0,3000.0,-0.48,-0.5666666666666667,-0.35,-0.5666666666666667,2050.0,2723.076923076923,671.5653356152328,732.8343290581798,-0.3658536585365853,-0.5225988700564972,8,2,0
Tanda Urmur,Hoshiarpur,Punjab,Brinjal,Other,FAQ,2025-08-13,2200.0,2500.0,2500.0,2500.0,4000.0,2800.0,-0.12,-0.12,-0.4499999999999999,-0.2142857142857143,2500.0,3368.4210526315787,189.73665961010275,924.3932734375584,-0.12,-0.3468749999999999,8,2,0
Jalalabad,Fazilka,Punjab,Banana,Other,Large,2025-08-13,3200.0,3100.0,3200.0,3200.0,3200.0,3200.0,0.0,0.0,0.0,0.0,3140.0,3204.5454545454545,54.77225575051644,116.40353753122832,0.019108280254777,-0.001418439716312,8,2,0
Firozepur City,Ferozpur,Punjab,Banana,Other,Medium,2025-08-13,1250.0,1200.0,1250.0,1250.0,1300.0,1150.0,0.0,0.0,-0.0384615384615384,0.0869565217391303,1210.0,1245.2380952380952,65.19202405202653,65.00915686417065,0.0330578512396693,0.0038240917782026,8,2,0
Saharanpur,Saharanpur,Uttar Pradesh,Cabbage,Cabbage,FAQ,2025-08-13,1800.0,1700.0,1700.0,1600.0,1250.0,1000.0,0.0588235294117647,0.125,0.4399999999999999,0.8,1700.0,1386.5384615384614,57.735026918962696,291.738818914351,0.0588235294117647,0.2981969486823856,8,2,0
Kayamkulam,Alappuzha,Kerala,Green Chilli,Other,FAQ,2025-08-13,5600.0,5900.0,7200.0,7000.0,7600.0,5800.0,-0.2222222222222222,-0.1999999999999999,-0.2631578947368421,-0.0344827586206896,6671.428571428572,6236.666666666667,687.299754387369,958.980541075213,-0.1605995717344753,-0.1020844468198824,8,2,0
Gurdaspur,Gurdaspur,Punjab,Green Chilli,Other,FAQ,2025-08-13,3300.0,1900.0,2300.0,2300.0,2200.0,2500.0,0.4347826086956521,0.4347826086956521,0.5,0.32,2700.0,2741.6666666666665,554.9774770204643,461.4878270255354,0.2222222222222223,0.2036474164133739,8,2,1
Badnagar,Ujjain,Madhya Pradesh,Garlic,Garlic,FAQ,2025-08-13,6005.0,6640.0,1200.0,2600.0,3500.0,1200.0,4.004166666666666,1.3096153846153844,0.7157142857142857,4.004166666666666,4073.75,3965.227272727273,2658.970273746337,1904.2211739240747,0.4740718011660019,0.514415085688084,8,2,0
Gadaura,Maharajganj,Uttar Pradesh,Garlic,Garlic,FAQ,2025-08-13,3100.0,3200.0,3100.0,3100.0,3200.0,3000.0,0.0,0.0,-0.03125,0.0333333333333334,3157.1428571428573,3146.153846153846,53.452248382485,102.88155998338762,-0.0180995475113122,-0.0146699266503667,8,2,0
Chitwadagaon,Ballia,Uttar Pradesh,Banana,Banana - Ripe,Medium,2025-08-13,2860.0,2850.0,2850.0,2840.0,2850.0,2850.0,0.0035087719298245,0.0070422535211267,0.0035087719298245,0.0035087719298245,2855.0,2842.826086956521,5.773502691896205,12.687331454881146,0.0017513134851139,0.0060411409344651,8,2,0
Tamkuhi road,Kushinagar,Uttar Pradesh,Green Chilli,Green Chilly,FAQ,2025-08-13,2475.0,2440.0,2175.0,2175.0,2175.0,1975.0,0.1379310344827586,0.1379310344827586,0.1379310344827586,0.2531645569620253,2391.25,2209.75,145.10771860931447,145.74197639736295,0.0350235232618922,0.120036203190406,8,2,0
North Paravur,Ernakulam,Kerala,Cabbage,Cabbage,FAQ,2025-08-13,2400.0,2400.0,2400.0,2800.0,2800.0,2800.0,0.0,-0.1428571428571429,-0.1428571428571429,-0.1428571428571429,2480.0,2713.043478260869,178.88543819998324,168.6964671346641,-0.032258064516129,-0.1153846153846154,8,2,0
Chitwadagaon,Ballia,Uttar Pradesh,Garlic,Average,FAQ,2025-08-13,6550.0,6580.0,6470.0,6340.0,6460.0,6410.0,0.0123647604327665,0.0331230283911672,0.0139318885448915,0.0218408736349453,6542.5,6446.086956521739,49.91659710624096,65.41747962690786,0.0011463507833398,0.0161203291514906,8,2,0
Lucknow,Lucknow,Uttar Pradesh,Banana,Banana - Ripe,Medium,2025-08-13,2860.0,2860.0,2860.0,2850.0,2860.0,2850.0,0.0,0.0035087719298245,0.0,0.0035087719298245,2858.333333333333,2856.153846153846,4.082482904638668,4.961389383541949,0.0005830903790087,0.0013466199838405,8,2,0
Golagokarnath,Lakhimpur,Uttar Pradesh,Brinjal,Brinjal,FAQ,2025-08-13,1680.0,1660.0,1640.0,1550.0,1720.0,1600.0,0.024390243902439,0.0838709677419355,-0.0232558139534884,0.05,1640.0,1657.0833333333333,26.07680962081052,53.20012803734957,0.024390243902439,0.0138295197384963,8,2,0
Ballia,Ballia,Uttar Pradesh,Green Chilli,Green Chilly,FAQ,2025-08-13,4900.0,5050.0,5060.0,4840.0,4680.0,2375.0,-0.0316205533596838,0.0123966942148761,0.047008547008547,1.0631578947368423,4979.166666666667,4602.115384615385,90.79739350150234,392.68097248764656,-0.0158995815899581,0.064727758973716,8,2,0
Bharthna,Etawah,Uttar Pradesh,Garlic,Garlic,FAQ,2025-08-13,6000.0,5950.0,5500.0,5350.0,5600.0,6150.0,0.0909090909090908,0.1214953271028036,0.0714285714285714,-0.024390243902439,5691.666666666667,5628.846153846154,270.9551008316072,308.9249348700296,0.0541727672035139,0.0659378202938161,8,2,0
Sainthia,Birbhum,West Bengal,Brinjal,Brinjal,FAQ,2025-08-13,5400.0,5400.0,4400.0,4400.0,5400.0,5400.0,0.2272727272727273,0.2272727272727273,0.0,0.0,4828.571428571428,5150.0,534.5224838248485,440.9585518440853,0.1183431952662721,0.0485436893203883,8,2,0
Rajpura,Patiala,Punjab,Brinjal,Other,FAQ,2025-08-13,900.0,1000.0,900.0,1400.0,1050.0,900.0,0.0,-0.3571428571428571,-0.1428571428571429,0.0,933.3333333333334,1137.5,57.73502691896259,315.9452936370926,-0.0357142857142857,-0.2087912087912088,8,2,0
Rajpura,Patiala,Punjab,Banana,Other,Medium,2025-08-13,3300.0,3300.0,3300.0,3300.0,3300.0,3200.0,0.0,0.0,0.0,0.03125,3366.6666666666665,3376.3636363636365,103.27955589886456,90.00240497027148,-0.0198019801980197,-0.0226171243941841,8,2,0
Badayoun,Badaun,Uttar Pradesh,Garlic,Garlic,FAQ,2025-08-13,6460.0,6455.0,6460.0,6450.0,6475.0,6435.0,0.0,0.0015503875968991,-0.0023166023166023,0.0038850038850037,6458.571428571428,6459.137931034483,2.439750229321425,10.094992147430784,0.0002211900022119,0.0001334650188185,8,2,0
Manjeri,Malappuram,Kerala,Cabbage,Other,FAQ,2025-08-13,1650.0,1650.0,1650.0,1950.0,2150.0,1950.0,0.0,-0.1538461538461538,-0.2325581395348837,-0.1538461538461538,1650.0,1954.5454545454545,0.0,225.6783904824203,0.0,-0.1558139534883721,8,2,0
Deesa(Deesa Veg Yard),Banaskanth,Gujarat,Brinjal,Other,FAQ,2025-08-13,4400.0,4350.0,4325.0,2150.0,5075.0,2850.0,0.0173410404624276,1.0465116279069768,-0.1330049261083743,0.5438596491228069,4350.0,3965.909090909091,30.61862178477642,1273.3192809904317,0.0114942528735633,0.10945558739255,8,2,0
Rajpura,Patiala,Punjab,Green Chilli,Other,FAQ,2025-08-13,3500.0,3400.0,4000.0,3800.0,3000.0,3200.0,-0.125,-0.0789473684210526,0.1666666666666667,0.09375,3475.0,3325.0,411.2987559751022,407.0403151799753,0.0071942446043165,0.0526315789473683,8,2,0
North Paravur,Ernakulam,Kerala,Garlic,Average,FAQ,2025-08-13,9800.0,9800.0,11500.0,11500.0,11500.0,15000.0,-0.1478260869565217,-0.1478260869565217,-0.1478260869565217,-0.3466666666666667,10820.0,11808.695652173914,931.1283477587824,937.556322418886,-0.0942698706099814,-0.1701030927835052,8,2,0
Chitwadagaon,Ballia,Uttar Pradesh,Green Chilli,Green Chilly,FAQ,2025-08-13,4890.0,5070.0,4890.0,4750.0,4650.0,2330.0,0.0,0.0294736842105263,0.0516129032258063,1.098712446351931,4975.0,4543.04347826087,98.48857801796092,470.94136657442806,-0.0170854271356784,0.0763709445879987,8,2,0
Timarni(F&V),Harda,Madhya Pradesh,Brinjal,Other,FAQ,2025-08-13,1500.0,1000.0,1000.0,1100.0,1350.0,2500.0,0.5,0.3636363636363635,0.1111111111111111,-0.4,1166.6666666666667,1275.0,288.67513459481285,297.1090869088493,0.2857142857142856,0.1764705882352941,8,2,1
Rajkot(Veg.Sub Yard),Rajkot,Gujarat,Green Chilli,Green Chilly,FAQ,2025-08-13,1250.0,2000.0,2000.0,1800.0,3200.0,6500.0,-0.375,-0.3055555555555556,-0.609375,-0.8076923076923077,1925.0,3297.9166666666665,447.21359549997055,1752.4659127533168,-0.3506493506493506,-0.6209728363866076,8,2,0
Manjeri,Malappuram,Kerala,Garlic,Average,FAQ,2025-08-13,9050.0,9950.0,9950.0,9950.0,9950.0,9950.0,-0.0904522613065326,-0.0904522613065326,-0.0904522613065326,-0.0904522613065326,9725.0,9907.142857142857,450.0,196.3961012137201,-0.0694087403598971,-0.0865176640230713,8,2,0
Lehra Gaga,Sangrur,Punjab,Green Chilli,Other,FAQ,2025-08-13,2500.0,2000.0,2500.0,2000.0,3000.0,1500.0,0.0,0.25,-0.1666666666666666,0.6666666666666667,2400.0,2670.5882352941176,418.3300132670377,613.1524136403126,0.0416666666666667,-0.0638766519823788,8,2,1
Dewas(F&V),Dewas,Madhya Pradesh,Brinjal,Other,FAQ,2025-08-13,800.0,800.0,900.0,700.0,700.0,800.0,-0.1111111111111111,0.1428571428571428,0.1428571428571428,0.0,810.0,779.5454545454545,54.77225575051654,52.68751299856648,-0.0123456790123457,0.0262390670553935,8,2,0
Sainthia,Birbhum,West Bengal,Green Chilli,Green Chilly,FAQ,2025-08-13,7900.0,7900.0,7900.0,7900.0,9400.0,7900.0,0.0,0.0,-0.1595744680851063,0.0,7900.0,8721.42857142857,0.0,655.6631603911762,0.0,-0.0941850941850941,8,2,0
North Paravur,Ernakulam,Kerala,Green Chilli,Green Chilly,FAQ,2025-08-13,5800.0,5800.0,6500.0,6000.0,7000.0,4200.0,-0.1076923076923076,-0.0333333333333333,-0.1714285714285713,0.3809523809523809,6220.0,6626.086956521739,383.40579025361626,447.4344962768254,-0.067524115755627,-0.1246719160104986,8,2,0
Lehra Gaga,Sangrur,Punjab,Cabbage,Other,FAQ,2025-08-13,2500.0,2000.0,2000.0,2000.0,2000.0,1000.0,0.25,0.25,0.25,1.5,2100.0,2000.0,223.60679774997897,213.2007163556105,0.1904761904761904,0.25,8,2,1
Haldibari,Coochbehar,West Bengal,Green Chilli,Green Chilly,FAQ,2025-08-13,9500.0,9500.0,10500.0,10500.0,10500.0,5100.0,-0.0952380952380952,-0.0952380952380952,-0.0952380952380952,0.8627450980392157,10142.857142857143,10018.518518518518,475.5948656056713,742.157477088046,-0.0633802816901408,-0.0517560073937153,8,2,0
Dhupguri,Jalpaiguri,West Bengal,Green Chilli,Other,FAQ,2025-08-13,8000.0,8000.0,5500.0,7500.0,6400.0,1500.0,0.4545454545454546,0.0666666666666666,0.25,4.333333333333333,6400.0,6573.333333333333,1236.9316876852984,874.6155618055175,0.25,0.2170385395537526,8,2,0
Chavakkad,Thirssur,Kerala,Green Chilli,Other,FAQ,2025-08-13,6800.0,9000.0,10000.0,8000.0,9000.0,6000.0,-0.3199999999999999,-0.15,-0.2444444444444444,0.1333333333333333,8800.0,8752.380952380952,1232.8828005937955,1013.7154667948164,-0.2272727272727273,-0.2230685527747551,8,2,0
Omalloor,Pathanamthitta,Kerala,Brinjal,Brinjal,FAQ,2025-08-13,5800.0,5800.0,5800.0,5800.0,4800.0,5800.0,0.0,0.0,0.2083333333333332,0.0,5800.0,5607.692307692308,0.0,401.9184762342503,0.0,0.0342935528120713,8,2,0
Kairana,Shamli,Uttar Pradesh,Cabbage,Cabbage,FAQ,2025-08-13,3050.0,3150.0,2950.0,1650.0,1550.0,1750.0,0.0338983050847456,0.8484848484848484,0.967741935483871,0.7428571428571429,2621.428571428572,1973.3333333333333,607.4928962939575,469.5436767413827,0.1634877384196185,0.5456081081081081,8,2,0
Jalalabad,Fazilka,Punjab,Brinjal,Other,FAQ,2025-08-13,2000.0,1750.0,1950.0,1950.0,3550.0,1350.0,0.0256410256410255,0.0256410256410255,-0.4366197183098591,0.4814814814814814,1920.0,2513.6363636363635,120.41594578792272,633.0541649476571,0.0416666666666667,-0.2043399638336347,8,2,0
Chelakkara,Thirssur,Kerala,Brinjal,Other,FAQ,2025-08-13,3600.0,3200.0,3200.0,3900.0,3900.0,3600.0,0.125,-0.0769230769230768,-0.0769230769230768,0.0,3450.0,3728.0,294.95762407505254,244.13111231467516,0.0434782608695651,-0.0343347639484978,8,2,0
Gurdaspur,Gurdaspur,Punjab,Brinjal,Other,FAQ,2025-08-13,1500.0,1500.0,1500.0,1700.0,1700.0,1500.0,0.0,-0.1176470588235294,-0.1176470588235294,0.0,1533.3333333333333,1720.8333333333333,51.63977794943215,248.4371439474252,-0.0217391304347825,-0.1283292978208232,8,2,0
Ballia,Ballia,Uttar Pradesh,Brinjal,Brinjal,FAQ,2025-08-13,1765.0,1745.0,1770.0,1750.0,1840.0,1685.0,-0.0028248587570621,0.0085714285714286,-0.0407608695652174,0.0474777448071217,1756.6666666666667,1845.192307692308,18.348478592697347,96.87601116097514,0.0047438330170777,-0.0434601354872329,8,2,0
Lucknow,Lucknow,Uttar Pradesh,Garlic,Garlic,FAQ,2025-08-13,6400.0,6400.0,6420.0,6400.0,6450.0,6360.0,-0.0031152647975077,0.0,-0.0077519379844961,0.0062893081761006,6410.0,6424.4,10.954451150103322,23.99305454232345,-0.001560062402496,-0.0037980200485647,8,2,0
Nadia,Nadia,West Bengal,Brinjal,Round/Long,FAQ,2025-08-13,5300.0,5300.0,5350.0,5400.0,5700.0,5300.0,-0.0093457943925233,-0.0185185185185184,-0.0701754385964912,0.0,5316.666666666667,5428.571428571428,25.819888974779143,201.1211959235985,-0.0031347962382445,-0.0236842105263157,8,2,0
Mandsaur,Mandsaur,Madhya Pradesh,Garlic,Garlic,FAQ,2025-08-13,3300.0,5000.0,3900.0,2000.0,2000.0,6701.0,-0.1538461538461538,0.6499999999999999,0.6499999999999999,-0.507536188628563,3522.2,2796.285714285714,1024.5800115169632,1070.3352812491614,-0.0630855715178013,0.1801369163175641,8,2,0
Noida,Ghaziabad,Uttar Pradesh,Green Chilli,Green Chilly,FAQ,2025-08-13,4200.0,4000.0,3600.0,4675.0,4410.0,2215.0,0.1666666666666667,-0.1016042780748662,-0.0476190476190476,0.8961625282167043,3950.0,4168.478260869565,249.9999999999855,533.7398812807301,0.0632911392405062,0.007561929595828,8,2,0
Gurdaspur,Gurdaspur,Punjab,Cabbage,Other,FAQ,2025-08-13,650.0,700.0,650.0,800.0,700.0,450.0,0.0,-0.1875,-0.0714285714285714,0.4444444444444444,683.3333333333334,714.2857142857143,40.82482904638633,85.356395693074,-0.048780487804878,-0.09,8,2,0
Badayoun,Badaun,Uttar Pradesh,Green Chilli,Green Chilly,FAQ,2025-08-13,4560.0,4550.0,4535.0,4415.0,4225.0,3430.0,0.0055126791620727,0.0328425821064553,0.0792899408284024,0.3294460641399417,4533.571428571428,4253.96551724138,22.119803667413755,219.2453750544331,0.0058295257602016,0.0719409881246706,8,2,0
Faizabad,Ayodhya,Uttar Pradesh,Banana,Banana - Ripe,Medium,2025-08-13,2860.0,2850.0,2870.0,2800.0,2800.0,2700.0,-0.0034843205574912,0.0214285714285713,0.0214285714285713,0.0592592592592593,2863.333333333333,2793.076923076923,12.110601416389477,53.27432633225381,-0.0011641443538998,0.0239603415037179,8,2,0
Kairana,Shamli,Uttar Pradesh,Garlic,Garlic,FAQ,2025-08-13,5450.0,5450.0,5450.0,5950.0,5950.0,5950.0,0.0,-0.0840336134453781,-0.0840336134453781,-0.0840336134453781,5592.857142857143,5853.333333333333,243.97501823713316,186.5907070408765,-0.0255427841634738,-0.0689066059225511,8,2,0
Firozabad,Firozabad,Uttar Pradesh,Green Chilli,Green Chilly,FAQ,2025-08-13,4330.0,4225.0,4280.0,4810.0,4550.0,2780.0,0.0116822429906542,-0.0997920997920998,-0.0483516483516484,0.5575539568345325,4316.666666666667,4463.125,130.3712647275722,292.94906999120553,0.0030888030888029,-0.0298277552163562,8,2,0
Amritsar(Amritsar Mewa Mandi),Amritsar,Punjab,Garlic,Garlic,FAQ,2025-08-13,3500.0,3500.0,3000.0,3000.0,2600.0,3000.0,0.1666666666666667,0.1666666666666667,0.3461538461538462,0.1666666666666667,3250.0,3080.0,273.8612787525831,295.68322818275016,0.0769230769230768,0.1363636363636364,8,2,0
Tamluk (Medinipur E),Medinipur(E),West Bengal,Brinjal,Brinjal,FAQ,2025-08-13,5000.0,5000.0,5400.0,5400.0,5400.0,4800.0,-0.074074074074074,-0.074074074074074,-0.074074074074074,0.0416666666666667,5285.714285714285,5384.0,254.4836041121408,230.3620339088827,-0.0540540540540539,-0.0713224368499256,8,2,0
Ramkrishanpur(Howrah),Howrah,West Bengal,Brinjal,Brinjal,FAQ,2025-08-13,5600.0,5500.0,6000.0,6600.0,7600.0,8500.0,-0.0666666666666666,-0.1515151515151515,-0.2631578947368421,-0.3411764705882353,6028.571428571428,7346.666666666667,411.1540089159216,1366.2769278876644,-0.0710900473933648,-0.2377495462794918,8,2,0
Chitwadagaon,Ballia,Uttar Pradesh,Brinjal,Brinjal,FAQ,2025-08-13,1760.0,1770.0,1720.0,1760.0,1950.0,1550.0,0.0232558139534884,0.0,-0.0974358974358974,0.1354838709677419,1752.5,1839.5652173913045,22.17355782608505,92.31754786749846,0.0042796005706133,-0.0432521862443866,8,2,0
Kattappana,Idukki,Kerala,Brinjal,Other,FAQ,2025-08-13,3500.0,3800.0,4300.0,4000.0,3400.0,3000.0,-0.1860465116279069,-0.125,0.0294117647058822,0.1666666666666667,3850.0,3700.0,367.4234614174767,308.220700148451,-0.0909090909090909,-0.054054054054054,8,2,0
Lucknow,Lucknow,Uttar Pradesh,Brinjal,Round/Long,FAQ,2025-08-13,1800.0,1800.0,1870.0,1850.0,1800.0,1550.0,-0.0374331550802139,-0.0270270270270269,0.0,0.1612903225806452,1843.3333333333333,1822.4,34.448028487370166,32.0520410166402,-0.023508137432188,-0.0122914837576821,8,2,0
Gadaura,Maharajganj,Uttar Pradesh,Green Chilli,Green Chilly,FAQ,2025-08-13,2100.0,2100.0,2100.0,2100.0,2100.0,2000.0,0.0,0.0,0.0,0.05,2114.285714285714,2103.846153846154,37.796447300922736,19.61161351381841,-0.0067567567567566,-0.0018281535648994,8,2,0
Golagokarnath,Lakhimpur,Uttar Pradesh,Garlic,Garlic,FAQ,2025-08-13,6240.0,6250.0,6250.0,6300.0,6300.0,6180.0,-0.0016,-0.0095238095238094,-0.0095238095238094,0.0097087378640776,6246.0,6269.565217391304,11.401754250990283,70.99796801636712,-0.0009606147934678,-0.0047156726768377,8,2,0
Manjeri,Malappuram,Kerala,Brinjal,Other,FAQ,2025-08-13,3850.0,3850.0,3850.0,2650.0,2650.0,3050.0,0.0,0.4528301886792452,0.4528301886792452,0.2622950819672132,3850.0,3021.428571428572,0.0,540.502411782639,0.0,0.2742316784869976,8,2,0
Aligarh,Aligarh,Uttar Pradesh,Banana,Banana - Ripe,Medium,2025-08-13,2600.0,2620.0,2620.0,2600.0,2610.0,2520.0,-0.0076335877862595,0.0,-0.0038314176245211,0.0317460317460318,2613.333333333333,2601.851851851852,12.110601416414148,27.321031211091583,-0.0051020408163265,-0.0007117437722419,8,2,0
Kalna,Purba Bardhaman,West Bengal,Green Chilli,Other,FAQ,2025-08-13,5900.0,5900.0,5900.0,6300.0,6900.0,6000.0,0.0,-0.0634920634920634,-0.144927536231884,-0.0166666666666667,5985.714285714285,6635.714285714285,157.35915849389252,657.2751189650706,-0.0143198090692123,-0.1108719052744886,8,2,0
Ballia,Ballia,Uttar Pradesh,Garlic,Garlic,FAQ,2025-08-13,6560.0,6600.0,6575.0,6390.0,6475.0,6620.0,-0.0022813688212928,0.0266040688575899,0.013127413127413,-0.0090634441087613,6550.833333333333,6461.538461538462,49.43851400142853,69.96812461298317,0.0013993130644955,0.0152380952380952,8,2,0
Raman,Bhatinda,Punjab,Banana,Other,Medium,2025-08-13,2045.0,2025.0,2045.0,2005.0,1955.0,1735.0,0.0,0.0199501246882793,0.0460358056265983,0.1786743515850144,2025.0,1903.4615384615383,17.888543819998265,153.14548136179891,0.0098765432098766,0.0743584562537886,8,2,0
Etawah,Etawah,Uttar Pradesh,Brinjal,Brinjal,FAQ,2025-08-13,1600.0,1500.0,1450.0,1550.0,1600.0,1950.0,0.1034482758620689,0.032258064516129,0.0,-0.1794871794871795,1533.3333333333333,1586.6,75.277265270908,82.84926070882963,0.0434782608695651,0.0084457330139922,8,2,0
Amritsar(Amritsar Mewa Mandi),Amritsar,Punjab,Green Chilli,Green Chilly,FAQ,2025-08-13,1000.0,1000.0,1000.0,1500.0,1500.0,600.0,0.0,-0.3333333333333333,-0.3333333333333333,0.6666666666666667,1133.3333333333333,1504.7619047619048,206.559111797729,452.1904360733324,-0.1176470588235293,-0.3354430379746835,8,2,0
Ghatal,Medinipur(W),West Bengal,Green Chilli,Green Chilly,FAQ,2025-08-13,8200.0,8100.0,8100.0,8100.0,8200.0,5900.0,0.0123456790123457,0.0123456790123457,0.0,0.3898305084745763,8150.0,8681.818181818182,54.77225575063557,1535.806400136859,0.0061349693251533,-0.0554973821989529,8,2,0
North Paravur,Ernakulam,Kerala,Brinjal,Arkasheela Mattigulla,FAQ,2025-08-13,4000.0,4000.0,4000.0,4000.0,4000.0,4000.0,0.0,0.0,0.0,0.0,4000.0,4000.0,0.0,0.0,0.0,0.0,8,2,0
Bharthna,Etawah,Uttar Pradesh,Green Chilli,Green Chilly,FAQ,2025-08-13,4730.0,4730.0,4900.0,5420.0,6000.0,3850.0,-0.0346938775510203,-0.1273062730627306,-0.2116666666666666,0.2285714285714286,4913.333333333333,5488.846153846154,184.46318512556007,418.0270510201717,-0.0373134328358207,-0.1382523999719712,8,2,0
Gonda,Gonda,Uttar Pradesh,Banana,Banana - Ripe,Medium,2025-08-13,2900.0,2950.0,2950.0,3050.0,3100.0,3000.0,-0.0169491525423728,-0.0491803278688525,-0.0645161290322581,-0.0333333333333333,3000.0,3024.137931034483,76.37626158260188,75.14354080117903,-0.0333333333333333,-0.0410490307867731,8,2,0
Tanda Urmur,Hoshiarpur,Punjab,Garlic,Other,FAQ,2025-08-13,11000.0,6500.0,12000.0,10000.0,9000.0,9500.0,-0.0833333333333333,0.1,0.2222222222222223,0.1578947368421053,10416.666666666666,10552.631578947368,2245.3655975512465,1300.5846638478554,0.056,0.0423940149625934,8,2,1
Khurja,Bulandshahar,Uttar Pradesh,Brinjal,Round/Long,FAQ,2025-08-13,1705.0,1750.0,1750.0,1750.0,1800.0,1750.0,-0.0257142857142856,-0.0257142857142856,-0.0527777777777778,-0.0257142857142856,1742.5,1821.6,34.31471987354726,149.00866865163366,-0.0215208034433285,-0.0640096618357487,8,2,0
Chengannur,Alappuzha,Kerala,Brinjal,Brinjal,FAQ,2025-08-13,3800.0,4000.0,4000.0,3800.0,3800.0,4000.0,-0.05,0.0,0.0,-0.05,3920.0,3917.391304347826,109.54451150103316,107.24726702617426,-0.0306122448979592,-0.0299667036625971,8,2,0
Ranaghat,Nadia,West Bengal,Green Chilli,Other,FAQ,2025-08-13,8000.0,8000.0,8100.0,7800.0,8500.0,5600.0,-0.0123456790123457,0.0256410256410255,-0.0588235294117647,0.4285714285714286,8033.333333333333,7745.833333333333,136.62601021279468,624.1370854622938,-0.0041493775933609,0.0328133405056483,8,2,0
Navsari,Navsari,Gujarat,Brinjal,Arkasheela Mattigulla,FAQ,2025-08-13,1250.0,1250.0,1625.0,1500.0,1250.0,3750.0,-0.2307692307692307,-0.1666666666666666,0.0,-0.6666666666666667,1464.2857142857142,2004.1666666666667,276.8337131959989,985.0626475205844,-0.146341463414634,-0.3762993762993764,8,2,0
Ettumanoor,Kottayam,Kerala,Brinjal,Other,FAQ,2025-08-13,3800.0,4500.0,4700.0,3600.0,2700.0,3700.0,-0.1914893617021277,0.0555555555555555,0.4074074074074074,0.0270270270270269,4260.0,3208.0,427.7849927241489,662.0171196175054,-0.107981220657277,0.1845386533665836,8,2,0
Mahoba,Mahoba,Uttar Pradesh,Green Chilli,Green Chilly,FAQ,2025-08-13,4550.0,4510.0,4550.0,4600.0,4580.0,3370.0,0.0,-0.0108695652173913,-0.0065502183406113,0.3501483679525223,4541.666666666667,4561.304347826087,18.348478592608803,43.51638644611869,0.001834862385321,-0.0024783147459727,8,2,0
Habra,North 24 Parganas,West Bengal,Brinjal,Other,FAQ,2025-08-13,5500.0,5200.0,5000.0,6200.0,2600.0,8000.0,0.1,-0.1129032258064516,1.1153846153846154,-0.3125,5385.714285714285,5871.428571428572,456.17456975944776,1471.4208660608897,0.0212201591511937,-0.0632603406326034,8,2,0
Nawabganj,Gonda,Uttar Pradesh,Garlic,Garlic,FAQ,2025-08-13,6400.0,6300.0,6400.0,6400.0,6400.0,6500.0,0.0,0.0,0.0,-0.0153846153846153,6378.571428571428,6460.0,39.33978962404947,69.97536512615892,0.0033594624860022,-0.0092879256965944,8,2,0
Bhinga,Shravasti,Uttar Pradesh,Banana,Banana - Ripe,Medium,2025-08-13,2850.0,2850.0,2900.0,2880.0,2800.0,2780.0,-0.0172413793103448,-0.0104166666666666,0.0178571428571427,0.0251798561151079,2867.8571428571427,2813.5714285714284,31.33915852640209,127.40906083583232,-0.0062266500622664,0.012947448591013,8,2,0
Bhopal,Bhopal,Madhya Pradesh,Garlic,Garlic,FAQ,2025-08-13,5700.0,5350.0,4500.0,2500.0,2300.0,6200.0,0.2666666666666666,1.2799999999999998,1.4782608695652173,-0.0806451612903226,4700.0,3212.5,1050.5950694725343,1239.2362655034328,0.2127659574468086,0.7743190661478598,8,2,1
Mainpuri,Mainpuri,Uttar Pradesh,Green Chilli,Green Chilly,FAQ,2025-08-13,4450.0,4470.0,4400.0,4900.0,4800.0,2890.0,0.0113636363636364,-0.0918367346938775,-0.0729166666666666,0.5397923875432526,4420.0,4653.4,70.71067811866611,233.75877880124688,0.006787330316742,-0.0437099755017835,8,2,0
Gazipur,Ghazipur,Uttar Pradesh,Green Chilli,Green Chilly,FAQ,2025-08-13,4900.0,4940.0,5120.0,4900.0,4940.0,2410.0,-0.04296875,0.0,-0.0080971659919028,1.0331950207468878,5028.333333333333,4770.4,93.0412095077594,381.7446790722678,-0.025522041763341,0.0271675331209124,8,2,0
Mahoba,Mahoba,Uttar Pradesh,Brinjal,Brinjal,FAQ,2025-08-13,1700.0,1740.0,1750.0,1920.0,2050.0,2000.0,-0.0285714285714285,-0.1145833333333333,-0.1707317073170732,-0.15,1748.3333333333333,2049.1304347826085,34.30257521916755,285.8466378939158,-0.0276453765490943,-0.1703798005516655,8,2,0
Allahabad,Prayagraj,Uttar Pradesh,Brinjal,Round/Long,FAQ,2025-08-13,1700.0,1730.0,1720.0,1750.0,1700.0,1785.0,-0.0116279069767442,-0.0285714285714285,0.0,-0.0476190476190476,1715.0,1735.625,14.142135623730548,30.72714774748039,-0.0087463556851311,-0.0205257472092186,8,2,0
Nautnava,Maharajganj,Uttar Pradesh,Green Chilli,Green Chilly,FAQ,2025-08-13,1960.0,1800.0,2300.0,1700.0,1600.0,1800.0,-0.1478260869565217,0.1529411764705881,0.2250000000000001,0.0888888888888888,1882.0,1701.0,261.9541944691858,172.7760948377108,0.0414452709883104,0.1522633744855968,8,2,0
Sabalgarh(F&V),Morena,Madhya Pradesh,Green Chilli,Green Chilly,FAQ,2025-08-13,2250.0,2400.0,1800.0,2500.0,1750.0,950.0,0.25,-0.0999999999999999,0.2857142857142858,1.3684210526315788,2133.333333333333,2285.714285714286,340.34296427770227,422.9994934140836,0.0546875,-0.015625,8,2,1
Bahraich,Bahraich,Uttar Pradesh,Banana,Banana - Ripe,Medium,2025-08-13,2875.0,2850.0,2950.0,2950.0,2840.0,2850.0,-0.0254237288135593,-0.0254237288135593,0.0123239436619717,0.0087719298245614,2905.0,2861.428571428572,74.16198487095669,58.87615915124199,-0.0103270223752151,0.0047428856714926,8,2,0
Nawabganj,Gonda,Uttar Pradesh,Green Chilli,Green Chilly,FAQ,2025-08-13,4950.0,5100.0,5050.0,5400.0,5400.0,4800.0,-0.0198019801980198,-0.0833333333333333,-0.0833333333333333,0.03125,5092.857142857143,5266.666666666667,145.56948921556386,367.2670111393946,-0.0280504908835904,-0.0601265822784811,8,2,0
Thalayolaparambu,Kottayam,Kerala,Brinjal,Brinjal,FAQ,2025-08-13,4200.0,5100.0,4500.0,4100.0,3100.0,3600.0,-0.0666666666666666,0.024390243902439,0.3548387096774192,0.1666666666666667,4700.0,3683.3333333333335,424.2640687119266,655.191088400046,-0.1063829787234043,0.1402714932126696,8,2,0
Nautnava,Maharajganj,Uttar Pradesh,Garlic,Average,FAQ,2025-08-13,2300.0,2400.0,2400.0,2400.0,2400.0,2400.0,-0.0416666666666666,-0.0416666666666666,-0.0416666666666666,-0.0416666666666666,2360.0,2347.5,54.77225575051664,71.58910531078732,-0.0254237288135593,-0.0202342917997869,8,2,0
Bahraich,Bahraich,Uttar Pradesh,Brinjal,Round/Long,FAQ,2025-08-13,1700.0,1675.0,1675.0,1750.0,1775.0,1950.0,0.0149253731343284,-0.0285714285714285,-0.0422535211267606,-0.1282051282051282,1675.0,1791.7241379310344,22.36067977498156,88.5526060565606,0.0149253731343284,-0.0511932255581215,8,2,0
Kayamkulam,Alappuzha,Kerala,Brinjal,Other,FAQ,2025-08-13,2900.0,2500.0,2400.0,2800.0,3200.0,3500.0,0.2083333333333332,0.0357142857142858,-0.09375,-0.1714285714285713,2614.285714285714,2546.6666666666665,167.61634196950942,582.9374683051482,0.1092896174863389,0.1387434554973823,8,2,0
Kayamganj,Farukhabad,Uttar Pradesh,Brinjal,Brinjal,FAQ,2025-08-13,1625.0,1625.0,1500.0,1600.0,1625.0,1300.0,0.0833333333333332,0.015625,0.0,0.25,1570.0,1598.8636363636365,64.71089552772374,87.78941006453286,0.035031847133758,0.0163468372423596,8,2,0
Safdarganj,Barabanki,Uttar Pradesh,Banana,Banana - Ripe,Medium,2025-08-13,2800.0,2750.0,2900.0,2850.0,2850.0,2850.0,-0.0344827586206896,-0.0175438596491228,-0.0175438596491228,-0.0175438596491228,2806.6666666666665,2835.6,55.73747990954257,36.29508690350165,-0.0023752969121139,-0.0125546621526307,8,2,0
Thodupuzha,Idukki,Kerala,Brinjal,Other,FAQ,2025-08-13,4000.0,4000.0,4000.0,4000.0,4000.0,4500.0,0.0,0.0,0.0,-0.1111111111111111,4000.0,3728.571428571429,0.0,336.1056871982817,0.0,0.0727969348659003,8,2,0
Mahoba,Mahoba,Uttar Pradesh,Banana,Banana - Ripe,Medium,2025-08-13,2250.0,2250.0,2280.0,2300.0,2560.0,2500.0,-0.0131578947368421,-0.0217391304347825,-0.12109375,-0.0999999999999999,2271.6666666666665,2398.695652173913,19.407902170679204,121.62925589400628,-0.0095377842993396,-0.0619902120717781,8,2,0
Nawan Shahar(Subzi Mandi),Nawanshahr,Punjab,Banana,Other,Medium,2025-08-13,4300.0,4300.0,4800.0,4800.0,4300.0,4300.0,-0.1041666666666666,-0.1041666666666666,0.0,0.0,4480.0,4637.5,216.794833886788,215.63858652847483,-0.0401785714285714,-0.0727762803234501,8,2,0
Badwani(F&V),Badwani,Madhya Pradesh,Cabbage,Cabbage,FAQ,2025-08-13,700.0,1000.0,700.0,1000.0,1000.0,1000.0,0.0,-0.3,-0.3,-0.3,816.6666666666666,836.3636363636364,147.19601443879748,136.43576735855723,-0.1428571428571428,-0.1630434782608696,8,2,0
Ettumanoor,Kottayam,Kerala,Cabbage,Other,FAQ,2025-08-13,2600.0,2600.0,2600.0,3200.0,2900.0,2800.0,0.0,-0.1875,-0.1034482758620689,-0.0714285714285714,2640.0,3008.0,89.44271909998584,281.24722220850424,-0.0151515151515151,-0.1356382978723403,8,2,0
Chengannur,Alappuzha,Kerala,Green Chilli,Green Chilly,FAQ,2025-08-13,5700.0,6000.0,5000.0,7000.0,6000.0,6000.0,0.1399999999999999,-0.1857142857142857,-0.05,-0.05,5900.0,5584.210526315789,173.20508075688772,1043.6384846055223,-0.0338983050847457,0.0207351555136663,8,2,0
Madikai  VFPCK,Kasargod,Kerala,Green Chilli,Green Chilly,FAQ,2025-08-13,6000.0,6000.0,6000.0,6000.0,6500.0,4500.0,0.0,0.0,-0.0769230769230768,0.3333333333333332,6000.0,6354.166666666667,0.0,744.2411756522436,0.0,-0.0557377049180328,8,2,0
Aluva,Ernakulam,Kerala,Green Chilli,Green Chilly,FAQ,2025-08-13,5500.0,6500.0,6300.0,5000.0,7000.0,4800.0,-0.1269841269841269,0.1,-0.2142857142857143,0.1458333333333332,6380.0,6643.478260869565,535.7238094391552,671.379913418856,-0.1379310344827586,-0.1721204188481675,8,2,0
Thalayolaparambu,Kottayam,Kerala,Brinjal,Other,FAQ,2025-08-13,3200.0,4200.0,3500.0,3200.0,3100.0,3100.0,-0.0857142857142857,0.0,0.032258064516129,0.032258064516129,3600.0,3145.833333333333,424.2640687119314,352.60418339113664,-0.1111111111111111,0.0172185430463576,8,2,0
Etawah,Etawah,Uttar Pradesh,Green Chilli,Green Chilly,FAQ,2025-08-13,4700.0,4750.0,4950.0,5400.0,6000.0,3800.0,-0.0505050505050505,-0.1296296296296296,-0.2166666666666666,0.2368421052631579,4883.333333333333,5509.615384615385,180.7392228230132,444.07639675381085,-0.0375426621160408,-0.1469458987783595,8,2,0
Haathras,Hathras,Uttar Pradesh,Cabbage,Cabbage,FAQ,2025-08-13,1350.0,1340.0,1330.0,1200.0,980.0,1080.0,0.0150375939849625,0.125,0.3775510204081633,0.25,1348.0,1183.3333333333333,14.832396974183997,153.60121527296937,0.0014836795252226,0.1408450704225352,8,2,0
Cherthala,Alappuzha,Kerala,Green Chilli,Green Chilly,FAQ,2025-08-13,6100.0,6100.0,6100.0,6100.0,6100.0,6100.0,0.0,0.0,0.0,0.0,5700.0,5922.222222222223,894.4271909999159,533.0881789497377,0.0701754385964912,0.0300187617260787,8,2,0
Firozepur City,Ferozpur,Punjab,Garlic,Other,FAQ,2025-08-13,6400.0,6500.0,5500.0,5500.0,6250.0,5300.0,0.1636363636363635,0.1636363636363635,0.024,0.2075471698113207,5662.5,5555.263157894737,1043.5316637904828,788.4398689187215,0.130242825607064,0.1520606347702511,8,2,1
Gazipur,Ghazipur,Uttar Pradesh,Brinjal,Brinjal,FAQ,2025-08-13,1650.0,1680.0,1740.0,1700.0,1640.0,1710.0,-0.0517241379310344,-0.0294117647058823,0.0060975609756097,-0.0350877192982456,1716.6666666666667,1795.4,45.460605656619215,133.54088013288668,-0.0388349514563107,-0.0809847387768742,8,2,0
Mainpuri,Mainpuri,Uttar Pradesh,Banana,Banana - Ripe,Medium,2025-08-13,2580.0,2540.0,2550.0,2600.0,2550.0,2500.0,0.0117647058823529,-0.0076923076923076,0.0117647058823529,0.032,2572.5,2574.8,35.742132001323284,48.01215123972396,0.0029154518950438,0.0020195743358706,8,2,0
Bhinga,Shravasti,Uttar Pradesh,Green Chilli,Green Chilly,FAQ,2025-08-13,5200.0,5000.0,5100.0,5250.0,5150.0,3600.0,0.0196078431372548,-0.0095238095238094,0.0097087378640776,0.4444444444444444,5108.333333333333,5333.333333333333,66.45800679126529,300.96000245366906,0.0179445350734095,-0.0249999999999999,8,2,0
Navsari,Navsari,Gujarat,Green Chilli,Green Chilly,FAQ,2025-08-13,3750.0,4750.0,4500.0,3500.0,4000.0,5500.0,-0.1666666666666666,0.0714285714285714,-0.0625,-0.3181818181818182,3892.857142857143,4333.333333333333,719.6229171289198,818.2543796919499,-0.036697247706422,-0.1346153846153845,8,2,0
Thalayolaparambu,Kottayam,Kerala,Green Chilli,Green Chilly,FAQ,2025-08-13,5400.0,5200.0,5200.0,6800.0,7500.0,5200.0,0.0384615384615385,-0.2058823529411765,-0.28,0.0384615384615385,5250.0,6620.833333333333,100.0,839.761439554313,0.0285714285714284,-0.184392699811202,8,2,0
Aluva,Ernakulam,Kerala,Brinjal,Brinjal,FAQ,2025-08-13,3300.0,5300.0,3500.0,3200.0,3000.0,3300.0,-0.0571428571428571,0.03125,0.1,0.0,3980.0,3347.826086956521,831.8653737234168,526.4543191936366,-0.1708542713567838,-0.0142857142857142,8,2,0
Ropar,Ropar (Rupnagar),Punjab,Garlic,Desi,FAQ,2025-08-13,5500.0,5500.0,6000.0,6000.0,5500.0,5000.0,-0.0833333333333333,-0.0833333333333333,0.0,0.1,5833.333333333333,5820.0,258.1988897471612,430.11626335213134,-0.057142857142857,-0.0549828178694158,8,2,0
Haathras,Hathras,Uttar Pradesh,Green Chilli,Green Chilly,FAQ,2025-08-13,4220.0,4250.0,4140.0,4030.0,4280.0,2100.0,0.0193236714975846,0.0471464019851115,-0.0140186915887849,1.0095238095238095,4182.0,4065.4545454545455,54.03702434442005,276.65910384490127,0.0090865614538497,0.0380143112701252,8,2,0
Mainpuri,Mainpuri,Uttar Pradesh,Brinjal,Round/Long,FAQ,2025-08-13,1400.0,1360.0,1300.0,1540.0,1650.0,1380.0,0.0769230769230768,-0.0909090909090909,-0.1515151515151515,0.0144927536231884,1358.3333333333333,1521.4,39.20034013457233,120.99862258169544,0.0306748466257669,-0.0797949257263047,8,2,0
Cherthala,Alappuzha,Kerala,Cabbage,Cabbage,FAQ,2025-08-13,4100.0,4100.0,4100.0,4100.0,4400.0,4200.0,0.0,0.0,-0.0681818181818182,-0.0238095238095238,4100.0,4126.666666666667,0.0,170.99150633319388,0.0,-0.0064620355411955,8,2,0
Badwani(F&V),Badwani,Madhya Pradesh,Green Chilli,Green Chilly,FAQ,2025-08-13,1800.0,2500.0,1700.0,2500.0,1800.0,2500.0,0.0588235294117647,-0.28,0.0,-0.28,1871.4285714285716,2176.6666666666665,407.0801956792866,534.1337384725956,-0.0381679389312976,-0.1730474732006125,8,2,0
Jahangirabad,Bulandshahar,Uttar Pradesh,Brinjal,Round/Long,FAQ,2025-08-13,1600.0,1590.0,1640.0,1675.0,1700.0,1650.0,-0.024390243902439,-0.044776119402985,-0.0588235294117647,-0.0303030303030302,1628.3333333333333,1722.88,26.20432534270392,100.45244314268798,-0.0174002047082906,-0.0713224368499257,8,2,0
Kayamganj,Farukhabad,Uttar Pradesh,Green Chilli,Green Chilly,FAQ,2025-08-13,4500.0,4700.0,4680.0,5050.0,4350.0,2050.0,-0.0384615384615384,-0.1089108910891089,0.0344827586206897,1.1951219512195124,4607.5,4504.210526315789,97.76672917374914,277.5951446396117,-0.0233315246880086,-0.0009347978499648,8,2,0
Maigalganj,Khiri (Lakhimpur),Uttar Pradesh,Green Chilli,Green Chilly,FAQ,2025-08-13,6125.0,6140.0,3960.0,3625.0,2840.0,2550.0,0.5467171717171717,0.6896551724137931,1.1566901408450705,1.4019607843137254,4421.428571428572,3310.137931034483,1218.7791510555253,962.2680694268232,0.3852988691437802,0.8503760651707397,8,2,0
Nawabganj,Gonda,Uttar Pradesh,Banana,Banana - Ripe,Medium,2025-08-13,2900.0,2900.0,3000.0,3000.0,2900.0,2850.0,-0.0333333333333333,-0.0333333333333333,0.0,0.0175438596491228,2971.428571428572,2920.333333333333,48.79500364742671,60.6563714897216,-0.0240384615384615,-0.0069626754936651,8,2,0
Firozepur City,Ferozpur,Punjab,Green Chilli,Other,FAQ,2025-08-13,3600.0,3259.0,3250.0,3500.0,2600.0,1100.0,0.1076923076923077,0.0285714285714284,0.3846153846153846,2.272727272727273,3339.75,3348.277777777778,173.55186544660785,543.5086238349913,0.0779249943858073,0.0751796114088503,8,2,0
Navsari,Navsari,Gujarat,Cabbage,Cabbage,FAQ,2025-08-13,1250.0,1125.0,1125.0,1250.0,1375.0,1250.0,0.1111111111111111,0.0,-0.0909090909090909,0.0,1178.571428571429,1264.1666666666667,66.8153104781164,237.4145339265,0.0606060606060605,-0.011206328279499,8,2,0
Aluva,Ernakulam,Kerala,Cabbage,Cabbage,FAQ,2025-08-13,2500.0,2400.0,2500.0,2500.0,2500.0,3500.0,0.0,0.0,0.0,-0.2857142857142857,2440.0,2730.4347826086955,89.44271909999159,433.2066299004741,0.0245901639344261,-0.0843949044585986,8,2,0
Maigalganj,Khiri (Lakhimpur),Uttar Pradesh,Garlic,Garlic,FAQ,2025-08-13,2925.0,2930.0,2340.0,2840.0,2425.0,2340.0,0.25,0.0299295774647887,0.2061855670103092,0.25,2820.833333333333,2584.555555555556,237.32713006874093,236.84274778740289,0.036927621861152,0.1317226258544344,8,2,0
Thalayolaparambu,Kottayam,Kerala,Cabbage,Cabbage,FAQ,2025-08-13,2700.0,2800.0,3200.0,3100.0,3200.0,3200.0,-0.15625,-0.1290322580645161,-0.15625,-0.15625,2875.0,3145.833333333333,221.7355782608383,193.32146390352008,-0.0608695652173912,-0.1417218543046358,8,2,0
Maigalganj,Khiri (Lakhimpur),Uttar Pradesh,Cabbage,Cabbage,FAQ,2025-08-13,1625.0,1530.0,1530.0,1625.0,1450.0,1530.0,0.0620915032679738,0.0,0.1206896551724137,0.0620915032679738,1579.8333333333333,1526.076923076923,57.02777101260804,79.57935565304564,0.0285895136617786,0.0648218156157063,8,2,0
Ropar,Ropar (Rupnagar),Punjab,Green Chilli,Green Chilly,FAQ,2025-08-13,5500.0,5500.0,6000.0,6500.0,2500.0,2000.0,-0.0833333333333333,-0.1538461538461538,1.2000000000000002,1.75,5916.666666666667,5952.0,376.3863263545405,1217.6206305742337,-0.0704225352112676,-0.0759408602150537,8,2,0
Mainpuri,Mainpuri,Uttar Pradesh,Garlic,Garlic,FAQ,2025-08-13,5500.0,5550.0,5400.0,5500.0,5900.0,6000.0,0.0185185185185186,0.0,-0.0677966101694915,-0.0833333333333333,5416.666666666667,5798.2,93.09493362513052,291.9078050802636,0.0153846153846153,-0.0514297540616053,8,2,0
Cherthala,Alappuzha,Kerala,Brinjal,Brinjal,FAQ,2025-08-13,3100.0,3300.0,3600.0,3300.0,3600.0,3300.0,-0.1388888888888888,-0.0606060606060605,-0.1388888888888888,-0.0606060606060605,3360.0,3338.8888888888887,194.93588689617928,146.0817212420697,-0.0773809523809523,-0.0715474209650581,8,2,0
Nawabganj,Gonda,Uttar Pradesh,Brinjal,Round/Long,FAQ,2025-08-13,1700.0,1700.0,1700.0,1700.0,1850.0,2000.0,0.0,0.0,-0.081081081081081,-0.15,1701.428571428571,1827.6666666666667,3.779644730168513,120.16320319590317,-0.0008396305625524,-0.069852270654751,8,2,0
Bhinga,Shravasti,Uttar Pradesh,Brinjal,Round/Long,FAQ,2025-08-13,1600.0,1575.0,1565.0,1470.0,1450.0,1880.0,0.0223642172523961,0.0884353741496599,0.1034482758620689,-0.1489361702127659,1535.0,1533.928571428571,61.64414002968786,228.2759747212134,0.0423452768729641,0.0430733410942958,8,2,0
Maigalganj,Khiri (Lakhimpur),Uttar Pradesh,Brinjal,Other,FAQ,2025-08-13,1850.0,1940.0,1830.0,1860.0,2075.0,1675.0,0.0109289617486338,-0.0053763440860215,-0.108433734939759,0.1044776119402985,1904.1666666666667,1824.25,118.0007062125759,140.50771034596752,-0.0284463894967177,0.0141153898862547,8,2,0
Gazipur,Ghazipur,Uttar Pradesh,Banana,Other,Medium,2025-08-13,2800.0,2800.0,2810.0,2815.0,2850.0,2810.0,-0.0035587188612099,-0.0053285968028419,-0.0175438596491228,-0.0035587188612099,2803.333333333333,2817.0,5.163977794944379,18.81931631772885,-0.0011890606420927,-0.0060347887823926,8,2,0
Rajkot(Veg.Sub Yard),Rajkot,Gujarat,Brinjal,Brinjal,FAQ,2025-08-13,1250.0,1375.0,1300.0,950.0,1000.0,3750.0,-0.0384615384615384,0.3157894736842106,0.25,-0.6666666666666667,1235.0,1222.7083333333333,140.9787217987241,391.8128966924047,0.0121457489878542,0.0223206679161698,8,2,0
Nawan Shahar(Subzi Mandi),Nawanshahr,Punjab,Brinjal,Other,FAQ,2025-08-13,1700.0,1800.0,1800.0,2800.0,2200.0,2080.0,-0.0555555555555555,-0.3928571428571429,-0.2272727272727273,-0.1826923076923077,1863.3333333333333,2576.3636363636365,174.54703282114727,752.965852982441,-0.0876565295169945,-0.3401552575864502,8,2,0
Nautnava,Maharajganj,Uttar Pradesh,Brinjal,Round/Long,FAQ,2025-08-13,1500.0,1500.0,1500.0,1500.0,1500.0,1400.0,0.0,0.0,0.0,0.0714285714285714,1470.0,1490.0,44.7213595499958,26.157418189028288,0.0204081632653061,0.0067114093959732,8,2,0
Thrippunithura,Ernakulam,Kerala,Brinjal,Brinjal,FAQ,2025-08-13,5500.0,6200.0,6200.0,5200.0,5500.0,6200.0,-0.1129032258064516,0.0576923076923077,0.0,-0.1129032258064516,6060.0,5531.818181818182,313.04951684997053,365.651881851158,-0.0924092409240924,-0.0057518488085456,8,2,0
Chengannur,Alappuzha,Kerala,Cabbage,Other,FAQ,2025-08-13,4000.0,3800.0,3800.0,3000.0,3200.0,3000.0,0.0526315789473683,0.3333333333333332,0.25,0.3333333333333332,3780.0,3556.521739130435,178.88543819998287,403.19867306388215,0.0582010582010581,0.1246943765281172,8,2,1
Neeleswaram,Kasargod,Kerala,Brinjal,Round/Long,FAQ,2025-08-13,3900.0,4000.0,4000.0,4000.0,4000.0,4000.0,-0.025,-0.025,-0.025,-0.025,3985.714285714286,4046.428571428572,37.796447300922736,171.0147120748236,-0.021505376344086,-0.0361871138570167,8,2,0
Kalapipal,Shajapur,Madhya Pradesh,Garlic,Garlic,FAQ,2025-08-13,4620.0,4401.0,4185.0,4600.0,4015.0,6000.0,0.103942652329749,0.0043478260869564,0.1506849315068492,-0.2299999999999999,3665.2,3689.857142857143,1609.4541621307517,1053.9014795373562,0.2605042016806722,0.2520809942312905,8,2,1
Narsinghgarh,Rajgarh,Madhya Pradesh,Garlic,Garlic,FAQ,2025-08-13,3600.0,4000.0,3200.0,4600.0,3000.0,5700.0,0.125,-0.217391304347826,0.1999999999999999,-0.368421052631579,3525.0,3123.529411764706,359.3976442141304,1009.040021359848,0.0212765957446807,0.1525423728813559,8,2,0
Kayamkulam,Alappuzha,Kerala,Cabbage,Other,FAQ,2025-08-13,1600.0,1600.0,1300.0,1400.0,1900.0,2400.0,0.2307692307692308,0.1428571428571428,-0.1578947368421053,-0.3333333333333333,1442.857142857143,1706.6666666666667,127.24180205606358,326.88006166273203,0.1089108910891087,-0.0625,8,2,0
Ghatal,Medinipur(W),West Bengal,Brinjal,Brinjal,FAQ,2025-08-13,7200.0,7100.0,7100.0,7100.0,7100.0,4200.0,0.0140845070422535,0.0140845070422535,0.0140845070422535,0.7142857142857142,7150.0,7136.363636363636,54.772255750516265,71.0161252343185,0.006993006993007,0.0089171974522292,8,2,0
Guskara,Purba Bardhaman,West Bengal,Brinjal,Other,FAQ,2025-08-13,4700.0,4800.0,4900.0,5500.0,5200.0,5000.0,-0.0408163265306122,-0.1454545454545455,-0.0961538461538461,-0.06,4914.285714285715,4882.142857142857,157.35915849388888,346.46743359178464,-0.0436046511627907,-0.0373079736649597,8,2,0
GarhShankar (Kotfatuhi),Hoshiarpur,Punjab,Green Chilli,Other,FAQ,2025-08-13,2000.0,2300.0,1700.0,1700.0,2400.0,1800.0,0.1764705882352941,0.1764705882352941,-0.1666666666666666,0.1111111111111111,1940.0,2057.1428571428573,336.15472627943217,405.6740422697024,0.0309278350515462,-0.0277777777777779,8,2,0
Bahraich,Bahraich,Uttar Pradesh,Green Chilli,Green Chilly,FAQ,2025-08-13,4900.0,4950.0,5000.0,5150.0,5200.0,3025.0,-0.02,-0.0485436893203883,-0.0576923076923077,0.6198347107438016,5004.166666666667,5123.275862068966,87.20187306848754,320.1514035300537,-0.0208159866777686,-0.0435806831566548,8,2,0
Jaipur (F&V),Jaipur,Rajasthan,Garlic,Average,FAQ,2025-08-13,4750.0,4500.0,4500.0,4500.0,5500.0,5500.0,0.0555555555555555,0.0555555555555555,-0.1363636363636363,-0.1363636363636363,4562.5,4867.64705882353,125.0,415.68511838537046,0.0410958904109588,-0.0241691842900302,8,2,0
Rasda,Ballia,Uttar Pradesh,Banana,Banana - Ripe,Medium,2025-08-13,2870.0,2830.0,2840.0,2820.0,2830.0,2830.0,0.0105633802816902,0.0177304964539006,0.0141342756183746,0.0141342756183746,2842.5,2832.391304347826,16.046806535880776,13.217547325887102,0.009674582233949,0.0132780719932459,8,2,0
Safdarganj,Barabanki,Uttar Pradesh,Green Chilli,Green Chilly,FAQ,2025-08-13,4550.0,4500.0,4750.0,4550.0,3650.0,2350.0,-0.0421052631578947,0.0,0.2465753424657535,0.9361702127659576,4525.0,3920.0,211.5419580130617,787.5330680887856,0.0055248618784531,0.1607142857142858,8,2,0
Naugarh,Siddharth Nagar,Uttar Pradesh,Brinjal,Round/Long,FAQ,2025-08-13,1750.0,1760.0,1680.0,1780.0,1750.0,1600.0,0.0416666666666667,-0.0168539325842697,0.0,0.09375,1735.0,1759.7368421052631,36.968455021368335,44.798117650507685,0.0086455331412103,-0.0055331239718857,8,2,0
Firozepur City,Ferozpur,Punjab,Brinjal,Other,FAQ,2025-08-13,2260.0,1750.0,1750.0,2200.0,2500.0,1750.0,0.2914285714285713,0.0272727272727273,-0.0959999999999999,0.2914285714285713,1974.0,2320.4761904761904,260.44193210771544,483.50259761945614,0.1448834853090173,-0.0260619741432381,8,2,1
Diamond Harbour(South 24-pgs),Sounth 24 Parganas,West Bengal,Green Chilli,Green Chilly,FAQ,2025-08-13,8700.0,8800.0,8600.0,8400.0,9100.0,4900.0,0.0116279069767442,0.0357142857142858,-0.0439560439560439,0.7755102040816326,8660.0,9015.384615384615,89.44271910001157,731.9520791375811,0.0046189376443417,-0.0349829351535836,8,2,0
Sagar(F&V),Sagar,Madhya Pradesh,Brinjal,Brinjal,FAQ,2025-08-13,900.0,1000.0,1100.0,1000.0,900.0,1100.0,-0.1818181818181817,-0.0999999999999999,0.0,-0.1818181818181817,1057.142857142857,1125.0,78.6795792469442,278.3882181415015,-0.1486486486486485,-0.1999999999999999,8,2,0
Kattappana,Idukki,Kerala,Green Chilli,Other,FAQ,2025-08-13,5500.0,5000.0,6000.0,5500.0,4500.0,4500.0,-0.0833333333333333,0.0,0.2222222222222223,0.2222222222222223,5450.0,6515.384615384615,420.3173404306164,1501.025290618683,0.0091743119266054,-0.1558441558441557,8,2,0
Neeleswaram,Kasargod,Kerala,Cabbage,Other,FAQ,2025-08-13,3000.0,3000.0,3000.0,3200.0,3000.0,3400.0,0.0,-0.0625,0.0,-0.1176470588235294,3000.0,3175.0,0.0,245.89217751478637,0.0,-0.0551181102362204,8,2,0
Ranniangadi,Pathanamthitta,Kerala,Brinjal,Brinjal,FAQ,2025-08-13,3000.0,3000.0,3200.0,3000.0,3200.0,3000.0,-0.0625,0.0,-0.0625,0.0,3000.0,3047.058823529412,0.0,132.84223283101898,0.0,-0.0154440154440154,8,2,0
Sagar(F&V),Sagar,Madhya Pradesh,Green Chilli,Other,FAQ,2025-08-13,2500.0,3000.0,3000.0,3000.0,3000.0,1400.0,-0.1666666666666666,-0.1666666666666666,-0.1666666666666666,0.7857142857142858,2916.6666666666665,3096.0,204.12414523193144,552.6300751859228,-0.1428571428571428,-0.1925064599483203,8,2,0
Bhawanigarh,Sangrur,Punjab,Brinjal,Other,FAQ,2025-08-13,2750.0,3250.0,2250.0,3250.0,3250.0,2200.0,0.2222222222222223,-0.1538461538461538,-0.1538461538461538,0.25,2875.0,3080.9523809523807,478.7135538781688,611.6527181489888,-0.0434782608695651,-0.1074188562596598,8,2,0
Thrippunithura,Ernakulam,Kerala,Cabbage,Cabbage,FAQ,2025-08-13,4200.0,4200.0,4200.0,4200.0,4700.0,4200.0,0.0,0.0,-0.1063829787234043,0.0,4260.0,4504.545454545455,134.16407864998754,296.7719546614747,-0.0140845070422535,-0.0676084762865792,8,2,0
Alipurduar,Alipurduar,West Bengal,Brinjal,Other,FAQ,2025-08-13,2200.0,2200.0,1500.0,2200.0,1300.0,800.0,0.4666666666666665,0.0,0.6923076923076923,1.75,1900.0,1536.6666666666667,374.16573867739424,479.5711685945328,0.1578947368421053,0.4316702819956615,8,2,0
Tanda Urmur,Hoshiarpur,Punjab,Green Chilli,Other,FAQ,2025-08-13,2500.0,2500.0,2500.0,3500.0,3000.0,1200.0,0.0,-0.2857142857142857,-0.1666666666666666,1.0833333333333337,2600.0,3178.9473684210525,154.91933384829653,510.5323445716154,-0.0384615384615384,-0.2135761589403972,8,2,0
Devariya,Deoria,Uttar Pradesh,Green Chilli,Green Chilly,FAQ,2025-08-13,4310.0,4360.0,4310.0,4360.0,3815.0,2325.0,0.0,-0.0114678899082568,0.129750982961992,0.853763440860215,4336.666666666667,3887.5,27.868739954771748,502.6884245473658,-0.0061491160645658,0.1086816720257235,8,2,0
Jaipur (F&V),Jaipur,Rajasthan,Green Chilli,Green Chilly,FAQ,2025-08-13,3250.0,3250.0,3250.0,4000.0,5500.0,2700.0,0.0,-0.1875,-0.409090909090909,0.2037037037037037,3250.0,4773.529411764706,0.0,997.6719223802436,0.0,-0.3191620455945779,8,2,0
Manasa,Neemuch,Madhya Pradesh,Garlic,Garlic,FAQ,2025-08-13,3300.0,3400.0,3700.0,2400.0,3600.0,4300.0,-0.1081081081081081,0.375,-0.0833333333333333,-0.2325581395348837,3275.0,3348.7272727272725,419.3248541803098,1156.843125629278,0.0076335877862594,-0.0145509827342815,8,2,0
Mamdot,Ferozpur,Punjab,Banana,Other,Medium,2025-08-13,3400.0,3400.0,3400.0,3150.0,3900.0,3300.0,0.0,0.0793650793650793,-0.1282051282051282,0.0303030303030302,3375.0,3413.333333333333,50.00000000000004,204.8228037899613,0.0074074074074073,-0.00390625,8,2,0
Rasda,Ballia,Uttar Pradesh,Brinjal,Brinjal,FAQ,2025-08-13,1725.0,1760.0,1740.0,1735.0,1820.0,1530.0,-0.0086206896551723,-0.0057636887608069,-0.0521978021978022,0.1274509803921568,1736.6666666666667,1818.9583333333333,16.020819787597507,95.34809414965976,-0.0067178502879079,-0.0516550223342113,8,2,0
Thodupuzha,Idukki,Kerala,Green Chilli,Other,FAQ,2025-08-13,6000.0,6000.0,6000.0,6400.0,6000.0,6000.0,0.0,-0.0625,0.0,0.0,6000.0,6246.153846153846,0.0,307.179059115319,0.0,-0.0394088669950738,8,2,0
Ettumanoor,Kottayam,Kerala,Green Chilli,Green Chilly,FAQ,2025-08-13,4800.0,6200.0,5600.0,6500.0,7500.0,3900.0,-0.1428571428571429,-0.2615384615384615,-0.36,0.2307692307692308,5620.0,6520.0,540.3702434442525,660.1767440112787,-0.1459074733096085,-0.2638036809815951,8,2,0
Jaipur (F&V),Jaipur,Rajasthan,Banana,Other,Medium,2025-08-13,2500.0,2500.0,2000.0,2500.0,2500.0,2500.0,0.25,0.0,0.0,0.0,2375.0,2426.470588235294,249.99999999999997,276.2005878087204,0.0526315789473683,0.0303030303030302,8,2,1
Firozepur City,Ferozpur,Punjab,Cabbage,Other,FAQ,2025-08-13,2750.0,1700.0,2150.0,2250.0,2600.0,1250.0,0.2790697674418605,0.2222222222222223,0.0576923076923077,1.2000000000000002,2212.5,2273.809523809524,430.8421984903521,370.0064349504788,0.2429378531073447,0.2094240837696335,8,2,1
Ratlam,Ratlam,Madhya Pradesh,Garlic,Garlic,FAQ,2025-08-13,4000.0,3500.0,6000.0,2700.0,3500.0,5000.0,-0.3333333333333333,0.4814814814814814,0.1428571428571428,-0.1999999999999999,4200.0,2782.608695652174,1262.9330940315472,1014.2853166428096,-0.0476190476190476,0.4375,8,2,0
Safdarganj,Barabanki,Uttar Pradesh,Brinjal,Brinjal,FAQ,2025-08-13,1750.0,1750.0,1600.0,1650.0,1850.0,1350.0,0.09375,0.0606060606060605,-0.054054054054054,0.2962962962962963,1675.0,1736.0,82.15838362577495,115.93820192959312,0.0447761194029849,0.0080645161290322,8,2,0
Thodupuzha,Idukki,Kerala,Cabbage,Other,FAQ,2025-08-13,2800.0,2800.0,2800.0,2800.0,3800.0,3600.0,0.0,0.0,-0.2631578947368421,-0.2222222222222222,2800.0,3128.5714285714284,0.0,506.0078616424407,0.0,-0.1050228310502282,8,2,0
Haathras,Hathras,Uttar Pradesh,Brinjal,Round,FAQ,2025-08-13,1280.0,1260.0,1020.0,850.0,1800.0,1460.0,0.2549019607843137,0.5058823529411764,-0.2888888888888888,-0.1232876712328767,1108.0,995.4545454545456,150.06665185843255,148.6851462899799,0.1552346570397111,0.2858447488584474,8,2,0
Naushera Pannuan,Tarntaran,Punjab,Green Chilli,Other,FAQ,2025-08-13,2500.0,2500.0,2500.0,1500.0,1500.0,1500.0,0.0,0.6666666666666667,0.6666666666666667,0.6666666666666667,2428.5714285714284,1861.111111111111,188.98223650461208,479.1400248348,0.0294117647058824,0.3432835820895523,8,2,0
Nawan Shahar(Subzi Mandi),Nawanshahr,Punjab,Cabbage,Other,FAQ,2025-08-13,1800.0,1700.0,2430.0,1900.0,2080.0,1550.0,-0.2592592592592593,-0.0526315789473684,-0.1346153846153845,0.1612903225806452,2131.6666666666665,1869.1304347826087,340.7883018336555,324.6944443833892,-0.1555903049257231,-0.0369853454291696,8,2,0
Ratlam,Ratlam,Madhya Pradesh,Garlic,Desi,FAQ,2025-08-13,5000.0,3197.0,4690.0,1800.0,2500.0,7901.0,0.0660980810234541,1.7777777777777777,1.0,-0.3671687128211619,3847.6,4083.35,1126.6633481215206,1735.4541427475456,0.2995113837197214,0.2244847980212325,8,2,1
Dinanagar,Gurdaspur,Punjab,Brinjal,Brinjal,FAQ,2025-08-13,3600.0,2700.0,2500.0,2000.0,4800.0,1600.0,0.4399999999999999,0.8,-0.25,1.25,2780.0,3250.0,465.8325879540847,1244.8465195126894,0.2949640287769783,0.1076923076923077,8,2,1
Dinanagar,Gurdaspur,Punjab,Cabbage,Cabbage,FAQ,2025-08-13,1500.0,1200.0,1050.0,1550.0,1600.0,600.0,0.4285714285714286,-0.032258064516129,-0.0625,1.5,1312.5,1682.3529411764705,225.00000000000003,472.0107177247767,0.1428571428571428,-0.1083916083916083,8,2,1
Jaipur (F&V),Jaipur,Rajasthan,Brinjal,Other,FAQ,2025-08-13,2250.0,2250.0,2250.0,1750.0,2250.0,1750.0,0.0,0.2857142857142858,0.0,0.2857142857142858,2250.0,2084.375,0.0,324.4065093880437,0.0,0.0794602698650674,8,2,0
Rasda,Ballia,Uttar Pradesh,Green Chilli,Green Chilly,FAQ,2025-08-13,5030.0,4925.0,5010.0,4825.0,4680.0,2330.0,0.0039920159680639,0.0424870466321243,0.0747863247863247,1.1587982832618025,4965.833333333333,4564.347826086957,53.1428891448959,447.9328895245198,0.0129216311461655,0.1020194322728138,8,2,0
Kayamganj,Farukhabad,Uttar Pradesh,Banana,Banana - Ripe,Medium,2025-08-13,2850.0,2750.0,2850.0,2800.0,2950.0,3100.0,0.0,0.0178571428571427,-0.0338983050847457,-0.0806451612903226,2820.0,2881.521739130435,44.7213595499958,62.25743443390941,0.0106382978723404,-0.010939268200679,8,2,0
Haathras,Hathras,Uttar Pradesh,Banana,Banana - Ripe,Medium,2025-08-13,2650.0,2680.0,2640.0,2620.0,2650.0,2650.0,0.0037878787878788,0.0114503816793893,0.0,0.0,2650.0,2617.826086956521,22.360679774998264,33.70413000579415,0.0,0.0122903172230526,8,2,0
Alipurduar,Alipurduar,West Bengal,Green Chilli,Other,FAQ,2025-08-13,7500.0,7500.0,5000.0,4000.0,6300.0,10000.0,0.5,0.875,0.1904761904761904,-0.25,6114.285714285715,6503.333333333333,1300.5493344846886,1626.819052594692,0.2266355140186915,0.1532547411583804,8,2,0
Nawan Shahar(Subzi Mandi),Nawanshahr,Punjab,Garlic,Other,FAQ,2025-08-13,7300.0,7300.0,7300.0,7800.0,7300.0,8300.0,0.0,-0.0641025641025641,0.0,-0.1204819277108434,7383.333333333333,7511.111111111111,204.12414523193152,265.43834753102567,-0.0112866817155755,-0.0281065088757396,8,2,0
Naugarh,Siddharth Nagar,Uttar Pradesh,Green Chilli,Green Chilly,FAQ,2025-08-13,4650.0,4650.0,4850.0,4050.0,3550.0,2400.0,-0.0412371134020618,0.1481481481481481,0.3098591549295775,0.9375,4725.0,4041.052631578948,95.7427107756334,652.6773470086465,-0.0158730158730159,0.1506902839281061,8,2,0
Madikai  VFPCK,Kasargod,Kerala,Brinjal,Round/Long,FAQ,2025-08-13,3000.0,3500.0,3500.0,3500.0,3000.0,3500.0,-0.1428571428571429,-0.1428571428571429,0.0,-0.1428571428571429,3416.6666666666665,3210.5263157894738,204.12414523193144,253.6286367508956,-0.1219512195121951,-0.0655737704918033,8,2,0
Bahraich,Bahraich,Uttar Pradesh,Garlic,Garlic,FAQ,2025-08-13,6500.0,6450.0,6300.0,6350.0,6400.0,6440.0,0.0317460317460318,0.0236220472440944,0.015625,0.0093167701863354,6350.0,6430.689655172414,118.32159566386348,92.42491293892223,0.0236220472440944,0.010778057804708,8,2,0
Etawah,Etawah,Uttar Pradesh,Garlic,Garlic,FAQ,2025-08-13,6100.0,6050.0,5600.0,5950.0,5700.0,6400.0,0.0892857142857141,0.0252100840336133,0.0701754385964912,-0.046875,5833.333333333333,5747.2,252.32254490367336,307.59172073815665,0.0457142857142858,0.0613864142538975,8,2,0
Nawan Shahar(Subzi Mandi),Nawanshahr,Punjab,Green Chilli,Other,FAQ,2025-08-13,3800.0,3800.0,1800.0,2200.0,2300.0,2800.0,1.1111111111111112,0.7272727272727273,0.6521739130434783,0.3571428571428572,2588.333333333333,2551.304347826087,947.4263383855584,537.5728648101967,0.4681262073406309,0.4894342194955692,8,2,0
Bhawanigarh,Sangrur,Punjab,Green Chilli,Green Chilly,FAQ,2025-08-13,2200.0,2750.0,2750.0,3025.0,3000.0,2600.0,-0.1999999999999999,-0.2727272727272727,-0.2666666666666667,-0.1538461538461538,2490.0,2852.8846153846152,362.9738282576252,397.5126993617493,-0.1164658634538152,-0.2288506909336028,8,2,0
Madhoganj,Hardoi,Uttar Pradesh,Green Chilli,Green Chilly,FAQ,2025-08-13,4560.0,4550.0,4530.0,4500.0,4250.0,2350.0,0.0066225165562914,0.0133333333333334,0.0729411764705882,0.9404255319148936,4536.0,4210.416666666667,23.021728866444423,396.6542593358511,0.0052910052910053,0.0830282038594754,8,2,0
Rasda,Ballia,Uttar Pradesh,Garlic,Average,FAQ,2025-08-13,6590.0,6560.0,6575.0,6325.0,6450.0,6430.0,0.0022813688212928,0.041897233201581,0.0217054263565892,0.0248833592534991,6555.833333333333,6343.913043478261,36.662878592134135,554.5697687927051,0.0052116435744249,0.0387910355698717,8,2,0
Madhoganj,Hardoi,Uttar Pradesh,Brinjal,Round/Long,FAQ,2025-08-13,1650.0,1655.0,1650.0,1650.0,1700.0,1600.0,0.0,0.0,-0.0294117647058823,0.03125,1650.8333333333333,1669.4,2.041241452319334,22.0472976424562,-0.000504795557799,-0.0116209416556847,8,2,0
Achalda,Auraiya,Uttar Pradesh,Banana,Banana - Ripe,Medium,2025-08-13,2720.0,2750.0,2740.0,2800.0,2800.0,2800.0,-0.0072992700729926,-0.0285714285714285,-0.0285714285714285,-0.0285714285714285,2733.333333333333,2773.4615384615386,19.66384160500313,41.85138541956696,-0.0048780487804878,-0.0192761059492442,8,2,0
Habra,North 24 Parganas,West Bengal,Green Chilli,Other,FAQ,2025-08-13,8200.0,8700.0,8700.0,8600.0,9000.0,11500.0,-0.0574712643678161,-0.0465116279069767,-0.0888888888888889,-0.2869565217391304,8457.142857142857,8546.42857142857,310.1458950083724,1250.6241827827023,-0.0304054054054053,-0.0405348934391975,8,2,0
Safdarganj,Barabanki,Uttar Pradesh,Garlic,Average,FAQ,2025-08-13,6420.0,6420.0,6450.0,6400.0,6550.0,6450.0,-0.0046511627906976,0.003125,-0.0198473282442748,-0.0046511627906976,6451.666666666667,6434.4,39.20034013457824,100.33610184603567,-0.0049082924308964,-0.0022379709063781,8,2,0
Kalapipal(F&V),Shajapur,Madhya Pradesh,Garlic,Garlic,FAQ,2025-08-13,4100.0,3885.0,3600.0,3435.0,3200.0,4000.0,0.1388888888888888,0.1935953420669578,0.28125,0.0249999999999999,3592.1428571428573,3428.103448275862,302.7630693970094,317.43225878324165,0.1413799960230661,0.1959965799929588,8,2,0
Bharthna,Etawah,Uttar Pradesh,Brinjal,Brinjal,FAQ,2025-08-13,1620.0,1550.0,1430.0,1560.0,1550.0,1620.0,0.1328671328671329,0.0384615384615385,0.0451612903225806,0.0,1536.6666666666667,1598.4615384615386,81.4043405886114,91.768940614666,0.054229934924078,0.0134744947064484,8,2,0
Timarni(F&V),Harda,Madhya Pradesh,Cabbage,Other,FAQ,2025-08-13,1500.0,1500.0,1250.0,1500.0,1600.0,1400.0,0.1999999999999999,0.0,-0.0625,0.0714285714285714,1362.5,1362.5,160.07810593582118,279.58302285129326,0.1009174311926606,0.1009174311926606,8,2,0
Kalpetta,Wayanad,Kerala,Brinjal,Other,FAQ,2025-08-13,2200.0,2200.0,2200.0,2200.0,2200.0,2100.0,0.0,0.0,0.0,0.0476190476190476,2200.0,2178.260869565217,0.0,42.1741167836656,0.0,0.0099800399201597,8,2,0
Surat,Surat,Gujarat,Brinjal,Other,FAQ,2025-08-13,2000.0,2000.0,2000.0,2000.0,1750.0,6750.0,0.0,0.0,0.1428571428571428,-0.7037037037037037,2000.0,2547.9166666666665,0.0,1046.0566913171044,0.0,-0.2150449713818478,8,2,0
Jalandhar City(Jalandhar),Jalandhar,Punjab,Garlic,Other,FAQ,2025-08-13,5500.0,6000.0,6400.0,5200.0,5500.0,5500.0,-0.140625,0.0576923076923077,0.0,0.0,6000.0,5624.0,874.0709353364913,527.0041113059117,-0.0833333333333333,-0.0220483641536273,8,2,0
Jhargram,Jhargram,West Bengal,Brinjal,Round/Long,FAQ,2025-08-13,5200.0,5400.0,5600.0,5400.0,5500.0,7000.0,-0.0714285714285714,-0.037037037037037,-0.0545454545454545,-0.2571428571428571,5357.142857142857,6328.0,161.83471874253686,1271.9800837015205,-0.0293333333333333,-0.1782553729456384,8,2,0
Mukkom,Kozhikode(Calicut),Kerala,Brinjal,Brinjal,FAQ,2025-08-13,3500.0,3000.0,3600.0,5300.0,4600.0,4200.0,-0.0277777777777777,-0.339622641509434,-0.2391304347826086,-0.1666666666666666,3500.0,4338.461538461538,223.6067977499776,593.3477382290613,0.0,-0.1932624113475176,8,2,0
Karvi,Chitrakut,Uttar Pradesh,Banana,Banana - Ripe,Small,2025-08-13,2000.0,2000.0,2000.0,2080.0,2500.0,2450.0,0.0,-0.0384615384615384,-0.1999999999999999,-0.183673469387755,2004.0,2075.3571428571427,8.944271909999143,116.62669383243627,-0.0019960079840319,-0.0363104457064187,8,2,0
Dewas(F&V),Dewas,Madhya Pradesh,Cabbage,Other,FAQ,2025-08-13,1000.0,1000.0,1100.0,1200.0,750.0,700.0,-0.0909090909090909,-0.1666666666666666,0.3333333333333332,0.4285714285714286,1060.0,868.1818181818181,89.44271909999209,182.27755820481124,-0.0566037735849056,0.1518324607329844,8,2,0
Ajmer(F&V),Ajmer,Rajasthan,Garlic,Other,FAQ,2025-08-13,5200.0,5000.0,6500.0,6400.0,6500.0,6500.0,-0.1999999999999999,-0.1875,-0.1999999999999999,-0.1999999999999999,5725.0,6036.363636363636,736.5459931328119,829.5411551806341,-0.0917030567685589,-0.1385542168674698,8,2,0
Palayam,Kozhikode(Calicut),Kerala,Cabbage,Other,FAQ,2025-08-13,1300.0,1300.0,1300.0,1400.0,1600.0,1500.0,0.0,-0.0714285714285714,-0.1875,-0.1333333333333333,1300.0,1528.571428571429,0.0,207.70858707058045,0.0,-0.1495327102803738,8,2,0
Belacoba,Jalpaiguri,West Bengal,Brinjal,Round/Long,FAQ,2025-08-13,3700.0,3300.0,3200.0,3300.0,3200.0,3900.0,0.15625,0.1212121212121211,0.15625,-0.0512820512820513,3350.0,3267.3076923076924,176.0681686165977,148.95791868331182,0.1044776119402985,0.1324308416715716,8,2,0
Gorakhpur,Gorakhpur,Uttar Pradesh,Green Chilli,Green Chilly,FAQ,2025-08-13,4300.0,4350.0,4350.0,4350.0,3850.0,2850.0,-0.0114942528735632,-0.0114942528735632,0.1168831168831168,0.5087719298245614,4325.0,3857.142857142857,27.386127875297973,479.7692897930885,-0.0057803468208093,0.1148148148148147,8,2,0
Sarangpur(F&V),Rajgarh,Madhya Pradesh,Cabbage,Cabbage,FAQ,2025-08-13,2200.0,2300.0,2300.0,2000.0,2000.0,1500.0,-0.0434782608695651,0.1,0.1,0.4666666666666665,2342.8571428571427,1876.923076923077,78.6795792469396,386.06496065578574,-0.0609756097560975,0.1721311475409837,8,2,0
"Anand(Veg,Yard,Anand)",Anand,Gujarat,Green Chilli,Green Chilly,FAQ,2025-08-13,3250.0,3750.0,3750.0,3000.0,5000.0,4500.0,-0.1333333333333333,0.0833333333333332,-0.35,-0.2777777777777778,3750.0,4467.391304347826,500.00000000001353,1225.4506309973694,-0.1333333333333333,-0.2725060827250608,8,2,0
Karsiyang(Matigara),Darjeeling,West Bengal,Cabbage,Other,FAQ,2025-08-13,2400.0,2400.0,2400.0,2400.0,2400.0,2400.0,0.0,0.0,0.0,0.0,2385.714285714286,2396.6666666666665,37.796447300922736,18.25741858354437,0.0059880239520957,0.0013908205841446,8,2,0
Dhupguri,Jalpaiguri,West Bengal,Brinjal,Round/Long,FAQ,2025-08-13,3200.0,3400.0,3100.0,2900.0,3100.0,2900.0,0.032258064516129,0.1034482758620689,0.032258064516129,0.1034482758620689,3242.8571428571427,3065.5172413793102,171.82493859684612,278.10052405170296,-0.0132158590308369,0.0438695163104612,8,2,0
Palayam,Kozhikode(Calicut),Kerala,Green Chilli,Other,FAQ,2025-08-13,4600.0,4600.0,4800.0,5500.0,6600.0,2900.0,-0.0416666666666666,-0.1636363636363637,-0.303030303030303,0.5862068965517242,4800.0,5633.333333333333,244.948974278318,671.0687992548311,-0.0416666666666666,-0.1834319526627218,8,2,0
Sarangpur(F&V),Rajgarh,Madhya Pradesh,Green Chilli,Green Chilly,FAQ,2025-08-13,3800.0,4000.0,4300.0,4200.0,3900.0,3000.0,-0.1162790697674418,-0.0952380952380952,-0.0256410256410256,0.2666666666666666,4185.714285714285,3850.0,267.2612419124204,488.4669896727932,-0.092150170648464,-0.0129870129870129,8,2,0
Ajmer(F&V),Ajmer,Rajasthan,Cabbage,Other,FAQ,2025-08-13,1300.0,1400.0,1400.0,1400.0,1500.0,1300.0,-0.0714285714285714,-0.0714285714285714,-0.1333333333333333,0.0,1350.0,1355.5555555555557,54.772255750516514,97.40215340113834,-0.037037037037037,-0.040983606557377,8,2,0
Sasthamkotta,Kollam,Kerala,Brinjal,Other,FAQ,2025-08-13,4200.0,4200.0,3200.0,3200.0,2800.0,3200.0,0.3125,0.3125,0.5,0.3125,3520.0,3505.8823529411766,641.8722614352484,543.680269362534,0.1931818181818181,0.1979865771812079,8,2,0
Mansa,Mansa,Punjab,Garlic,Garlic,FAQ,2025-08-13,5000.0,5000.0,5000.0,5100.0,5000.0,5000.0,0.0,-0.0196078431372549,0.0,0.0,4928.571428571428,6437.037037037037,188.98223650458547,2036.6163771820875,0.0144927536231884,-0.2232451093210588,8,2,0
Kalyani,Nadia,West Bengal,Green Chilli,Green Chilly,FAQ,2025-08-13,7500.0,7500.0,8500.0,8000.0,8500.0,10500.0,-0.1176470588235294,-0.0625,-0.1176470588235294,-0.2857142857142857,8214.285714285714,8931.034482758621,487.9500364742669,752.6635789343009,-0.0869565217391303,-0.1602316602316602,8,2,0
Pampady,Kottayam,Kerala,Brinjal,Brinjal,FAQ,2025-08-13,6000.0,6000.0,5000.0,5000.0,4000.0,4500.0,0.1999999999999999,0.1999999999999999,0.5,0.3333333333333332,5500.0,4400.0,577.3502691896257,836.6600265340742,0.0909090909090908,0.3636363636363635,8,2,0
Belacoba,Jalpaiguri,West Bengal,Brinjal,Other,FAQ,2025-08-13,2200.0,1900.0,1850.0,1900.0,2200.0,2900.0,0.1891891891891892,0.1578947368421053,0.0,-0.2413793103448276,1950.0,2090.3846153846152,126.49110640673494,221.3681236173161,0.1282051282051282,0.0524379024839007,8,2,0
Charra,Aligarh,Uttar Pradesh,Cabbage,Cabbage,FAQ,2025-08-13,1450.0,1500.0,1500.0,1500.0,1450.0,1450.0,-0.0333333333333333,-0.0333333333333333,0.0,0.0,1470.0,1474.074074074074,27.38612787525763,25.458753860826,-0.0136054421768707,-0.0163316582914573,8,2,0
Sasthamkotta,Kollam,Kerala,Green Chilli,Other,FAQ,2025-08-13,16200.0,16200.0,15200.0,14200.0,16200.0,16200.0,0.0657894736842106,0.1408450704225352,0.0,0.0,15400.0,15533.333333333334,836.6600265340757,766.96498884737,0.0519480519480519,0.0429184549356223,8,2,0
Chutmalpur,Saharanpur,Uttar Pradesh,Green Chilli,Green Chilly,FAQ,2025-08-13,3100.0,2950.0,3100.0,2200.0,1800.0,1800.0,0.0,0.4090909090909091,0.7222222222222223,0.7222222222222223,2878.5714285714284,2166.0714285714284,321.26980205784275,457.0544929478424,0.0769230769230768,0.4311624072547404,8,2,0
Kuruppanthura,Kottayam,Kerala,Green Chilli,Green Chilly,FAQ,2025-08-13,7000.0,7000.0,8000.0,8000.0,9000.0,4300.0,-0.125,-0.125,-0.2222222222222222,0.627906976744186,7600.0,8034.782608695652,547.7225575051662,607.9837734468767,-0.0789473684210526,-0.1287878787878787,8,2,0
Indore(F&V),Indore,Madhya Pradesh,Green Chilli,Green Chilly,FAQ,2025-08-13,1600.0,1600.0,2500.0,3000.0,2800.0,3000.0,-0.36,-0.4666666666666667,-0.4285714285714286,-0.4666666666666667,2050.0,2517.8571428571427,492.9503017546498,528.4874093097615,-0.2195121951219512,-0.3645390070921985,8,2,0
Auraiya,Auraiya,Uttar Pradesh,Cabbage,Cabbage,FAQ,2025-08-13,2200.0,2155.0,2150.0,2135.0,2130.0,1520.0,0.0232558139534884,0.0304449648711944,0.0328638497652582,0.4473684210526316,2132.5,2031.5384615384612,68.24587899645655,153.9985014912071,0.0316529894490034,0.0829231351760697,8,2,0
Jhansi,Jhansi,Uttar Pradesh,Garlic,Garlic,FAQ,2025-08-13,5120.0,5120.0,5120.0,6020.0,6020.0,6050.0,0.0,-0.1495016611295681,-0.1495016611295681,-0.1537190082644628,5105.0,5752.631578947368,30.0,482.6183459384099,0.0029382957884427,-0.1099725526075022,8,2,0
Auraiya,Auraiya,Uttar Pradesh,Garlic,Desi,FAQ,2025-08-13,6000.0,5950.0,6100.0,5650.0,6250.0,6360.0,-0.0163934426229508,0.0619469026548673,-0.04,-0.0566037735849056,6062.5,6123.653846153846,73.73940601875768,181.38664610303735,-0.0103092783505154,-0.0201928210281694,8,2,0
Jodhpur (F&V),Jodhpur,Rajasthan,Banana,Other,Medium,2025-08-13,1500.0,1500.0,1500.0,1600.0,1500.0,1500.0,0.0,-0.0625,0.0,0.0,1500.0,1544.4444444444443,0.0,72.64831572567788,0.0,-0.0287769784172661,8,2,0
Falakata,Alipurduar,West Bengal,Brinjal,Other,FAQ,2025-08-13,2200.0,2200.0,1100.0,2200.0,1450.0,2000.0,1.0,0.0,0.5172413793103448,0.1,1728.571428571429,1583.3333333333333,587.9747322073337,460.009994893913,0.2727272727272727,0.3894736842105264,8,2,0
Auraiya,Auraiya,Uttar Pradesh,Green Chilli,Green Chilly,FAQ,2025-08-13,5180.0,5175.0,5210.0,5575.0,5000.0,3100.0,-0.0057581573896353,-0.0708520179372197,0.036,0.6709677419354838,5198.333333333333,5037.5,18.61898672503404,427.2499268578299,-0.00352677140109,0.0282878411910669,8,2,0
Banda,Banda,Uttar Pradesh,Garlic,Garlic,FAQ,2025-08-13,5850.0,5750.0,6000.0,6400.0,6110.0,6700.0,-0.025,-0.0859375,-0.0425531914893616,-0.126865671641791,5850.0,6145.476190476191,108.01234497346236,631.2762960104621,0.0,-0.0480802758513811,8,2,0
Khair,Aligarh,Uttar Pradesh,Green Chilli,Green Chilly,FAQ,2025-08-13,3500.0,2800.0,2800.0,2800.0,3800.0,2500.0,0.25,0.25,-0.0789473684210526,0.3999999999999999,3083.333333333333,3533.333333333333,449.0731195102493,701.3444645614707,0.1351351351351351,-0.0094339622641509,8,2,0
Puwaha,Shahjahanpur,Uttar Pradesh,Brinjal,Round/Long,FAQ,2025-08-13,1725.0,1750.0,1700.0,1650.0,1600.0,1375.0,0.0147058823529411,0.0454545454545454,0.078125,0.2545454545454546,1719.0,1648.125,20.736441353377423,66.37959023677628,0.0034904013961605,0.0466439135381115,8,2,0
Kasganj,Kasganj,Uttar Pradesh,Banana,Banana - Ripe,Medium,2025-08-13,2650.0,2620.0,2630.0,2620.0,2650.0,2790.0,0.0076045627376426,0.0114503816793893,0.0,-0.050179211469534,2620.0,2624.5,21.213203435596377,28.13163501983007,0.0114503816793893,0.0097161364069346,8,2,0
"Anand(Veg,Yard,Anand)",Anand,Gujarat,Cabbage,Cabbage,FAQ,2025-08-13,1375.0,1250.0,1375.0,750.0,875.0,1100.0,0.0,0.8333333333333333,0.5714285714285714,0.25,1416.6666666666667,1081.8181818181818,190.9406539564933,246.9072770559899,-0.0294117647058823,0.2710084033613447,8,2,1
Surat,Surat,Gujarat,Cabbage,Other,FAQ,2025-08-13,1000.0,1050.0,1150.0,1175.0,1200.0,1300.0,-0.1304347826086956,-0.1489361702127659,-0.1666666666666666,-0.2307692307692307,1100.0,1209.375,89.44271909999162,110.53538190176944,-0.0909090909090909,-0.1731266149870801,8,2,0
Palamaner,Chittor,Andhra Pradesh,Brinjal,Brinjal,FAQ,2025-08-13,1500.0,1200.0,1200.0,1500.0,1600.0,2000.0,0.25,0.0,-0.0625,-0.25,1275.0,1400.0,150.0,179.37088125859668,0.1764705882352941,0.0714285714285714,8,2,1
Jalandhar City(Jalandhar),Jalandhar,Punjab,Cabbage,Other,FAQ,2025-08-13,600.0,700.0,700.0,700.0,600.0,500.0,-0.1428571428571429,-0.1428571428571429,0.0,0.1999999999999999,650.0,669.2307692307693,54.772255750517125,101.07118588096571,-0.0769230769230768,-0.103448275862069,8,2,1
Ujjain,Ujjain,Madhya Pradesh,Garlic,Garlic,FAQ,2025-08-13,2200.0,1500.0,2200.0,4000.0,2000.0,2000.0,0.0,-0.4499999999999999,0.1,0.1,2080.0,2303.6363636363635,370.13511046643305,1146.2175703653002,0.0576923076923077,-0.0449881610102603,8,2,0
Banda,Banda,Uttar Pradesh,Green Chilli,Green Chilly,FAQ,2025-08-13,4050.0,3920.0,3900.0,4450.0,4600.0,2950.0,0.0384615384615385,-0.0898876404494382,-0.1195652173913043,0.3728813559322033,3945.0,4397.857142857143,70.47458170622116,363.56076324518926,0.0266159695817489,-0.0790969628065616,8,2,0
Firozabad,Firozabad,Uttar Pradesh,Banana,Banana - Ripe,Medium,2025-08-13,2550.0,2565.0,2540.0,2630.0,2575.0,2520.0,0.0039370078740157,-0.0304182509505703,-0.0097087378640776,0.0119047619047618,2565.0,2572.5,26.832815729997066,46.2272270608872,-0.0058479532163743,-0.0087463556851311,8,2,0
Ajmer(F&V),Ajmer,Rajasthan,Green Chilli,Other,FAQ,2025-08-13,2400.0,2200.0,2200.0,2500.0,3000.0,3300.0,0.0909090909090908,-0.04,-0.1999999999999999,-0.2727272727272727,2183.333333333333,2644.4444444444443,160.20819787597665,337.7907105036569,0.0992366412213738,-0.0924369747899159,8,2,0
Kalyani,Nadia,West Bengal,Cabbage,Other,FAQ,2025-08-13,3500.0,3500.0,3500.0,2800.0,2000.0,2000.0,0.0,0.25,0.75,0.75,3500.0,2417.2413793103447,0.0,654.1455525652434,0.0,0.4479315263908703,8,2,0
Mukkom,Kozhikode(Calicut),Kerala,Cabbage,Cabbage,FAQ,2025-08-13,3500.0,3500.0,3600.0,3400.0,3200.0,3300.0,-0.0277777777777777,0.0294117647058822,0.09375,0.0606060606060605,3457.1428571428573,3338.4615384615386,139.72762620115532,179.05736081361508,0.0123966942148758,0.0483870967741935,8,2,0
Mansa,Mansa,Punjab,Banana,Banana - Ripe,Medium,2025-08-13,1900.0,2000.0,2100.0,2100.0,2000.0,1900.0,-0.0952380952380952,-0.0952380952380952,-0.05,0.0,2000.0,2120.0,63.245553203371145,291.5475947422659,-0.05,-0.1037735849056603,8,2,0
Charra,Aligarh,Uttar Pradesh,Green Chilli,Green Chilly,FAQ,2025-08-13,4900.0,4900.0,4900.0,3900.0,3900.0,2600.0,0.0,0.2564102564102564,0.2564102564102564,0.8846153846153846,4900.0,3848.148148148148,0.0,680.7068556741837,0.0,0.2733397497593839,8,2,0
Palamaner,Chittor,Andhra Pradesh,Cabbage,Cabbage,FAQ,2025-08-13,900.0,800.0,800.0,800.0,800.0,1000.0,0.125,0.125,0.125,-0.0999999999999999,825.0,863.75,50.000000000006,96.31526584494904,0.0909090909090908,0.0419681620839362,8,2,0
Jodhpur (F&V),Jodhpur,Rajasthan,Garlic,Other,FAQ,2025-08-13,4500.0,4500.0,4500.0,4500.0,4500.0,4500.0,0.0,0.0,0.0,0.0,4550.0,4610.0,111.80339887499164,229.12878474803867,-0.0109890109890109,-0.0238611713665943,8,2,0
Chutmalpur,Saharanpur,Uttar Pradesh,Brinjal,Brinjal,FAQ,2025-08-13,750.0,750.0,750.0,700.0,600.0,800.0,0.0,0.0714285714285714,0.25,-0.0625,757.1428571428571,785.1851851851852,18.8982236504619,161.6113659933412,-0.0094339622641509,-0.044811320754717,8,2,0
Palamaner,Chittor,Andhra Pradesh,Green Chilli,Green Chilly,FAQ,2025-08-13,6000.0,5000.0,5000.0,2500.0,3500.0,3500.0,0.1999999999999999,1.4,0.7142857142857142,0.7142857142857142,5250.0,3809.5238095238096,500.0,1077.9168622415937,0.1428571428571428,0.575,8,2,1
Lakhimpur,Lakhimpur,Uttar Pradesh,Banana,Banana - Ripe,Medium,2025-08-13,2660.0,2650.0,2650.0,2650.0,2665.0,2730.0,0.0037735849056603,0.0037735849056603,-0.0018761726078799,-0.0256410256410256,2648.0,2654.4,16.431676725155842,12.189476335517233,0.0045317220543805,0.00210970464135,8,2,0
Sarangpur(F&V),Rajgarh,Madhya Pradesh,Brinjal,Brinjal,FAQ,2025-08-13,2600.0,2500.0,2200.0,1500.0,1900.0,2500.0,0.1818181818181818,0.7333333333333334,0.368421052631579,0.04,2085.714285714286,1922.2222222222224,418.0453381654947,308.0126537527214,0.2465753424657533,0.3526011560693642,8,2,0
Devariya,Deoria,Uttar Pradesh,Brinjal,Brinjal,FAQ,2025-08-13,1755.0,1730.0,1755.0,1760.0,1755.0,1565.0,0.0,-0.002840909090909,0.0,0.121405750798722,1748.0,1748.2608695652175,12.549900398011024,17.81270586178374,0.0040045766590388,0.0038547624968912,8,2,0
Palayam,Kozhikode(Calicut),Kerala,Brinjal,Other,FAQ,2025-08-13,2200.0,2200.0,2800.0,2600.0,1700.0,2400.0,-0.2142857142857143,-0.1538461538461538,0.2941176470588236,-0.0833333333333333,2480.0,2433.333333333333,303.31501776206204,994.652368083107,-0.1129032258064516,-0.0958904109589041,8,2,0
Hapur,Ghaziabad,Uttar Pradesh,Green Chilli,Green Chilly,FAQ,2025-08-13,4250.0,4100.0,3650.0,3600.0,4600.0,2250.0,0.1643835616438356,0.1805555555555555,-0.0760869565217391,0.8888888888888888,3813.3333333333335,4075.238095238096,312.516666222246,413.3475419984868,0.1145104895104893,0.0428838513671419,8,2,0
Khairagarh,Agra,Uttar Pradesh,Green Chilli,Green Chilly,FAQ,2025-08-13,4550.0,4050.0,4050.0,4050.0,4550.0,2550.0,0.1234567901234569,0.1234567901234569,0.0,0.7843137254901962,4350.0,4108.823529411765,447.21359549995793,496.3099126672398,0.0459770114942528,0.1073729420186113,8,2,0
Karvi,Chitrakut,Uttar Pradesh,Garlic,Average,FAQ,2025-08-13,6200.0,6225.0,6400.0,6150.0,6650.0,6200.0,-0.03125,0.0081300813008129,-0.0676691729323308,0.0,6256.25,6367.5,96.55525188547048,209.1535137349892,-0.008991008991009,-0.0263054574008637,8,2,0
Mansa,Mansa,Punjab,Brinjal,Brinjal,FAQ,2025-08-13,3000.0,2500.0,2500.0,2500.0,1800.0,1200.0,0.1999999999999999,0.1999999999999999,0.6666666666666667,1.5,2666.6666666666665,2395.0,258.1988897471611,350.1503436495502,0.125,0.2526096033402922,8,2,1
Ajmer(F&V),Ajmer,Rajasthan,Brinjal,Other,FAQ,2025-08-13,1200.0,1300.0,1400.0,1200.0,1300.0,1400.0,-0.1428571428571429,0.0,-0.0769230769230768,-0.1428571428571429,1275.0,1281.4814814814815,75.82875444051561,113.63584563466408,-0.0588235294117647,-0.0635838150289017,8,2,0
Lakhimpur,Lakhimpur,Uttar Pradesh,Brinjal,Round/Long,FAQ,2025-08-13,1690.0,1670.0,1640.0,1600.0,1730.0,1650.0,0.0304878048780488,0.0562499999999999,-0.0231213872832369,0.0242424242424241,1653.0,1671.4,25.88435821109819,52.23185490356266,0.0223835450695704,0.0111283953571854,8,2,0
Jalandhar City(Jalandhar),Jalandhar,Punjab,Green Chilli,Green Chilly,FAQ,2025-08-13,1700.0,2200.0,2000.0,2400.0,2700.0,1500.0,-0.15,-0.2916666666666666,-0.3703703703703703,0.1333333333333333,1966.6666666666667,2323.076923076923,436.6539438350074,465.0227455148336,-0.1355932203389831,-0.2682119205298012,8,2,0
Jhansi,Jhansi,Uttar Pradesh,Cabbage,Cabbage,FAQ,2025-08-13,1740.0,1870.0,1870.0,1875.0,1850.0,1540.0,-0.06951871657754,-0.0719999999999999,-0.0594594594594594,0.1298701298701299,1806.0,1837.0454545454545,80.18728078691782,53.9986571902911,-0.0365448504983388,-0.0528269206977607,8,2,0
Parappanangadi,Malappuram,Kerala,Cabbage,Other,FAQ,2025-08-13,1400.0,1400.0,1400.0,1500.0,1600.0,1800.0,0.0,-0.0666666666666666,-0.125,-0.2222222222222222,1400.0,1600.0,0.0,187.08286933870076,0.0,-0.125,8,2,0
Coochbehar,Coochbehar,West Bengal,Brinjal,Round,FAQ,2025-08-13,2100.0,2100.0,2100.0,2100.0,2500.0,2000.0,0.0,0.0,-0.16,0.05,2100.0,2126.6666666666665,0.0,437.8106450505041,0.0,-0.012539184952978,8,2,0
Kottayam,Kottayam,Kerala,Cabbage,Cabbage,FAQ,2025-08-13,3800.0,4800.0,4000.0,3600.0,2600.0,4000.0,-0.05,0.0555555555555555,0.4615384615384614,-0.05,4016.6666666666665,3830.0,402.0779360604939,742.7544752650881,-0.0539419087136928,-0.0078328981723237,8,2,0
Bankura Sadar,Bankura,West Bengal,Brinjal,Round/Long,FAQ,2025-08-13,5500.0,5500.0,5000.0,5000.0,6500.0,8000.0,0.1,0.1,-0.1538461538461538,-0.3125,5250.0,5988.461538461538,273.8612787525831,743.681073082781,0.0476190476190476,-0.0815671162491971,8,2,0
Mansa(Manas Veg Yard),Gandhinagar,Gujarat,Green Chilli,Other,FAQ,2025-08-13,3500.0,4000.0,2500.0,4000.0,5000.0,5500.0,0.3999999999999999,-0.125,-0.3,-0.3636363636363636,3300.0,4913.04347826087,570.0877125495643,1311.2465782349234,0.0606060606060605,-0.2876106194690265,8,2,1
Puranpur,Pillibhit,Uttar Pradesh,Brinjal,Brinjal,FAQ,2025-08-13,1699.0,1695.0,1705.0,1710.0,1658.0,1499.0,-0.0035190615835777,-0.0064327485380116,0.0247285886610373,0.1334222815210139,1705.571428571429,1657.962962962963,7.997023255780237,69.71562096308374,-0.0038529190049418,0.0247514799508543,8,2,0
Indore(F&V),Indore,Madhya Pradesh,Brinjal,Arkasheela Mattigulla,FAQ,2025-08-13,400.0,400.0,600.0,500.0,500.0,800.0,-0.3333333333333333,-0.1999999999999999,-0.1999999999999999,-0.5,466.6666666666667,503.57142857142856,81.64965809277277,113.79690439434384,-0.1428571428571429,-0.2056737588652482,8,2,0
Dudhansadhan,Patiala,Punjab,Banana,Other,Medium,2025-08-13,3400.0,3400.0,3400.0,3400.0,3400.0,3400.0,0.0,0.0,0.0,0.0,3400.0,3400.0,0.0,0.0,0.0,0.0,8,2,0
Karimpur,Nadia,West Bengal,Green Chilli,Green Chilly,FAQ,2025-08-13,7500.0,7600.0,7500.0,7500.0,8000.0,8000.0,0.0,0.0,-0.0625,-0.0625,7571.428571428572,7693.333333333333,197.60470401187467,258.55478087370096,-0.0094339622641509,-0.0251299826689774,8,2,0
Parappanangadi,Malappuram,Kerala,Garlic,Other,FAQ,2025-08-13,7600.0,7100.0,7100.0,7100.0,7600.0,8600.0,0.0704225352112675,0.0704225352112675,0.0,-0.1162790697674418,7183.333333333333,7776.923076923077,204.1241452319316,650.1124163143897,0.0580046403712297,-0.0227497527200791,8,2,0
Bindki,Fatehpur,Uttar Pradesh,Garlic,Garlic,FAQ,2025-08-13,6440.0,6460.0,6450.0,6550.0,6480.0,6200.0,-0.0015503875968991,-0.0167938931297709,-0.0061728395061728,0.0387096774193549,6450.0,6455.652173913043,32.249030994196495,62.29154961830384,-0.0015503875968991,-0.0024245689655171,8,2,0
Kottayam,Kottayam,Kerala,Brinjal,Brinjal,FAQ,2025-08-13,6200.0,4200.0,4400.0,4200.0,2400.0,4000.0,0.4090909090909091,0.4761904761904763,1.5833333333333337,0.55,4950.0,3766.6666666666665,911.5920140062658,952.5404628325952,0.2525252525252526,0.6460176991150444,8,2,0
Jalaun,Jalaun (Orai),Uttar Pradesh,Banana,Banana - Ripe,Medium,2025-08-13,2500.0,2050.0,1900.0,1800.0,2600.0,2200.0,0.3157894736842106,0.3888888888888888,-0.0384615384615384,0.1363636363636364,2064.285714285714,2293.103448275862,197.3032473847606,266.16460331741035,0.2110726643598617,0.0902255639097744,8,2,0
Auraiya,Auraiya,Uttar Pradesh,Banana,Banana - Ripe,Medium,2025-08-13,2750.0,2735.0,2750.0,2825.0,2800.0,2780.0,0.0,-0.0265486725663717,-0.0178571428571429,-0.0107913669064748,2742.5,2784.423076923077,22.748626332154835,44.54945393778379,0.0027347310847767,-0.012362732232889,8,2,0
Achalda,Auraiya,Uttar Pradesh,Brinjal,Round/Long,FAQ,2025-08-13,1620.0,1620.0,1620.0,1670.0,1680.0,1850.0,0.0,-0.029940119760479,-0.0357142857142857,-0.1243243243243242,1638.3333333333333,1669.2307692307693,20.41241452319316,47.99358931549541,-0.0111902339776195,-0.0294930875576037,8,2,0
Ahmedabad,Ahmedabad,Gujarat,Green Chilli,Other,FAQ,2025-08-13,4000.0,4250.0,3500.0,4850.0,5850.0,7250.0,0.1428571428571428,-0.1752577319587629,-0.3162393162393162,-0.4482758620689655,3600.0,5342.0,518.4110338331935,1450.4079885788449,0.1111111111111111,-0.2512167727442905,8,2,1
Sultanpur,Amethi,Uttar Pradesh,Brinjal,Brinjal,FAQ,2025-08-13,1760.0,1700.0,1700.0,2030.0,1900.0,1560.0,0.0352941176470589,-0.1330049261083743,-0.0736842105263158,0.1282051282051282,1776.6666666666667,1866.3461538461536,112.5462867742276,96.8458330782213,-0.0093808630393996,-0.0569809376609994,8,2,0
Golagokarnath,Lakhimpur,Uttar Pradesh,Green Chilli,Green Chilly,FAQ,2025-08-13,4610.0,4580.0,4450.0,4380.0,4270.0,2450.0,0.0359550561797752,0.052511415525114,0.0796252927400469,0.8816326530612244,4526.0,4213.04347826087,68.77499545619791,388.6975311871454,0.0185594343791426,0.0942208462332301,8,2,0
Sealdah Koley Market,Kolkata,West Bengal,Green Chilli,Other,FAQ,2025-08-13,7000.0,6000.0,6000.0,6000.0,7000.0,9000.0,0.1666666666666667,0.1666666666666667,0.0,-0.2222222222222222,6142.857142857143,7000.0,377.9644730092272,1050.4514628777952,0.1395348837209302,0.0,8,2,0
Parappanangadi,Malappuram,Kerala,Green Chilli,Other,FAQ,2025-08-13,5900.0,5900.0,5900.0,6600.0,7100.0,4900.0,0.0,-0.106060606060606,-0.1690140845070422,0.2040816326530612,6083.333333333333,6846.153846153846,271.4160398109634,715.6707450948528,-0.0301369863013698,-0.1382022471910111,8,2,0
Puranpur,Pillibhit,Uttar Pradesh,Banana,Banana - Ripe,Medium,2025-08-13,2780.0,2775.0,2800.0,2840.0,2850.0,2865.0,-0.0071428571428571,-0.0211267605633802,-0.0245614035087718,-0.0296684118673647,2790.833333333333,2827.72,11.143009766890415,28.72791905679436,-0.0038817557479845,-0.0168757868530122,8,2,0
Mathabhanga,Coochbehar,West Bengal,Brinjal,Brinjal,FAQ,2025-08-13,2300.0,2300.0,2300.0,2300.0,2300.0,2600.0,0.0,0.0,0.0,-0.1153846153846154,2300.0,2346.296296296296,5.243474500233183e-05,120.83517534699952,0.0,-0.0197316495659035,8,2,0
Ghiraur,Mainpuri,Uttar Pradesh,Banana,Banana - Ripe,Medium,2025-08-13,2550.0,2570.0,2565.0,2640.0,2545.0,2570.0,-0.0058479532163743,-0.034090909090909,0.0019646365422396,-0.0077821011673151,2589.1666666666665,2583.958333333333,47.79295624531571,49.58477954289496,-0.0151271322819439,-0.013141981778602,8,2,0
Mugrabaadshahpur,Jaunpur,Uttar Pradesh,Green Chilli,Green Chilly,FAQ,2025-08-13,5020.0,4985.0,5090.0,5060.0,4985.0,2810.0,-0.0137524557956778,-0.0079051383399209,0.0070210631895686,0.7864768683274022,5061.666666666667,4822.307692307692,48.235533237091246,346.01800753497946,-0.0082318077049721,0.040995374062849,8,2,0
Parassala,Thiruvananthapuram,Kerala,Brinjal,Round,FAQ,2025-08-13,5000.0,5000.0,4000.0,6000.0,4500.0,4000.0,0.25,-0.1666666666666666,0.1111111111111111,0.25,4400.0,4866.666666666667,547.722557505162,975.4683293364576,0.1363636363636364,0.0273972602739724,8,2,0
Dhupguri,Jalpaiguri,West Bengal,Brinjal,Other,FAQ,2025-08-13,2200.0,2400.0,1500.0,1900.0,1500.0,2300.0,0.4666666666666665,0.1578947368421053,0.4666666666666665,-0.0434782608695651,1885.7142857142856,1896.551724137931,318.4785258515456,245.6518422202533,0.1666666666666665,0.1600000000000001,8,2,0
Parassala,Thiruvananthapuram,Kerala,Brinjal,Round/Long,FAQ,2025-08-13,4800.0,4800.0,4000.0,4000.0,4500.0,4000.0,0.1999999999999999,0.1999999999999999,0.0666666666666666,0.1999999999999999,4320.0,4156.521739130435,438.1780460041329,279.32725505224164,0.1111111111111111,0.1548117154811714,8,2,0
Hardoi,Hardoi,Uttar Pradesh,Brinjal,Round/Long,FAQ,2025-08-13,1655.0,1650.0,1660.0,1660.0,1725.0,1570.0,-0.0030120481927711,-0.0030120481927711,-0.0405797101449275,0.0541401273885351,1655.0,1673.8,4.472135954999879,26.50786046941313,0.0,-0.0112319273509379,8,2,0
Mukerian,Hoshiarpur,Punjab,Banana,Banana - Ripe,Medium,2025-08-13,3000.0,3000.0,3100.0,3000.0,3200.0,3000.0,-0.032258064516129,0.0,-0.0625,0.0,3016.6666666666665,3033.333333333333,40.82482904638634,76.13869876268824,-0.005524861878453,-0.010989010989011,8,2,0
Mukerian,Hoshiarpur,Punjab,Brinjal,Round,FAQ,2025-08-13,2000.0,2000.0,2300.0,2300.0,2000.0,2000.0,-0.1304347826086956,-0.1304347826086956,0.0,0.0,2050.0,2129.1666666666665,122.47448713915892,297.0568188464761,-0.024390243902439,-0.0606653620352249,8,2,0
Jhansi,Jhansi,Uttar Pradesh,Banana,Banana - Ripe,Medium,2025-08-13,1750.0,1800.0,1875.0,1850.0,1850.0,1850.0,-0.0666666666666666,-0.054054054054054,-0.054054054054054,-0.054054054054054,1793.0,1806.875,51.18593556827825,58.43637379756464,-0.0239821528165086,-0.0314769975786924,8,2,0
Parappanangadi,Malappuram,Kerala,Brinjal,Other,FAQ,2025-08-13,2600.0,3100.0,3600.0,3600.0,3600.0,2900.0,-0.2777777777777778,-0.2777777777777778,-0.2777777777777778,-0.1034482758620689,3100.0,3172.0,316.227766016838,364.60023770333913,-0.1612903225806451,-0.180327868852459,8,2,0
Deesa(Deesa Veg Yard),Banaskanth,Gujarat,Cabbage,Other,FAQ,2025-08-13,2450.0,2425.0,2350.0,2200.0,2375.0,1875.0,0.0425531914893617,0.1136363636363635,0.0315789473684211,0.3066666666666666,2390.0,2359.090909090909,51.84110338332015,350.6410332507205,0.0251046025104602,0.0385356454720617,8,2,1
Koduvayoor,Palakad,Kerala,Green Chilli,Other,FAQ,2025-08-13,4700.0,3200.0,3200.0,3000.0,4700.0,5400.0,0.46875,0.5666666666666667,0.0,-0.1296296296296296,3157.1428571428573,3582.758620689656,761.2646120264717,1015.6169713589484,0.4886877828054297,0.3118383060635226,8,2,0
Purulia,Puruliya,West Bengal,Brinjal,Other,FAQ,2025-08-13,3600.0,3800.0,4000.0,4500.0,4200.0,6000.0,-0.0999999999999999,-0.1999999999999999,-0.1428571428571429,-0.4,4000.0,4257.692307692308,489.8979485566283,564.3921168287593,-0.0999999999999999,-0.1544715447154471,8,2,0
Khalilabad,Sant Kabir Nagar,Uttar Pradesh,Green Chilli,Green Chilly,FAQ,2025-08-13,2100.0,2100.0,2100.0,2100.0,3525.0,1700.0,0.0,0.0,-0.4042553191489362,0.2352941176470588,2765.0,2293.235294117647,1330.0,737.2434748280051,-0.240506329113924,-0.0842631781454404,8,2,0
Kuruppanthura,Kottayam,Kerala,Cabbage,Cabbage,FAQ,2025-08-13,4000.0,4000.0,5000.0,5000.0,4400.0,4400.0,-0.1999999999999999,-0.1999999999999999,-0.0909090909090909,-0.0909090909090909,4166.666666666667,4470.0,288.6751345948132,365.7724342869627,-0.04,-0.1051454138702461,8,2,0
Bindki,Fatehpur,Uttar Pradesh,Banana,Banana - Ripe,Medium,2025-08-13,2730.0,2750.0,2770.0,2740.0,2750.0,2820.0,-0.0144404332129963,-0.0036496350364964,-0.0072727272727273,-0.0319148936170212,2761.6666666666665,2765.2380952380954,22.286019533929384,19.904534061105544,-0.0114665057332528,-0.0127432409161357,8,2,0
Mukerian,Hoshiarpur,Punjab,Green Chilli,Other,FAQ,2025-08-13,3000.0,2500.0,3000.0,2500.0,2500.0,2500.0,0.0,0.1999999999999999,0.1999999999999999,0.1999999999999999,2666.6666666666665,2937.5,408.248290463863,811.7680649695194,0.125,0.0212765957446807,8,2,1
Pampady,Kottayam,Kerala,Green Chilli,Green Chilly,FAQ,2025-08-13,6500.0,6500.0,7000.0,9000.0,3500.0,7000.0,-0.0714285714285714,-0.2777777777777778,0.8571428571428572,-0.0714285714285714,7400.0,7666.666666666667,1024.6950765959598,1645.7014715109665,-0.1216216216216216,-0.1521739130434782,8,2,0
Baxirhat,Coochbehar,West Bengal,Green Chilli,Other,FAQ,2025-08-13,9500.0,9500.0,10500.0,10500.0,9500.0,5100.0,-0.0952380952380952,-0.0952380952380952,0.0,0.8627450980392157,10071.42857142857,10025.0,534.5224838248483,806.0909431916753,-0.0567375886524822,-0.0523690773067331,8,2,0
Anandnagar,Maharajganj,Uttar Pradesh,Green Chilli,Green Chilly,FAQ,2025-08-13,4200.0,4800.0,4800.0,3500.0,5500.0,3100.0,-0.125,0.1999999999999999,-0.2363636363636363,0.3548387096774192,4680.0,4754.166666666667,268.32815729997475,762.7063750177778,-0.1025641025641025,-0.1165644171779142,8,2,0
Hardoi,Hardoi,Uttar Pradesh,Banana,Banana - Ripe,Medium,2025-08-13,2765.0,2770.0,2750.0,2760.0,2730.0,2720.0,0.0054545454545453,0.0018115942028984,0.0128205128205127,0.0165441176470588,2760.0,2747.2,9.48683298050518,14.795832746645091,0.0018115942028984,0.0064793244030285,8,2,0
Ghaziabad,Ghaziabad,Uttar Pradesh,Green Chilli,Green Chilly,FAQ,2025-08-13,4050.0,3985.0,3970.0,4385.0,4810.0,2700.0,0.0201511335012594,-0.0763968072976054,-0.158004158004158,0.5,4105.714285714285,4238.620689655172,495.61770021046345,562.3625174077888,-0.0135699373695197,-0.0445004881223559,8,2,0
Fazilka,Fazilka,Punjab,Green Chilli,Other,FAQ,2025-08-13,6000.0,6000.0,6000.0,6000.0,4000.0,1800.0,0.0,0.0,0.5,2.333333333333333,6000.0,4792.0,0.0,1371.7142559585795,0.0,0.2520868113522538,8,2,0
Kuruppanthura,Kottayam,Kerala,Brinjal,Brinjal,FAQ,2025-08-13,5500.0,5500.0,5000.0,4800.0,4500.0,4000.0,0.1,0.1458333333333332,0.2222222222222223,0.375,5400.0,5060.869565217391,223.60679774997917,545.0097000260909,0.0185185185185186,0.0867697594501719,8,2,0
Sultanpur,Amethi,Uttar Pradesh,Green Chilli,Green Chilly,FAQ,2025-08-13,4515.0,4550.0,4700.0,4650.0,4550.0,2500.0,-0.0393617021276595,-0.0290322580645161,-0.0076923076923076,0.806,4594.166666666667,4212.5,126.11172295495231,602.9017332866097,-0.017231997097769,0.0718100890207715,8,2,0
Sealdah Koley Market,Kolkata,West Bengal,Brinjal,Other,FAQ,2025-08-13,7000.0,7000.0,7000.0,7000.0,8000.0,8000.0,0.0,0.0,-0.125,-0.125,7000.0,7566.666666666667,0.0,568.3207771559416,0.0,-0.0748898678414097,8,2,0
Ajmer(F&V),Ajmer,Rajasthan,Banana,Other,Large,2025-08-13,2800.0,2700.0,2600.0,2800.0,3200.0,2500.0,0.0769230769230768,0.0,-0.125,0.1200000000000001,2783.333333333333,2780.769230769231,132.9160135825133,193.9468602875125,0.0059880239520957,0.0069156293222683,8,2,0
Puranpur,Pillibhit,Uttar Pradesh,Green Chilli,Green Chilly,FAQ,2025-08-13,4340.0,4335.0,4325.0,4312.0,4050.0,2092.0,0.0034682080924854,0.0064935064935065,0.0716049382716048,1.074569789674952,3905.142857142857,3956.444444444444,1124.5214431883803,700.0530382837045,0.1113549897570969,0.0969445068523926,8,2,0
Auraiya,Auraiya,Uttar Pradesh,Brinjal,Round,FAQ,2025-08-13,1640.0,1625.0,1640.0,1660.0,1680.0,1850.0,0.0,-0.0120481927710843,-0.0238095238095238,-0.1135135135135134,1640.8333333333333,1680.9615384615386,12.812754062522185,46.43316122708041,-0.0005078720162519,-0.0243679212904702,8,2,0
Gorakhpur,Gorakhpur,Uttar Pradesh,Garlic,Garlic,FAQ,2025-08-13,6650.0,6650.0,6650.0,6650.0,6325.0,6225.0,0.0,0.0,0.051383399209486,0.0682730923694778,6660.0,6452.962962962963,13.693063927476658,180.03343310905402,-0.0015015015015015,0.0305343511450382,8,2,0
Jhansi,Jhansi,Uttar Pradesh,Brinjal,Round/Long,FAQ,2025-08-13,1750.0,1750.0,2250.0,2560.0,2450.0,1750.0,-0.2222222222222222,-0.31640625,-0.2857142857142857,0.0,2008.0,2280.8695652173915,367.8586685127868,234.84836584637117,-0.1284860557768924,-0.232748760960732,8,2,0
Mukerian,Hoshiarpur,Punjab,Cabbage,Other,FAQ,2025-08-13,1800.0,2500.0,2000.0,2000.0,1800.0,1800.0,-0.0999999999999999,-0.0999999999999999,0.0,0.0,2050.0,1986.9565217391305,234.52078799117143,148.64340436118158,-0.1219512195121951,-0.0940919037199125,8,2,0
Mansa,Mansa,Punjab,Green Chilli,Green Chilly,FAQ,2025-08-13,3000.0,2500.0,2400.0,3000.0,2200.0,2500.0,0.25,0.0,0.3636363636363635,0.1999999999999999,2566.6666666666665,2600.0,216.0246899469288,368.7817782917292,0.168831168831169,0.1538461538461537,8,2,1
Indore(F&V),Indore,Madhya Pradesh,Cabbage,Cabbage,FAQ,2025-08-13,600.0,600.0,600.0,400.0,500.0,600.0,0.0,0.5,0.1999999999999999,0.0,580.0,588.8888888888889,44.72135954999571,105.00305245868336,0.0344827586206897,0.0188679245283018,8,2,0
Kottayam,Kottayam,Kerala,Green Chilli,Green Chilly,FAQ,2025-08-13,6200.0,6800.0,5400.0,7200.0,7000.0,4400.0,0.1481481481481481,-0.1388888888888888,-0.1142857142857143,0.4090909090909091,6233.333333333333,6742.857142857143,697.614984548545,577.5564289066776,-0.0053475935828876,-0.0805084745762712,8,2,0
Mansa(Manas Veg Yard),Gandhinagar,Gujarat,Brinjal,Brinjal,FAQ,2025-08-13,2000.0,2000.0,2000.0,2500.0,2500.0,1000.0,0.0,-0.1999999999999999,-0.1999999999999999,1.0,2000.0,2444.4444444444443,0.0,481.6909214328723,0.0,-0.1818181818181817,8,2,1
Pandua,Hooghly,West Bengal,Brinjal,Round/Long,FAQ,2025-08-13,4800.0,6250.0,5200.0,4600.0,4250.0,5200.0,-0.0769230769230768,0.0434782608695651,0.1294117647058823,-0.0769230769230768,5357.142857142857,4748.333333333333,652.1940990664871,505.39901159336347,-0.1039999999999999,0.0108810108810109,8,2,0
Charra,Aligarh,Uttar Pradesh,Brinjal,Brinjal,FAQ,2025-08-13,1550.0,1600.0,1600.0,1600.0,1400.0,1350.0,-0.03125,-0.03125,0.1071428571428572,0.1481481481481481,1570.0,1450.0,27.38612787525318,100.9569596031271,-0.0127388535031847,0.0689655172413792,8,2,0
Sealdah Koley Market,Kolkata,West Bengal,Cabbage,Other,FAQ,2025-08-13,3000.0,3000.0,3000.0,3000.0,3000.0,3000.0,0.0,0.0,0.0,0.0,3000.0,3233.333333333333,0.0,1104.3279539543769,0.0,-0.0721649484536083,8,2,0
Pampady,Kottayam,Kerala,Cabbage,Other,FAQ,2025-08-13,3300.0,4000.0,4000.0,4000.0,4000.0,4000.0,-0.175,-0.175,-0.175,-0.175,3960.0,3990.4761904761904,427.7849927241487,334.5216912320603,-0.1666666666666666,-0.1730310262529832,8,2,0
Baxirhat,Coochbehar,West Bengal,Brinjal,Brinjal,FAQ,2025-08-13,2300.0,2300.0,2300.0,2300.0,2100.0,2400.0,0.0,0.0,0.0952380952380953,-0.0416666666666666,2300.0,2350.0,0.0,169.39791077200164,0.0,-0.0212765957446808,8,2,0
Belacoba,Jalpaiguri,West Bengal,Green Chilli,Green Chilly,FAQ,2025-08-13,9400.0,8300.0,8200.0,8300.0,9700.0,9300.0,0.146341463414634,0.1325301204819278,-0.0309278350515463,0.010752688172043,8450.0,9357.692307692309,467.97435827186416,1461.827097005123,0.1124260355029584,0.0045211672831892,8,2,0
Indus(Bankura Sadar),Bankura,West Bengal,Brinjal,Round/Long,FAQ,2025-08-13,5800.0,6000.0,5800.0,5800.0,6500.0,7000.0,0.0,0.0,-0.1076923076923076,-0.1714285714285713,5866.666666666667,6303.846153846154,103.27955589886449,437.7037986865067,-0.0113636363636364,-0.0799267846247712,8,2,0
Orai,Jalaun (Orai),Uttar Pradesh,Brinjal,Brinjal,FAQ,2025-08-13,1750.0,1800.0,2100.0,1550.0,1900.0,1850.0,-0.1666666666666666,0.1290322580645162,-0.0789473684210526,-0.054054054054054,1900.0,1839.5833333333333,158.11388300841728,216.5787168207216,-0.0789473684210526,-0.0486976217440543,8,2,0
Chavakkad,Thirssur,Kerala,Cabbage,Other,FAQ,2025-08-13,3000.0,3000.0,3000.0,3000.0,3000.0,3000.0,0.0,0.0,0.0,0.0,3040.0,3335.0,89.44271909999176,368.8888008172922,-0.0131578947368421,-0.1004497751124438,8,2,0
Sanawad(F&V),Khandwa,Madhya Pradesh,Brinjal,Arkasheela Mattigulla,FAQ,2025-08-13,900.0,1000.0,2800.0,2000.0,2300.0,2000.0,-0.6785714285714286,-0.55,-0.6086956521739131,-0.55,1625.0,1707.4074074074074,880.8140174482544,499.1731054191421,-0.4461538461538461,-0.472885032537961,8,2,0
Orai,Jalaun (Orai),Uttar Pradesh,Cabbage,Cabbage,FAQ,2025-08-13,1650.0,1680.0,1760.0,1750.0,1700.0,1250.0,-0.0625,-0.0571428571428571,-0.0294117647058823,0.32,1753.3333333333333,1660.4166666666667,87.55950357709062,128.98362439595937,-0.05893536121673,-0.0062735257214554,8,2,0
Raibareilly,Raebarelli,Uttar Pradesh,Garlic,Garlic,FAQ,2025-08-13,6250.0,6250.0,6200.0,6200.0,6350.0,6150.0,0.0080645161290322,0.0080645161290322,-0.0157480314960629,0.0162601626016261,6242.857142857143,6255.555555555556,44.98677054602023,68.40677729343467,0.0011441647597254,-0.0008880994671403,8,2,0
Azamgarh,Azamgarh,Uttar Pradesh,Green Chilli,Green Chilly,FAQ,2025-08-13,4850.0,4800.0,5050.0,4800.0,4700.0,2350.0,-0.0396039603960396,0.0104166666666667,0.0319148936170212,1.0638297872340423,4930.0,4641.041666666667,103.68220676663852,339.74408260727864,-0.0162271805273833,0.0450240158010504,8,2,0
Kasipur,Puruliya,West Bengal,Brinjal,Other,FAQ,2025-08-13,4500.0,4300.0,4200.0,3600.0,4100.0,2400.0,0.0714285714285714,0.25,0.0975609756097561,0.875,4350.0,3988.235294117647,129.09944487358058,321.87410765153294,0.0344827586206897,0.1283185840707965,8,2,0
Taliparamba,Kannur,Kerala,Brinjal,Brinjal,FAQ,2025-08-13,4000.0,4000.0,4000.0,4000.0,4000.0,3400.0,0.0,0.0,0.0,0.1764705882352941,4000.0,3892.307692307693,0.0,180.93772834448893,0.0,0.0276679841897233,8,2,0
Lalru,Mohali,Punjab,Garlic,Average,FAQ,2025-08-13,7000.0,7000.0,10000.0,6500.0,9000.0,18000.0,-0.3,0.0769230769230768,-0.2222222222222222,-0.6111111111111112,7000.0,8428.57142857143,0.0,1397.2762620115432,0.0,-0.1694915254237289,8,2,0
Orai,Jalaun (Orai),Uttar Pradesh,Garlic,Garlic,FAQ,2025-08-13,5450.0,5500.0,5800.0,6125.0,6200.0,6200.0,-0.0603448275862068,-0.110204081632653,-0.1209677419354838,-0.1209677419354838,5750.0,6098.125,236.64319132399507,248.09628434208116,-0.0521739130434782,-0.106282668853131,8,2,0
Bhagta Bhai Ka,Bhatinda,Punjab,Green Chilli,Other,FAQ,2025-08-13,3600.0,3500.0,3400.0,3900.0,4100.0,3500.0,0.0588235294117647,-0.0769230769230768,-0.1219512195121951,0.0285714285714284,3500.0,3860.0,81.64965809277001,321.2046291589026,0.0285714285714284,-0.0673575129533678,8,2,0
Kiratpur,Bijnor,Uttar Pradesh,Brinjal,Brinjal,FAQ,2025-08-13,1450.0,1250.0,1350.0,1250.0,1250.0,1350.0,0.0740740740740741,0.1599999999999999,0.1599999999999999,0.0740740740740741,1266.6666666666667,1271.1538461538462,194.0790217067951,125.0384556231213,0.144736842105263,0.140695915279879,8,2,0
Bilimora,Navsari,Gujarat,Brinjal,Other,FAQ,2025-08-13,1000.0,800.0,1200.0,1200.0,1000.0,5000.0,-0.1666666666666666,-0.1666666666666666,0.0,-0.8,1085.7142857142858,1721.428571428571,157.35915849388863,1060.1736904716302,-0.0789473684210526,-0.4190871369294605,8,2,1
Manjeswaram,Kasargod,Kerala,Brinjal,Brinjal,FAQ,2025-08-13,4250.0,4250.0,4250.0,4250.0,4500.0,3500.0,0.0,0.0,-0.0555555555555555,0.2142857142857142,4250.0,4102.173913043478,474.3416490252569,469.88351091948,0.0,0.0360360360360361,8,2,0
Lalru,Mohali,Punjab,Brinjal,Other,FAQ,2025-08-13,2000.0,2000.0,2000.0,2000.0,3000.0,1500.0,0.0,0.0,-0.3333333333333333,0.3333333333333332,2000.0,2319.0476190476197,0.0,482.3059688818395,0.0,-0.1375770020533882,8,2,0
Sanawad(F&V),Khandwa,Madhya Pradesh,Green Chilli,Green Chilly,FAQ,2025-08-13,4500.0,4500.0,4000.0,5500.0,6000.0,7000.0,0.125,-0.1818181818181817,-0.25,-0.3571428571428571,4375.0,5185.185185185185,250.000000000034,761.4276589224218,0.0285714285714284,-0.1321428571428571,8,2,0
Akbarpur,Ambedkarnagar,Uttar Pradesh,Brinjal,Round/Long,FAQ,2025-08-13,1650.0,1660.0,1680.0,1680.0,1660.0,1450.0,-0.0178571428571429,-0.0178571428571429,-0.0060240963855421,0.1379310344827586,1646.6666666666667,1647.8260869565215,26.583202716502463,27.12873715171984,0.0020242914979755,0.0013192612137202,8,2,0
Manjeswaram,Kasargod,Kerala,Cabbage,Cabbage,FAQ,2025-08-13,3500.0,3250.0,3250.0,3250.0,3500.0,3500.0,0.0769230769230768,0.0769230769230768,0.0,0.0,3375.0,3389.1304347826085,136.9306393762915,281.61729420484056,0.0370370370370369,0.0327132777421423,8,2,0
Azamgarh,Azamgarh,Uttar Pradesh,Garlic,Garlic,FAQ,2025-08-13,6630.0,6600.0,6600.0,6400.0,6465.0,6550.0,0.0045454545454546,0.0359374999999999,0.025522041763341,0.0122137404580153,6600.0,6456.875,18.371173070873787,93.44624704538788,0.0045454545454546,0.0268125060497532,8,2,0
Balrampur,Balrampur,Uttar Pradesh,Green Chilli,Green Chilly,FAQ,2025-08-13,5000.0,5000.0,5180.0,5400.0,5500.0,3000.0,-0.0347490347490347,-0.074074074074074,-0.0909090909090909,0.6666666666666667,5130.0,5197.307692307692,114.89125293079488,427.6779881388385,-0.0253411306042885,-0.0379634426108191,8,2,0
Jodhpur(F&V)(Paota),Jodhpur,Rajasthan,Green Chilli,Other,FAQ,2025-08-13,4500.0,4000.0,3000.0,4000.0,5000.0,3000.0,0.5,0.125,-0.0999999999999999,0.5,3666.6666666666665,4384.615384615385,605.530070819495,739.0222230446419,0.2272727272727273,0.026315789473684,8,2,0
Dhupguri,Jalpaiguri,West Bengal,Green Chilli,Green Chilly,FAQ,2025-08-13,8900.0,9000.0,7500.0,6000.0,6900.0,9800.0,0.1866666666666667,0.4833333333333334,0.289855072463768,-0.0918367346938775,8014.285714285715,8503.448275862069,659.3647736737979,1350.259964023002,0.1105169340463456,0.0466342254663423,8,2,0
Amroha,Amroha,Uttar Pradesh,Garlic,Garlic,FAQ,2025-08-13,6320.0,6350.0,6400.0,6460.0,6420.0,6450.0,-0.0124999999999999,-0.021671826625387,-0.0155763239875389,-0.0201550387596899,6392.857142857143,6428.846153846154,51.22313465427018,42.36290104240124,-0.0113966480446927,-0.0169309003888723,8,2,0
Orai,Jalaun (Orai),Uttar Pradesh,Green Chilli,Green Chilly,FAQ,2025-08-13,3950.0,4000.0,4200.0,4300.0,5000.0,3100.0,-0.0595238095238095,-0.0813953488372093,-0.2099999999999999,0.2741935483870967,4225.0,4885.416666666667,225.2776065213864,645.2972295715767,-0.0650887573964497,-0.1914712153518124,8,2,0
Firozabad,Firozabad,Uttar Pradesh,Cabbage,Cabbage,FAQ,2025-08-13,1660.0,1640.0,1630.0,1580.0,1490.0,1040.0,0.01840490797546,0.0506329113924051,0.1140939597315435,0.5961538461538463,1654.1666666666667,1530.4166666666667,17.440374613711448,115.93585807854394,0.0035264483627204,0.0846719303022052,8,2,0
Lalitpur,Lalitpur,Uttar Pradesh,Brinjal,Round,FAQ,2025-08-13,1580.0,1600.0,1780.0,1860.0,1990.0,1660.0,-0.1123595505617978,-0.1505376344086021,-0.2060301507537688,-0.0481927710843373,1700.0,1828.0,101.73494974687408,131.40268896284698,-0.0705882352941176,-0.1356673960612691,8,2,0
Raibareilly,Raebarelli,Uttar Pradesh,Brinjal,Round/Long,FAQ,2025-08-13,1650.0,1625.0,1600.0,1575.0,1700.0,1560.0,0.03125,0.0476190476190476,-0.0294117647058823,0.0576923076923077,1639.2857142857142,1637.3076923076924,20.499709637855016,38.47676621625053,0.0065359477124182,0.0077519379844961,8,2,0
Muradnagar,Ghaziabad,Uttar Pradesh,Brinjal,Brinjal,FAQ,2025-08-13,1050.0,1050.0,950.0,1050.0,1050.0,950.0,0.1052631578947369,0.0,0.0,0.1052631578947369,1021.4285714285714,1013.0434782608696,56.69467095138405,48.18852962429525,0.0279720279720279,0.0364806866952789,8,2,0
Jalalabad,Fazilka,Punjab,Garlic,Garlic,FAQ,2025-08-13,5000.0,5500.0,6000.0,5500.0,5000.0,7500.0,-0.1666666666666666,-0.0909090909090909,0.0,-0.3333333333333333,5400.0,5340.909090909091,418.33001326703777,585.2627337636173,-0.074074074074074,-0.0638297872340425,8,2,0
Khanna,Ludhiana,Punjab,Green Chilli,Other,FAQ,2025-08-13,2000.0,2000.0,1200.0,1500.0,2500.0,2500.0,0.6666666666666667,0.3333333333333332,-0.1999999999999999,-0.1999999999999999,1700.0,2052.1739130434785,346.41016151377545,503.50549804472354,0.1764705882352941,-0.0254237288135594,8,2,0
Gulavati,Bulandshahar,Uttar Pradesh,Green Chilli,Green Chilly,FAQ,2025-08-13,2200.0,2100.0,2100.0,1500.0,1600.0,1500.0,0.0476190476190476,0.4666666666666665,0.375,0.4666666666666665,2157.1428571428573,1690.0,53.45224838248105,266.9753959992662,0.019867549668874,0.301775147928994,8,2,0
Samsabad,Agra,Uttar Pradesh,Green Chilli,Green Chilly,FAQ,2025-08-13,2500.0,2200.0,2500.0,1500.0,1900.0,1200.0,0.0,0.6666666666666667,0.3157894736842106,1.0833333333333337,2100.0,1819.047619047619,578.7918451395112,381.60063891331214,0.1904761904761904,0.37434554973822,8,2,0
Etawah,Etawah,Uttar Pradesh,Banana,Banana - Ripe,Medium,2025-08-13,2800.0,2800.0,2750.0,2800.0,2800.0,2850.0,0.018181818181818,0.0,0.0,-0.0175438596491228,2783.333333333333,2752.0,51.639777949432336,66.89544080129953,0.0059880239520957,0.0174418604651163,8,2,0
Faizabad,Ayodhya,Uttar Pradesh,Brinjal,Round/Long,FAQ,2025-08-13,1550.0,1540.0,1510.0,1550.0,1800.0,1560.0,0.0264900662251654,0.0,-0.1388888888888888,-0.0064102564102563,1523.3333333333333,1685.0,18.61898672502466,151.80909063689373,0.0175054704595185,-0.0801186943620178,8,2,0
Kairana,Shamli,Uttar Pradesh,Brinjal,Round/Long,FAQ,2025-08-13,850.0,850.0,950.0,850.0,1250.0,1150.0,-0.1052631578947368,0.0,-0.3199999999999999,-0.2608695652173913,878.5714285714286,1070.0,48.79500364742663,182.70005567822824,-0.0325203252032519,-0.205607476635514,8,2,0
Kharar,Mohali,Punjab,Brinjal,Brinjal,FAQ,2025-08-13,1500.0,1500.0,1500.0,1500.0,1800.0,2000.0,0.0,0.0,-0.1666666666666666,-0.25,1500.0,1841.6666666666667,0.0,434.3077116582169,0.0,-0.1855203619909502,8,2,0
Lehra Gaga,Sangrur,Punjab,Brinjal,Other,FAQ,2025-08-13,3000.0,3000.0,2500.0,3000.0,3500.0,1000.0,0.1999999999999999,0.0,-0.1428571428571429,2.0,3100.0,2940.0,547.7225575051662,520.713795806157,-0.032258064516129,0.0204081632653061,8,2,1
Akbarpur,Ambedkarnagar,Uttar Pradesh,Green Chilli,Green Chilly,FAQ,2025-08-13,4880.0,4840.0,4750.0,4650.0,3900.0,2150.0,0.0273684210526314,0.0494623655913979,0.2512820512820513,1.269767441860465,4843.333333333333,4123.181818181818,48.44240566555925,824.259473499502,0.007570543702684,0.1835519788336457,8,2,0
Amroha,Amroha,Uttar Pradesh,Brinjal,Round/Long,FAQ,2025-08-13,1580.0,1600.0,1550.0,1560.0,1650.0,1650.0,0.0193548387096773,0.0128205128205127,-0.0424242424242424,-0.0424242424242424,1561.428571428571,1653.8461538461538,29.113897843109022,120.36866446302862,0.0118938700823423,-0.0446511627906976,8,2,0
Gurdaspur,Gurdaspur,Punjab,Banana,Other,Medium,2025-08-13,2200.0,2200.0,2200.0,2200.0,2100.0,2300.0,0.0,0.0,0.0476190476190476,-0.0434782608695651,2266.6666666666665,2213.043478260869,103.27955589886449,114.03487435504148,-0.0294117647058822,-0.0058939096267189,8,2,0
Sambhal,Sambhal,Uttar Pradesh,Brinjal,Round/Long,FAQ,2025-08-13,750.0,900.0,800.0,850.0,800.0,750.0,-0.0625,-0.1176470588235294,-0.0625,0.0,807.1428571428571,790.0,60.74928962939505,69.97536512329356,-0.0707964601769911,-0.0506329113924051,8,2,0
Balrampur,Balrampur,Uttar Pradesh,Brinjal,Round/Long,FAQ,2025-08-13,1585.0,1580.0,1700.0,1460.0,1800.0,1880.0,-0.0676470588235294,0.0856164383561643,-0.1194444444444444,-0.1569148936170212,1658.3333333333333,1750.0,59.048003070951474,148.86906999104875,-0.0442211055276381,-0.0942857142857143,8,2,0
Badayoun,Badaun,Uttar Pradesh,Cabbage,Cabbage,FAQ,2025-08-13,1665.0,1665.0,1670.0,1510.0,1400.0,1320.0,-0.0029940119760478,0.1026490066225165,0.1892857142857142,0.2613636363636364,1667.857142857143,1474.3103448275865,4.8795003647833495,119.34137812183003,-0.001713062098501,0.1293415974739795,8,2,0
Jalalabad,Fazilka,Punjab,Cabbage,Other,FAQ,2025-08-13,2000.0,2000.0,2000.0,1600.0,1500.0,850.0,0.0,0.25,0.3333333333333332,1.3529411764705883,1960.0,1650.0,89.44271909999159,334.5216912320736,0.0204081632653061,0.2121212121212121,8,2,0
Lehra Gaga,Sangrur,Punjab,Banana,Other,Medium,2025-08-13,3600.0,3700.0,3500.0,3500.0,3600.0,3200.0,0.0285714285714284,0.0285714285714284,0.0,0.125,3580.0,3500.0,83.66600265340756,153.74122295716438,0.0055865921787709,0.0285714285714284,8,2,0
Manjeri,Malappuram,Kerala,Green Chilli,Other,FAQ,2025-08-13,5550.0,5950.0,5950.0,7250.0,7500.0,3550.0,-0.0672268907563025,-0.2344827586206896,-0.26,0.5633802816901408,5850.0,6835.714285714285,200.0,794.0627898886413,-0.0512820512820513,-0.1880877742946708,8,2,0
Chavakkad,Thirssur,Kerala,Garlic,Other,FAQ,2025-08-13,12000.0,12000.0,14000.0,14000.0,10000.0,14000.0,-0.1428571428571429,-0.1428571428571429,0.1999999999999999,-0.1428571428571429,11333.333333333334,12773.333333333334,1154.7005383792518,1471.3777152564005,0.0588235294117647,-0.0605427974947808,8,2,0
Samsabad,Agra,Uttar Pradesh,Garlic,Average,FAQ,2025-08-13,4500.0,4500.0,4500.0,4200.0,4200.0,4500.0,0.0,0.0714285714285714,0.0714285714285714,0.0,4380.0,4328.571428571428,268.32815729997475,292.7700218846233,0.0273972602739727,0.0396039603960396,8,2,0
Firozabad,Firozabad,Uttar Pradesh,Garlic,Garlic,FAQ,2025-08-13,5620.0,5730.0,5725.0,5540.0,5900.0,6120.0,-0.0183406113537117,0.0144404332129963,-0.0474576271186441,-0.0816993464052288,5670.833333333333,5851.458333333333,72.27839695694406,236.94834864911417,-0.0089639970609844,-0.0395556663224978,8,2,0
Timarni(F&V),Harda,Madhya Pradesh,Green Chilli,Green Chilly,FAQ,2025-08-13,5000.0,5500.0,4500.0,3500.0,5500.0,6000.0,0.1111111111111111,0.4285714285714286,-0.0909090909090909,-0.1666666666666666,4800.0,5459.615384615385,570.0877125495484,1526.828034244138,0.0416666666666667,-0.0841845720324058,8,2,1
Akbarpur,Ambedkarnagar,Uttar Pradesh,Garlic,Desi,FAQ,2025-08-13,6400.0,6450.0,6450.0,6650.0,6460.0,6500.0,-0.0077519379844961,-0.037593984962406,-0.0092879256965944,-0.0153846153846153,6450.0,6487.272727272727,67.52777206453601,71.59288459949371,-0.0077519379844961,-0.0134529147982062,8,2,0
Lalru,Mohali,Punjab,Green Chilli,Other,FAQ,2025-08-13,4000.0,4500.0,4500.0,4000.0,4000.0,3000.0,-0.1111111111111111,0.0,0.0,0.3333333333333332,4416.666666666667,5014.285714285715,376.386326354539,1484.6837085001357,-0.0943396226415095,-0.2022792022792023,8,2,0
Badayoun,Badaun,Uttar Pradesh,Brinjal,Brinjal,FAQ,2025-08-13,1725.0,1720.0,1715.0,1710.0,1715.0,1625.0,0.0058309037900874,0.0087719298245614,0.0058309037900874,0.0615384615384615,1717.857142857143,1710.0,4.879500364814692,7.319250547300983,0.004158004158004,0.0087719298245614,8,2,0
Orai,Jalaun (Orai),Uttar Pradesh,Banana,Banana - Ripe,Medium,2025-08-13,2050.0,2060.0,2250.0,2500.0,2575.0,2600.0,-0.0888888888888889,-0.18,-0.2038834951456311,-0.2115384615384615,2226.6666666666665,2597.083333333333,138.0821011813882,922.145320843534,-0.0793413173652693,-0.2106529760949783,8,2,0
Bharthna,Etawah,Uttar Pradesh,Banana,Banana - Ripe,Medium,2025-08-13,2800.0,2800.0,2800.0,2840.0,2850.0,2800.0,0.0,-0.0140845070422535,-0.0175438596491228,0.0,2816.6666666666665,2809.230769230769,25.81988897471588,52.68191924545106,-0.0059171597633135,-0.0032858707557502,8,2,0
Golagokarnath,Lakhimpur,Uttar Pradesh,Banana,Banana - Ripe,Medium,2025-08-13,2650.0,2640.0,2640.0,2660.0,2640.0,2710.0,0.0037878787878788,-0.0037593984962406,0.0037878787878788,-0.022140221402214,2638.0,2648.260869565217,16.43167672515501,13.36623082554792,0.0045489006823351,0.0006567066163192,8,2,0
Taliparamba,Kannur,Kerala,Green Chilli,Green Chilly,FAQ,2025-08-13,7000.0,7000.0,7000.0,7000.0,8000.0,5000.0,0.0,0.0,-0.125,0.3999999999999999,7000.0,7461.538461538462,0.0,508.3911274418083,0.0,-0.0618556701030927,8,2,0
Balrampur,Balrampur,Uttar Pradesh,Garlic,Garlic,FAQ,2025-08-13,6350.0,6350.0,6250.0,6380.0,6450.0,6500.0,0.016,-0.0047021943573667,-0.0155038759689922,-0.0230769230769231,6293.333333333333,6310.576923076923,68.31300510639893,529.0299177233451,0.0090042372881355,0.0062471430748134,8,2,0
Kalpetta,Wayanad,Kerala,Green Chilli,Green Chilly,FAQ,2025-08-13,3500.0,3500.0,3600.0,3500.0,3600.0,3500.0,-0.0277777777777777,0.0,-0.0277777777777777,0.0,3540.0,3578.260869565217,54.77225575051661,42.17411678367035,-0.0112994350282485,-0.0218712029161604,8,2,0
Raibareilly,Raebarelli,Uttar Pradesh,Green Chilli,Green Chilly,FAQ,2025-08-13,4560.0,4600.0,4700.0,4700.0,4500.0,3500.0,-0.0297872340425532,-0.0297872340425532,0.0133333333333334,0.3028571428571429,4644.285714285715,4501.071428571428,65.02746672423386,246.52908003233327,-0.0181482620732083,0.0130921209235896,8,2,0
Ghaziabad,Ghaziabad,Uttar Pradesh,Brinjal,Round/Long,FAQ,2025-08-13,1700.0,1965.0,1960.0,1990.0,2010.0,1725.0,-0.1326530612244898,-0.1457286432160803,-0.154228855721393,-0.0144927536231883,1883.571428571429,1956.379310344828,108.54009572941676,88.54878146821589,-0.0974592339780053,-0.1310478540583414,8,2,0
Manjeswaram,Kasargod,Kerala,Green Chilli,Green Chilly,FAQ,2025-08-13,6500.0,7250.0,7250.0,7250.0,5500.0,5500.0,-0.1034482758620689,-0.1034482758620689,0.1818181818181818,0.1818181818181818,6708.333333333333,6147.826086956522,620.8193510729724,722.4450688255491,-0.0310559006211179,0.0572842998585572,8,2,0
Palakkad,Palakad,Kerala,Green Chilli,Green Chilly,FAQ,2025-08-13,6600.0,7600.0,6600.0,8600.0,8600.0,5600.0,0.0,-0.2325581395348837,-0.2325581395348837,0.1785714285714286,6850.0,7633.333333333333,758.2875444051548,1046.180077053256,-0.0364963503649634,-0.1353711790393013,8,2,0
Tulsipur,Balrampur,Uttar Pradesh,Brinjal,Round/Long,FAQ,2025-08-13,1720.0,1700.0,1700.0,1800.0,1800.0,1875.0,0.0117647058823529,-0.0444444444444444,-0.0444444444444444,-0.0826666666666666,1722.857142857143,1779.2592592592594,43.861253103521726,89.35348669215313,-0.0016583747927031,-0.0333055786844297,8,2,0
Padra,Vadodara(Baroda),Gujarat,Brinjal,Other,FAQ,2025-08-13,1050.0,1050.0,2750.0,2500.0,1125.0,5500.0,-0.6181818181818182,-0.5800000000000001,-0.0666666666666666,-0.8090909090909091,1820.0,1967.7083333333333,868.6195945291586,1012.4356975465956,-0.4230769230769231,-0.4663843303335098,8,2,0
Bilimora,Navsari,Gujarat,Green Chilli,Other,FAQ,2025-08-13,6000.0,6000.0,5500.0,4500.0,5200.0,8500.0,0.0909090909090908,0.3333333333333332,0.1538461538461537,-0.2941176470588235,5157.142857142857,5728.571428571428,953.6895771286452,1439.6134107762316,0.1634349030470914,0.0473815461346633,8,2,1
Banda,Banda,Uttar Pradesh,Banana,Banana - Ripe,Medium,2025-08-13,2000.0,1970.0,2000.0,2140.0,2050.0,2425.0,0.0,-0.0654205607476635,-0.024390243902439,-0.1752577319587629,1980.0,2054.5238095238096,24.49489742783669,69.11773943616706,0.0101010101010101,-0.0265384169660447,8,2,0
Lalbagh,Murshidabad,West Bengal,Brinjal,Other,FAQ,2025-08-13,4200.0,4050.0,4100.0,3500.0,3000.0,4000.0,0.024390243902439,0.1999999999999999,0.3999999999999999,0.05,4071.428571428572,3930.0,69.86381310061041,472.9948603642904,0.0315789473684209,0.0687022900763358,8,2,0
Faizabad,Ayodhya,Uttar Pradesh,Green Chilli,Green Chilly,FAQ,2025-08-13,4900.0,5000.0,5250.0,5000.0,4400.0,2340.0,-0.0666666666666666,-0.02,0.1136363636363635,1.094017094017094,5118.333333333333,4408.461538461538,145.65942010959395,789.5350140820416,-0.0426571149462715,0.111498865817484,8,2,0
Jodhpur(F&V)(Paota),Jodhpur,Rajasthan,Brinjal,Other,FAQ,2025-08-13,2000.0,1500.0,1500.0,1500.0,1000.0,2000.0,0.3333333333333332,0.3333333333333332,1.0,0.0,1750.0,1665.3846153846157,273.8612787525829,339.3432571215286,0.1428571428571428,0.2009237875288683,8,2,1
Indus(Bankura Sadar),Bankura,West Bengal,Green Chilli,Green Chilly,FAQ,2025-08-13,8000.0,8000.0,8000.0,8200.0,8800.0,5000.0,0.0,-0.024390243902439,-0.0909090909090909,0.6000000000000001,8000.0,8400.0,0.0,388.8444419044265,0.0,-0.0476190476190476,8,2,0
Lakhimpur,Lakhimpur,Uttar Pradesh,Green Chilli,Green Chilly,FAQ,2025-08-13,4630.0,4600.0,4460.0,4400.0,4290.0,2580.0,0.0381165919282511,0.0522727272727272,0.0792540792540792,0.7945736434108528,4541.0,4230.4,73.68853370776442,370.4021463220707,0.0195992072230786,0.0944591527987899,8,2,0
Quilandy,Kozhikode(Calicut),Kerala,Brinjal,Other,FAQ,2025-08-13,3800.0,3800.0,3800.0,3800.0,3000.0,3200.0,0.0,0.0,0.2666666666666666,0.1875,3800.0,3428.0,0.0,334.813380855655,0.0,0.1085180863477246,8,2,0
Suratgarh,Ganganagar,Rajasthan,Garlic,Average,FAQ,2025-08-13,6950.0,6950.0,6950.0,6950.0,6300.0,7000.0,0.0,0.0,0.1031746031746032,-0.0071428571428571,6950.0,6682.35294117647,0.0,329.74477652733,0.0,0.0400528169014084,8,2,0
Palakkad,Palakad,Kerala,Cabbage,Cabbage,FAQ,2025-08-13,2100.0,2200.0,2200.0,2100.0,2200.0,2600.0,-0.0454545454545454,0.0,-0.0454545454545454,-0.1923076923076923,2150.0,2308.333333333333,54.77225575051661,233.90199855395983,-0.0232558139534884,-0.0902527075812275,8,2,0
Bethuadahari,Nadia,West Bengal,Green Chilli,Green Chilly,FAQ,2025-08-13,7900.0,7900.0,8200.0,8100.0,8500.0,5800.0,-0.0365853658536585,-0.0246913580246913,-0.0705882352941176,0.3620689655172413,8057.142857142857,8020.689655172414,113.38934190298755,405.6558273293441,-0.0195035460992907,-0.0150472914875322,8,2,0
Kasganj,Kasganj,Uttar Pradesh,Brinjal,Round,FAQ,2025-08-13,1330.0,1310.0,1350.0,1330.0,1610.0,1840.0,-0.0148148148148148,0.0,-0.1739130434782608,-0.2771739130434782,1323.3333333333333,1521.4,17.511900715417003,225.5064670173931,0.005037783375315,-0.1258051794399896,8,2,0
Choubepur,Kanpur,Uttar Pradesh,Garlic,Garlic,FAQ,2025-08-13,6000.0,6050.0,6000.0,6050.0,6250.0,6650.0,0.0,-0.0082644628099173,-0.04,-0.0977443609022556,6008.333333333333,6169.2307692307695,20.412414523215528,158.79352825401597,-0.001386962552011,-0.0274314214463841,8,2,0
Vilaspur,Rampur,Uttar Pradesh,Banana,Banana - Ripe,Medium,2025-08-13,2100.0,2100.0,2100.0,2200.0,2200.0,2200.0,0.0,-0.0454545454545454,-0.0454545454545454,-0.0454545454545454,2150.0,2165.0,54.77225575051661,48.93604849296494,-0.0232558139534884,-0.0300230946882217,8,2,0
Khair,Aligarh,Uttar Pradesh,Garlic,Garlic,FAQ,2025-08-13,3000.0,3000.0,3000.0,3500.0,7800.0,7800.0,0.0,-0.1428571428571429,-0.6153846153846154,-0.6153846153846154,3166.6666666666665,5122.727272727273,258.1988897471394,2038.657779306204,-0.0526315789473683,-0.4143744454303461,8,2,0
"Anand(Veg,Yard,Anand)",Anand,Gujarat,Brinjal,Brinjal,FAQ,2025-08-13,2750.0,1680.0,2250.0,1250.0,750.0,4500.0,0.2222222222222223,1.2000000000000002,2.6666666666666665,-0.3888888888888888,2357.5,1682.5,509.4686774801166,762.3419294459,0.1664899257688228,0.6344725111441307,8,2,1
Jalandhar City(Jalandhar),Jalandhar,Punjab,Brinjal,Other,FAQ,2025-08-13,1400.0,1200.0,1400.0,1100.0,2000.0,400.0,0.0,0.2727272727272727,-0.3,2.5,1333.3333333333333,1617.6470588235295,150.55453054181632,430.45803238766325,0.05,-0.1345454545454546,8,2,0
Firozabad,Firozabad,Uttar Pradesh,Brinjal,Brinjal,FAQ,2025-08-13,1325.0,1345.0,1350.0,1490.0,1580.0,1710.0,-0.0185185185185184,-0.110738255033557,-0.1613924050632911,-0.2251461988304093,1358.3333333333333,1523.5416666666667,22.94921930408312,142.1150725313106,-0.0245398773006134,-0.1303158758375496,8,2,0
Ajuha,Prayagraj,Uttar Pradesh,Brinjal,Brinjal,FAQ,2025-08-13,1710.0,1700.0,1660.0,1680.0,1700.0,1550.0,0.0301204819277107,0.0178571428571427,0.0058823529411764,0.1032258064516129,1687.5,1714.5652173913045,22.173557826073043,24.16388380690254,0.0133333333333334,-0.0026626093571699,8,2,0
Banda,Banda,Uttar Pradesh,Brinjal,Round/Long,FAQ,2025-08-13,1700.0,1675.0,1670.0,1650.0,1650.0,1850.0,0.0179640718562874,0.0303030303030302,0.0303030303030302,-0.081081081081081,1681.25,1736.428571428571,13.149778198383483,152.3166344916297,0.0111524163568772,-0.0209790209790209,8,2,0
Puwaha,Shahjahanpur,Uttar Pradesh,Green Chilli,Green Chilly,FAQ,2025-08-13,4400.0,4400.0,4400.0,4400.0,4200.0,3800.0,0.0,0.0,0.0476190476190476,0.1578947368421053,4403.571428571428,4173.833333333333,9.449111825241364,211.31233352281183,-0.0008110300081102,0.0541867987062254,8,2,0
Mukkom,Kozhikode(Calicut),Kerala,Green Chilli,Green Chilly,FAQ,2025-08-13,6900.0,6700.0,6700.0,7400.0,8200.0,5400.0,0.0298507462686568,-0.0675675675675675,-0.1585365853658537,0.2777777777777777,6757.142857142857,7546.153846153846,78.67957924696508,628.7961636210944,0.0211416490486258,-0.0856269113149846,8,2,0
Ghaziabad,Ghaziabad,Uttar Pradesh,Garlic,UP,FAQ,2025-08-13,6420.0,6420.0,6415.0,6425.0,6400.0,6280.0,0.0007794232268121,-0.0007782101167315,0.003125,0.0222929936305733,6415.714285714285,6380.344827586207,7.319250550901687,45.17685553776316,0.0006680026720107,0.0062152083445927,8,2,0
Banda,Banda,Uttar Pradesh,Cabbage,Cabbage,FAQ,2025-08-13,1650.0,1625.0,1620.0,1810.0,1850.0,800.0,0.0185185185185186,-0.0883977900552486,-0.1081081081081081,1.0625,1631.25,1725.7142857142858,13.149778198382837,103.67359493002172,0.0114942528735633,-0.0438741721854305,8,2,0
Choubepur,Kanpur,Uttar Pradesh,Green Chilli,Green Chilly,FAQ,2025-08-13,4900.0,5000.0,5150.0,5300.0,5500.0,2700.0,-0.0485436893203883,-0.0754716981132075,-0.1090909090909091,0.8148148148148149,5100.0,5004.2307692307695,130.384048104053,407.4130393291367,-0.0392156862745097,-0.0208285297056337,8,2,0
Gulavati,Bulandshahar,Uttar Pradesh,Brinjal,Other,FAQ,2025-08-13,800.0,700.0,700.0,700.0,800.0,700.0,0.1428571428571428,0.1428571428571428,0.0,0.1428571428571428,742.8571428571429,746.6666666666666,53.45224838248493,50.74162634049248,0.0769230769230768,0.0714285714285714,8,2,0
Surat,Surat,Gujarat,Green Chilli,Other,FAQ,2025-08-13,4000.0,3000.0,4250.0,4250.0,3750.0,5750.0,-0.0588235294117647,-0.0588235294117647,0.0666666666666666,-0.3043478260869565,3791.6666666666665,4516.666666666667,485.197554266988,881.6568723600554,0.0549450549450549,-0.1143911439114391,8,2,0
Palakkad,Palakad,Kerala,Garlic,Garlic,FAQ,2025-08-13,9600.0,9600.0,9600.0,9600.0,11300.0,14100.0,0.0,0.0,-0.1504424778761062,-0.3191489361702128,9600.0,10587.5,0.0,762.8963688240743,0.0,-0.0932703659976387,8,2,0
Lakhimpur,Lakhimpur,Uttar Pradesh,Garlic,Desi,FAQ,2025-08-13,6250.0,6260.0,6260.0,6320.0,6350.0,6220.0,-0.0015974440894568,-0.0110759493670885,-0.0157480314960629,0.0048231511254019,6258.0,6287.6,14.832396974499964,76.77239087113611,-0.001278363694471,-0.0059800241745658,8,2,0
Khair,Aligarh,Uttar Pradesh,Brinjal,Round/Long,FAQ,2025-08-13,1400.0,900.0,1000.0,1200.0,1400.0,1400.0,0.3999999999999999,0.1666666666666667,0.0,0.0,1200.0,1350.0,228.0350850198269,271.869533928059,0.1666666666666667,0.0370370370370369,8,2,1
Palakkad,Palakad,Kerala,Brinjal,Brinjal,FAQ,2025-08-13,3100.0,3700.0,4100.0,4600.0,4100.0,4600.0,-0.2439024390243902,-0.3260869565217391,-0.2439024390243902,-0.3260869565217391,3883.3333333333335,3837.5,507.6087732365024,520.7123047785841,-0.2017167381974249,-0.1921824104234527,8,2,0
Manjhanpur,Kaushambi,Uttar Pradesh,Green Chilli,Green Chilly,FAQ,2025-08-13,4700.0,4670.0,4500.0,4520.0,4500.0,2350.0,0.0444444444444445,0.0398230088495574,0.0444444444444445,1.0,4590.0,4427.608695652174,89.99999999999963,282.9466283001212,0.0239651416122004,0.0615210880345657,8,2,0
Doharighat,Mau(Maunathbhanjan),Uttar Pradesh,Green Chilli,Green Chilly,FAQ,2025-08-13,4960.0,4965.0,5960.0,4950.0,4965.0,4965.0,-0.1677852348993288,0.002020202020202,-0.0010070493454179,-0.0010070493454179,5162.0,4958.958333333333,446.1025666816993,256.69716198473674,-0.0391321193335916,0.0002100575557704,8,2,0
Padra,Vadodara(Baroda),Gujarat,Cabbage,Other,FAQ,2025-08-13,950.0,1125.0,1250.0,1400.0,1500.0,1400.0,-0.24,-0.3214285714285714,-0.3666666666666667,-0.3214285714285714,1225.0,1495.8333333333333,219.374109684803,258.4092922455402,-0.2244897959183673,-0.3649025069637882,8,2,0
Chavakkad,Thirssur,Kerala,Brinjal,Other,FAQ,2025-08-13,4400.0,4400.0,4000.0,4000.0,3600.0,4900.0,0.1,0.1,0.2222222222222223,-0.1020408163265306,4133.333333333333,4004.7619047619046,206.55911179772897,253.92162270312843,0.0645161290322582,0.098692033293698,8,2,0
Akbarpur,Ambedkarnagar,Uttar Pradesh,Banana,Banana - Ripe,Medium,2025-08-13,2850.0,2850.0,2850.0,2850.0,2820.0,2840.0,0.0,0.0,0.0106382978723404,0.0035211267605634,2848.333333333333,2843.6363636363635,9.831920802514247,13.988244910243916,0.0005851375073142,0.0022378516624042,8,2,0
Darjeeling,Darjeeling,West Bengal,Cabbage,Other,FAQ,2025-08-13,2500.0,2500.0,2500.0,2500.0,2500.0,3200.0,0.0,0.0,0.0,-0.21875,2500.0,2468.9655172413795,0.0,139.13880088361208,0.0,0.0125698324022345,8,2,0
Azamgarh,Azamgarh,Uttar Pradesh,Brinjal,Brinjal,FAQ,2025-08-13,1760.0,1740.0,1750.0,1725.0,1860.0,1675.0,0.0057142857142857,0.0202898550724637,-0.053763440860215,0.0507462686567163,1750.0,1824.7916666666667,19.039432764660532,92.62452448585904,0.0057142857142857,-0.0355063363397648,8,2,0
Faizabad,Ayodhya,Uttar Pradesh,Garlic,Desi,FAQ,2025-08-13,6280.0,6300.0,6350.0,6400.0,6500.0,6870.0,-0.011023622047244,-0.01875,-0.0338461538461538,-0.0858806404657933,6330.0,6492.307692307692,44.72135955012725,159.10519016820027,-0.0078988941548183,-0.0327014218009479,8,2,0
Jodhpur(F&V)(Paota),Jodhpur,Rajasthan,Cabbage,Other,FAQ,2025-08-13,2000.0,1800.0,1200.0,1800.0,2000.0,1800.0,0.6666666666666667,0.1111111111111111,0.0,0.1111111111111111,1583.3333333333333,1723.076923076923,278.68739954771377,245.4509194241345,0.2631578947368422,0.1607142857142858,8,2,0
Kasganj,Kasganj,Uttar Pradesh,Green Chilli,Green Chilly,FAQ,2025-08-13,4100.0,4075.0,4160.0,4200.0,4460.0,3050.0,-0.0144230769230768,-0.0238095238095238,-0.0807174887892376,0.3442622950819671,4127.5,4168.2,60.97130472607544,140.7485938354809,-0.0066626287098727,-0.0163619787918045,8,2,0
Hapur,Ghaziabad,Uttar Pradesh,Brinjal,Round/Long,FAQ,2025-08-13,1680.0,1700.0,1700.0,1750.0,2025.0,1530.0,-0.0117647058823529,-0.04,-0.1703703703703704,0.0980392156862746,1693.3333333333333,1890.6818181818185,30.110906108363224,148.486775541869,-0.0078740157480314,-0.1114316624594302,8,2,0
Jalalabad,Fazilka,Punjab,Green Chilli,Other,FAQ,2025-08-13,2550.0,2500.0,2500.0,4500.0,4500.0,1350.0,0.02,-0.4333333333333333,-0.4333333333333333,0.8888888888888888,2610.0,3434.090909090909,477.4934554525331,1280.567802228329,-0.0229885057471264,-0.2574454003970879,8,2,0
Raibareilly,Raebarelli,Uttar Pradesh,Banana,Banana - Ripe,Medium,2025-08-13,2300.0,2300.0,2375.0,2360.0,2600.0,2750.0,-0.031578947368421,-0.0254237288135593,-0.1153846153846154,-0.1636363636363637,2353.5714285714284,2562.1153846153848,41.90408549235473,166.90819678448014,-0.022761760242792,-0.1023042858215117,8,2,0
Amroha,Amroha,Uttar Pradesh,Green Chilli,Green Chilly,FAQ,2025-08-13,4600.0,4550.0,4600.0,4850.0,4980.0,2550.0,0.0,-0.0515463917525773,-0.076305220883534,0.803921568627451,4585.714285714285,4505.0,62.67831705281462,501.8864413390893,0.0031152647975078,0.0210876803551609,8,2,0
Bilimora,Navsari,Gujarat,Cabbage,Other,FAQ,2025-08-13,1500.0,1500.0,1000.0,1000.0,1500.0,1400.0,0.5,0.5,0.0,0.0714285714285714,1271.428571428571,1410.7142857142858,292.7700218845606,442.5007099507065,0.1797752808988764,0.0632911392405062,8,2,0
Tulsipur,Balrampur,Uttar Pradesh,Green Chilli,Green Chilly,FAQ,2025-08-13,5050.0,5040.0,5040.0,5920.0,5800.0,3250.0,0.0019841269841269,-0.1469594594594594,-0.1293103448275862,0.5538461538461539,5168.571428571428,4876.111111111111,300.8559218534396,1122.821252071128,-0.0229408512990602,0.035661387717899,8,2,0
Padra,Vadodara(Baroda),Gujarat,Green Chilli,Green Chilly,FAQ,2025-08-13,3150.0,3400.0,2000.0,4250.0,4750.0,3250.0,0.575,-0.2588235294117647,-0.3368421052631579,-0.0307692307692307,3010.0,4539.583333333333,1052.6157893552636,1187.8899054778765,0.0465116279069768,-0.3061037173015144,8,2,0
Lalbagh,Murshidabad,West Bengal,Green Chilli,Green Chilly,FAQ,2025-08-13,8000.0,6500.0,6500.0,6000.0,7500.0,10000.0,0.2307692307692308,0.3333333333333332,0.0666666666666666,-0.1999999999999999,6500.0,7665.0,707.1067811865443,1817.214142961508,0.2307692307692308,0.0437051532941943,8,2,0
Manjhanpur,Kaushambi,Uttar Pradesh,Brinjal,Brinjal,FAQ,2025-08-13,1675.0,1690.0,1675.0,1700.0,1725.0,1460.0,0.0,-0.0147058823529411,-0.0289855072463768,0.1472602739726027,1672.0,1701.0869565217392,14.404860290833764,51.82918890096852,0.0017942583732057,-0.0153354632587859,8,2,0
Pala,Kottayam,Kerala,Cabbage,Cabbage,FAQ,2025-08-13,3600.0,3600.0,3600.0,3000.0,3600.0,3000.0,0.0,0.1999999999999999,0.0,0.1999999999999999,3480.0,3325.0,268.32815729997475,305.3864266224314,0.0344827586206897,0.0827067669172931,8,2,0
Bhagta Bhai Ka,Bhatinda,Punjab,Banana,Other,Medium,2025-08-13,2600.0,2700.0,2800.0,3000.0,3100.0,2400.0,-0.0714285714285714,-0.1333333333333333,-0.1612903225806451,0.0833333333333332,2857.1428571428573,3016.0,171.82493859684442,162.48076809271424,-0.09,-0.1379310344827586,8,2,0
Kasganj,Kasganj,Uttar Pradesh,Garlic,Desi,FAQ,2025-08-13,5900.0,5950.0,5960.0,5970.0,6010.0,5500.0,-0.0100671140939597,-0.0117252931323282,-0.0183028286189683,0.0727272727272727,5928.333333333333,5959.6,31.25166662222445,84.5813218151596,-0.00477930840596,-0.0100006711859856,8,2,0
Ajuha,Prayagraj,Uttar Pradesh,Green Chilli,Green Chilly,FAQ,2025-08-13,4700.0,4650.0,4500.0,4550.0,4530.0,2300.0,0.0444444444444445,0.032967032967033,0.0375275938189845,1.0434782608695654,4592.5,4454.782608695652,97.76672917373948,287.96889928696737,0.0234077299945563,0.0550458715596331,8,2,0
Gulavati,Bulandshahar,Uttar Pradesh,Garlic,Desi,FAQ,2025-08-13,5200.0,5100.0,5100.0,5100.0,5200.0,5100.0,0.0196078431372548,0.0196078431372548,0.0,0.0196078431372548,5157.142857142857,5150.0,53.45224838200885,50.85476277262421,0.0083102493074793,0.0097087378640776,8,2,0
Quilandy,Kozhikode(Calicut),Kerala,Green Chilli,Other,FAQ,2025-08-13,6400.0,6200.0,6200.0,6700.0,7200.0,4200.0,0.032258064516129,-0.044776119402985,-0.1111111111111111,0.5238095238095237,6333.333333333333,6940.0,242.21202832779932,660.1767440112743,0.0105263157894737,-0.0778097982708934,8,2,0
Kalyani,Nadia,West Bengal,Brinjal,Brinjal,FAQ,2025-08-13,5500.0,5500.0,5500.0,5500.0,5500.0,5500.0,0.0,0.0,0.0,0.0,5500.0,5517.241379310345,0.0,60.17216678147491,0.0,-0.003125,8,2,0
Kasganj,Kasganj,Uttar Pradesh,Cabbage,Cabbage,FAQ,2025-08-13,1500.0,1450.0,1550.0,1350.0,1375.0,1340.0,-0.032258064516129,0.1111111111111111,0.0909090909090908,0.1194029850746267,1528.3333333333333,1408.0,48.75106836436158,83.75310939501463,-0.0185387131952017,0.0653409090909091,8,2,0
Pala,Kottayam,Kerala,Green Chilli,Green Chilly,FAQ,2025-08-13,9500.0,9500.0,9500.0,9500.0,8200.0,8000.0,0.0,0.0,0.1585365853658535,0.1875,9500.0,8862.5,0.0,797.72093845666,0.0,0.071932299012694,8,2,0
Quilandy,Kozhikode(Calicut),Kerala,Cabbage,Other,FAQ,2025-08-13,2000.0,2200.0,2200.0,2400.0,2400.0,2200.0,-0.0909090909090909,-0.1666666666666666,-0.1666666666666666,-0.0909090909090909,2200.0,2388.0,126.49110640673533,148.0990659434853,-0.0909090909090909,-0.1624790619765493,8,2,0
Choubepur,Kanpur,Uttar Pradesh,Brinjal,Brinjal,FAQ,2025-08-13,1600.0,1550.0,1650.0,1500.0,1600.0,1800.0,-0.0303030303030302,0.0666666666666666,0.0,-0.1111111111111111,1616.6666666666667,1607.6923076923076,40.82482904638601,95.59530081788743,-0.0103092783505155,-0.0047846889952152,8,2,0
Lalganj,Raebarelli,Uttar Pradesh,Green Chilli,Green Chilly,FAQ,2025-08-13,5000.0,5000.0,5000.0,5000.0,3100.0,2650.0,0.0,0.0,0.6129032258064515,0.8867924528301887,5000.0,4500.0,0.0,859.5864638818421,0.0,0.1111111111111111,8,2,0
Zira,Ferozpur,Punjab,Green Chilli,Green Chilly,FAQ,2025-08-13,4500.0,4500.0,2800.0,3300.0,3800.0,2500.0,0.6071428571428572,0.3636363636363635,0.1842105263157893,0.8,3816.6666666666665,3634.6153846153848,770.4976746666188,532.1220218651397,0.1790393013100437,0.2380952380952381,8,2,0
